{"type": "FeatureCollection", "features": [{"type": "Feature", "geometry": {"type": "Polygon", "coordinates": [[[-123.8605, 46.9516], [-123.8608, 46.9085], [-123.8927, 46.9086], [-123.8928, 46.8945], [-123.8917, 46.8803], [-123.873, 46.8797], [-123.8527, 46.8797], [-123.8528, 46.8506], [-123.8498, 46.8501], [-123.819, 46.8506], [-123.791, 46.8505], [-123.7906, 46.8574], [-123.7857, 46.8566], [-123.7769, 46.8621], [-123.7762, 46.8721], [-123.777, 46.908], [-123.779, 46.9081], [-123.7784, 46.9223], [-123.8212, 46.9226], [-123.8206, 46.9517], [-123.7995, 46.9515], [-123.7995, 46.955], [-123.7908, 46.955], [-123.7942, 46.948], [-123.7891, 46.9481], [-123.789, 46.9552], [-123.7812, 46.9558], [-123.7834, 46.9625], [-123.7572, 46.9624], [-123.752, 46.9607], [-123.7443, 46.9614], [-123.7412, 46.9569], [-123.7431, 46.9521], [-123.7411, 46.9494], [-123.7341, 46.9455], [-123.7309, 46.947], [-123.7319, 46.951], [-123.7282, 46.9524], [-123.722, 46.9489], [-123.7182, 46.9488], [-123.7093, 46.9549], [-123.6998, 46.956], [-123.6863, 46.9589], [-123.6763, 46.9573], [-123.6759, 46.9805], [-123.6764, 46.9949], [-123.7189, 46.9944], [-123.7359, 46.9946], [-123.7363, 47.0092], [-123.7356, 47.0376], [-123.7353, 47.0658], [-123.7782, 47.066], [-123.7985, 47.0664], [-123.8184, 47.0659], [-123.8194, 47.0517], [-123.8403, 47.0514], [-123.8418, 47.0232], [-123.8414, 46.995], [-123.8601, 46.9955], [-123.8604, 46.9806], [-123.8522, 46.9806], [-123.8523, 46.9516], [-123.8605, 46.9516]]]}, "properties": {"district": "Aberdeen School District (WA)", "county": "Grays Harbor"}}, {"type": "Feature", "geometry": {"type": "Polygon", "coordinates": [[[-123.0139, 46.6845], [-123.0139, 46.6917], [-123.0719, 46.6918], [-123.0719, 46.7208], [-123.1193, 46.7206], [-123.1406, 46.7222], [-123.1614, 46.7215], [-123.182, 46.7216], [-123.2244, 46.7207], [-123.2246, 46.7062], [-123.245, 46.7061], [-123.2662, 46.7074], [-123.2662, 46.7062], [-123.264, 46.6637], [-123.243, 46.6625], [-123.2232, 46.6631], [-123.2031, 46.6631], [-123.1821, 46.6641], [-123.1613, 46.6637], [-123.1591, 46.6492], [-123.1598, 46.6349], [-123.1286, 46.6342], [-123.1284, 46.6271], [-123.1174, 46.6269], [-123.1174, 46.5983], [-123.0966, 46.5983], [-123.0967, 46.5913], [-123.0759, 46.5909], [-123.0757, 46.5766], [-123.0548, 46.5766], [-123.0545, 46.5622], [-123.0224, 46.562], [-122.9813, 46.5619], [-122.981, 46.5538], [-122.9702, 46.5541], [-122.9704, 46.562], [-122.9712, 46.5654], [-122.9607, 46.5655], [-122.9608, 46.598], [-122.9608, 46.6016], [-122.9712, 46.6015], [-122.9712, 46.6051], [-123.0028, 46.6051], [-123.0028, 46.6088], [-123.0131, 46.6089], [-123.0133, 46.6198], [-123.0186, 46.6198], [-123.0187, 46.6306], [-123.0289, 46.6307], [-123.0294, 46.6451], [-123.0348, 46.6483], [-123.0348, 46.6519], [-123.0401, 46.6519], [-123.0401, 46.6555], [-123.0453, 46.6555], [-123.0454, 46.6628], [-123.0349, 46.6627], [-123.0351, 46.6699], [-123.0138, 46.6701], [-123.0139, 46.6845]]]}, "properties": {"district": "Adna School District (WA)", "county": "Lewis"}}, {"type": "Feature", "geometry": {"type": "Polygon", "coordinates": [[[-119.0176, 47.9031], [-119.0178, 47.8886], [-119.0388, 47.8886], [-119.0388, 47.8734], [-119.0547, 47.8696], [-119.0564, 47.8663], [-119.0667, 47.8661], [-119.0688, 47.868], [-119.0828, 47.8635], [-119.0833, 47.8155], [-119.0507, 47.8156], [-119.0508, 47.7718], [-119.0511, 47.7573], [-119.0727, 47.7573], [-119.073, 47.7209], [-119.0406, 47.7209], [-119.0405, 47.7134], [-118.9758, 47.7136], [-118.9764, 47.6723], [-118.9778, 47.5972], [-118.9777, 47.5534], [-118.9575, 47.5532], [-118.9573, 47.5459], [-118.9142, 47.5456], [-118.8496, 47.5447], [-118.8496, 47.5954], [-118.829, 47.5953], [-118.8276, 47.6119], [-118.8278, 47.649], [-118.8286, 47.6845], [-118.8298, 47.6994], [-118.83, 47.7429], [-118.8518, 47.7429], [-118.8511, 47.7573], [-118.8512, 47.772], [-118.8507, 47.8565], [-118.8508, 47.8669], [-118.8725, 47.8669], [-118.8722, 47.9253], [-118.8937, 47.9253], [-118.8938, 47.918], [-118.9157, 47.9181], [-118.9156, 47.9108], [-118.9374, 47.9106], [-118.9741, 47.9108], [-118.9742, 47.9036], [-119.0176, 47.9031]]]}, "properties": {"district": "Almira School District (WA)", "county": "Lincoln"}}, {"type": "Feature", "geometry": {"type": "Polygon", "coordinates": [[[-122.7137, 48.6451], [-122.7305, 48.6351], [-122.7423, 48.6265], [-122.7555, 48.6146], [-122.7613, 48.6075], [-122.7644, 48.6006], [-122.7639, 48.5926], [-122.7603, 48.5812], [-122.751, 48.5584], [-122.75, 48.5414], [-122.7486, 48.5335], [-122.7445, 48.526], [-122.741, 48.5188], [-122.7401, 48.5089], [-122.7433, 48.5022], [-122.7434, 48.4965], [-122.7523, 48.4868], [-122.7559, 48.4805], [-122.7522, 48.4653], [-122.7494, 48.4605], [-122.737, 48.4294], [-122.734, 48.4186], [-122.7337, 48.4126], [-122.7352, 48.4059], [-122.6917, 48.4101], [-122.6764, 48.4121], [-122.6674, 48.4126], [-122.6638, 48.4114], [-122.6592, 48.4052], [-122.6392, 48.4063], [-122.6306, 48.4099], [-122.6196, 48.4097], [-122.6099, 48.4135], [-122.603, 48.4146], [-122.597, 48.4172], [-122.591, 48.4176], [-122.5725, 48.4273], [-122.5579, 48.4401], [-122.5494, 48.4505], [-122.5478, 48.4549], [-122.5278, 48.4549], [-122.528, 48.4688], [-122.5148, 48.4688], [-122.5157, 48.4732], [-122.5212, 48.479], [-122.5221, 48.4859], [-122.526, 48.4872], [-122.5299, 48.4998], [-122.5347, 48.5306], [-122.5362, 48.5368], [-122.5422, 48.546], [-122.549, 48.5508], [-122.5613, 48.5574], [-122.5724, 48.5688], [-122.5801, 48.5817], [-122.579, 48.6273], [-122.5871, 48.626], [-122.6014, 48.6259], [-122.6078, 48.6261], [-122.6256, 48.6287], [-122.6399, 48.634], [-122.6609, 48.6453], [-122.7137, 48.6451]]]}, "properties": {"district": "Anacortes School District (WA)", "county": "Skagit"}}, {"type": "Feature", "geometry": {"type": "Polygon", "coordinates": [[[-122.2039, 48.2976], [-122.205, 48.2658], [-122.2049, 48.2463], [-122.2372, 48.246], [-122.2373, 48.2243], [-122.248, 48.2244], [-122.2483, 48.2126], [-122.2543, 48.2133], [-122.2606, 48.2098], [-122.2599, 48.2045], [-122.2661, 48.206], [-122.2771, 48.2037], [-122.2797, 48.2068], [-122.2871, 48.2109], [-122.2937, 48.2117], [-122.3024, 48.2047], [-122.3017, 48.1956], [-122.299, 48.1956], [-122.2991, 48.1884], [-122.3019, 48.1884], [-122.3021, 48.1806], [-122.2912, 48.181], [-122.2696, 48.181], [-122.2701, 48.1665], [-122.2485, 48.1665], [-122.2482, 48.181], [-122.2375, 48.181], [-122.2374, 48.1882], [-122.2268, 48.1883], [-122.2269, 48.181], [-122.197, 48.1815], [-122.1932, 48.1766], [-122.1919, 48.1707], [-122.1883, 48.1678], [-122.18, 48.167], [-122.18, 48.1597], [-122.1722, 48.1596], [-122.1723, 48.1523], [-122.167, 48.1522], [-122.1671, 48.1449], [-122.1618, 48.1448], [-122.162, 48.1374], [-122.1514, 48.1376], [-122.1519, 48.1338], [-122.1411, 48.1336], [-122.1411, 48.1299], [-122.1194, 48.1299], [-122.1195, 48.1227], [-122.141, 48.1227], [-122.1409, 48.1177], [-122.1248, 48.1181], [-122.1246, 48.1069], [-122.1319, 48.1064], [-122.1297, 48.0995], [-122.1193, 48.0996], [-122.1192, 48.0919], [-122.1082, 48.0918], [-122.0978, 48.0937], [-122.0755, 48.0942], [-122.0755, 48.1014], [-122.054, 48.1013], [-122.054, 48.1086], [-122.0757, 48.1084], [-122.0772, 48.1305], [-122.077, 48.1447], [-122.0752, 48.1517], [-122.0669, 48.1523], [-122.0526, 48.152], [-122.049, 48.1484], [-122.0431, 48.1469], [-122.0434, 48.1416], [-122.0348, 48.1393], [-122.0207, 48.133], [-122.0205, 48.138], [-121.9889, 48.1381], [-121.9887, 48.1525], [-121.9584, 48.1532], [-121.9479, 48.1524], [-121.9267, 48.1523], [-121.9257, 48.1669], [-121.9475, 48.1671], [-121.9477, 48.1811], [-121.9255, 48.1812], [-121.8395, 48.1803], [-121.8391, 48.2104], [-121.8158, 48.2108], [-121.7494, 48.2108], [-121.7494, 48.2252], [-121.8353, 48.2247], [-121.8568, 48.2248], [-121.8576, 48.2757], [-121.8504, 48.2757], [-121.8481, 48.2792], [-121.8576, 48.2792], [-121.858, 48.2975], [-121.8786, 48.2978], [-121.9227, 48.2975], [-121.95, 48.2974], [-122.0105, 48.2975], [-122.1076, 48.2979], [-122.1402, 48.2978], [-122.1618, 48.2972], [-122.1836, 48.2973], [-122.2039, 48.2976]]]}, "properties": {"district": "Arlington School District (WA)", "county": "Snohomish"}}, {"type": "Feature", "geometry": {"type": "Polygon", "coordinates": [[[-117.4194, 46.2793], [-117.4193, 46.25], [-117.4197, 46.2211], [-117.4195, 46.122], [-117.48, 46.122], [-117.4798, 46.0225], [-117.4799, 45.9978], [-117.4449, 45.9984], [-117.4058, 45.9985], [-117.3854, 45.9982], [-117.354, 45.9966], [-117.3379, 45.9986], [-117.2733, 45.9983], [-117.2599, 45.9985], [-117.1261, 45.9979], [-117.0615, 45.9972], [-116.9881, 45.9968], [-116.9334, 45.9961], [-116.9175, 45.9954], [-116.9193, 45.9998], [-116.9217, 46.0159], [-116.9299, 46.0236], [-116.9296, 46.0342], [-116.9316, 46.0396], [-116.9403, 46.0467], [-116.9435, 46.0552], [-116.9428, 46.0611], [-116.9493, 46.0684], [-116.9579, 46.0755], [-116.971, 46.077], [-116.9794, 46.0805], [-116.982, 46.0848], [-116.9825, 46.0919], [-116.9788, 46.0958], [-116.974, 46.0977], [-116.9597, 46.099], [-116.9554, 46.1019], [-116.9513, 46.1109], [-116.9504, 46.1234], [-116.9353, 46.1364], [-116.9342, 46.1398], [-116.9359, 46.1453], [-116.9346, 46.1541], [-116.9244, 46.1596], [-116.9214, 46.1645], [-116.9223, 46.1688], [-116.9266, 46.1728], [-116.9327, 46.1732], [-116.9398, 46.1797], [-116.9398, 46.1819], [-116.9496, 46.1917], [-116.9609, 46.1983], [-116.9654, 46.2031], [-116.9663, 46.2092], [-116.9567, 46.225], [-116.9554, 46.2303], [-116.9577, 46.2392], [-116.9649, 46.2545], [-116.9748, 46.2655], [-116.9866, 46.2724], [-116.9908, 46.2762], [-116.9909, 46.2809], [-116.9856, 46.2885], [-116.9848, 46.2931], [-116.9888, 46.2988], [-116.9956, 46.3023], [-117.0064, 46.3048], [-117.0206, 46.3148], [-117.0231, 46.3199], [-117.0229, 46.3346], [-117.027, 46.3383], [-117.0335, 46.3412], [-117.0495, 46.343], [-117.0566, 46.3458], [-117.061, 46.3493], [-117.0628, 46.3536], [-117.0628, 46.3652], [-117.0601, 46.3692], [-117.053, 46.3747], [-117.0907, 46.3744], [-117.0911, 46.3526], [-117.1123, 46.3524], [-117.1123, 46.3451], [-117.1335, 46.3452], [-117.1335, 46.3378], [-117.1654, 46.3378], [-117.1865, 46.3382], [-117.2292, 46.3383], [-117.256, 46.338], [-117.256, 46.3236], [-117.2721, 46.3237], [-117.2721, 46.3088], [-117.3148, 46.3091], [-117.3146, 46.2942], [-117.3565, 46.2944], [-117.3565, 46.2906], [-117.3671, 46.2906], [-117.3672, 46.2831], [-117.3777, 46.2831], [-117.3777, 46.2793], [-117.4194, 46.2793]]]}, "properties": {"district": "Asotin-Anatone School District (WA)", "county": "Asotin"}}, {"type": "Feature", "geometry": {"type": "Polygon", "coordinates": [[[-122.2497, 47.3405], [-122.2497, 47.3333], [-122.2591, 47.3296], [-122.2709, 47.3295], [-122.271, 47.3151], [-122.2787, 47.3125], [-122.2732, 47.3038], [-122.2605, 47.303], [-122.2607, 47.2759], [-122.2634, 47.2718], [-122.2631, 47.259], [-122.2621, 47.2574], [-122.2402, 47.2575], [-122.2239, 47.2575], [-122.2232, 47.2427], [-122.2083, 47.2417], [-122.1979, 47.2465], [-122.2017, 47.2538], [-122.2083, 47.2537], [-122.2083, 47.2574], [-122.144, 47.2575], [-122.1368, 47.2545], [-122.1383, 47.2506], [-122.1343, 47.244], [-122.1238, 47.2399], [-122.1224, 47.238], [-122.1255, 47.2323], [-122.1167, 47.2311], [-122.115, 47.2287], [-122.1016, 47.2282], [-122.1017, 47.25], [-122.0802, 47.2501], [-122.081, 47.2573], [-122.0812, 47.2844], [-122.0723, 47.2836], [-122.0622, 47.2855], [-122.0588, 47.2832], [-122.061, 47.2775], [-122.0598, 47.2713], [-122.0379, 47.2713], [-122.038, 47.2676], [-122.0327, 47.2675], [-122.0326, 47.2713], [-122.0167, 47.2707], [-122.0168, 47.2828], [-122.0103, 47.2833], [-122.0069, 47.2779], [-122.0021, 47.2776], [-121.996, 47.2803], [-121.9953, 47.2868], [-122.0383, 47.2868], [-122.0384, 47.3013], [-122.0814, 47.3013], [-122.0818, 47.3148], [-122.0925, 47.3148], [-122.0912, 47.3291], [-122.1443, 47.3295], [-122.1446, 47.3367], [-122.1549, 47.3368], [-122.1549, 47.3435], [-122.2056, 47.3435], [-122.2098, 47.349], [-122.2095, 47.3541], [-122.2388, 47.3537], [-122.2388, 47.3403], [-122.2497, 47.3405]]]}, "properties": {"district": "Auburn School District (WA)", "county": "King"}}, {"type": "Feature", "geometry": {"type": "Polygon", "coordinates": [[[-122.6032, 47.6683], [-122.6028, 47.6608], [-122.594, 47.6466], [-122.5866, 47.6408], [-122.5851, 47.637], [-122.5859, 47.6215], [-122.5868, 47.6078], [-122.5847, 47.5975], [-122.5796, 47.5917], [-122.5704, 47.5879], [-122.566, 47.5889], [-122.5539, 47.5944], [-122.5455, 47.5924], [-122.5417, 47.5857], [-122.5383, 47.5763], [-122.5341, 47.5711], [-122.5216, 47.5647], [-122.5126, 47.5619], [-122.5043, 47.561], [-122.4891, 47.5626], [-122.4716, 47.5686], [-122.4548, 47.5762], [-122.4532, 47.5822], [-122.4479, 47.5923], [-122.4461, 47.608], [-122.4487, 47.6165], [-122.455, 47.6272], [-122.4528, 47.6361], [-122.4527, 47.6423], [-122.4544, 47.6533], [-122.4586, 47.6656], [-122.4598, 47.6724], [-122.4576, 47.6852], [-122.4469, 47.7045], [-122.4375, 47.713], [-122.4341, 47.7264], [-122.5438, 47.7266], [-122.5521, 47.7239], [-122.5688, 47.7098], [-122.574, 47.7023], [-122.5771, 47.6909], [-122.58, 47.6852], [-122.587, 47.6791], [-122.5971, 47.6747], [-122.6032, 47.6683]]]}, "properties": {"district": "Bainbridge Island School District (WA)", "county": "Kitsap"}}, {"type": "Feature", "geometry": {"type": "Polygon", "coordinates": [[[-122.6462, 45.7363], [-122.6463, 45.7291], [-122.641, 45.7292], [-122.641, 45.7255], [-122.6344, 45.7243], [-122.6255, 45.7246], [-122.6269, 45.7148], [-122.6308, 45.7148], [-122.6306, 45.6859], [-122.6257, 45.6869], [-122.6256, 45.6824], [-122.5994, 45.6825], [-122.5942, 45.6826], [-122.5942, 45.6861], [-122.589, 45.6861], [-122.5893, 45.6978], [-122.5811, 45.6979], [-122.5805, 45.6941], [-122.5667, 45.6933], [-122.5165, 45.6938], [-122.506, 45.6937], [-122.5061, 45.7084], [-122.5009, 45.7084], [-122.5009, 45.7156], [-122.5061, 45.7157], [-122.506, 45.7229], [-122.5165, 45.7228], [-122.5165, 45.7592], [-122.4953, 45.7597], [-122.4658, 45.7592], [-122.4658, 45.7629], [-122.4607, 45.7628], [-122.4606, 45.7737], [-122.445, 45.7737], [-122.4451, 45.7664], [-122.4234, 45.7663], [-122.4232, 45.7589], [-122.3908, 45.7583], [-122.373, 45.7585], [-122.3729, 45.7514], [-122.3526, 45.7518], [-122.3116, 45.7518], [-122.2502, 45.7509], [-122.2502, 45.78], [-122.2497, 45.7942], [-122.2496, 45.8156], [-122.2501, 45.8228], [-122.2491, 45.8364], [-122.2498, 45.8666], [-122.2445, 45.8666], [-122.2452, 45.9385], [-122.2466, 45.9701], [-122.2466, 46.0113], [-122.2455, 46.0326], [-122.2459, 46.0538], [-122.2591, 46.0578], [-122.2692, 46.0596], [-122.2765, 46.0582], [-122.2834, 46.0514], [-122.2874, 46.0496], [-122.2944, 46.0492], [-122.2947, 46.038], [-122.3059, 46.0296], [-122.3117, 46.0288], [-122.3152, 46.0216], [-122.3137, 46.017], [-122.3175, 46.0127], [-122.3254, 46.0126], [-122.3289, 46.0101], [-122.3245, 46.0071], [-122.325, 45.9998], [-122.3225, 45.9964], [-122.3166, 45.9939], [-122.3148, 45.9908], [-122.3184, 45.9854], [-122.3253, 45.9827], [-122.3244, 45.9761], [-122.3327, 45.9651], [-122.3435, 45.9595], [-122.3521, 45.9588], [-122.3578, 45.9569], [-122.3631, 45.9598], [-122.3632, 45.9627], [-122.3741, 45.9602], [-122.3798, 45.9616], [-122.3829, 45.9648], [-122.3898, 45.9667], [-122.3985, 45.9725], [-122.4184, 45.974], [-122.4224, 45.9774], [-122.4318, 45.9757], [-122.4318, 45.9638], [-122.4525, 45.9639], [-122.4518, 45.9388], [-122.4934, 45.9385], [-122.4935, 45.9171], [-122.5145, 45.9172], [-122.5145, 45.9208], [-122.525, 45.9208], [-122.525, 45.9244], [-122.5303, 45.9245], [-122.5302, 45.9172], [-122.5562, 45.9172], [-122.5559, 45.9102], [-122.5663, 45.9102], [-122.5665, 45.8737], [-122.5562, 45.8738], [-122.5563, 45.8664], [-122.5581, 45.86], [-122.5791, 45.8597], [-122.579, 45.8489], [-122.6001, 45.8485], [-122.5999, 45.8306], [-122.6052, 45.8304], [-122.6051, 45.8233], [-122.5998, 45.8234], [-122.6001, 45.8117], [-122.6083, 45.8131], [-122.6155, 45.8176], [-122.6156, 45.8088], [-122.6205, 45.8087], [-122.6205, 45.7871], [-122.6358, 45.787], [-122.6358, 45.7797], [-122.6462, 45.7797], [-122.6461, 45.7544], [-122.641, 45.7544], [-122.641, 45.7453], [-122.6359, 45.7454], [-122.6358, 45.7399], [-122.641, 45.7399], [-122.641, 45.7363], [-122.6462, 45.7363]]]}, "properties": {"district": "Battle Ground School District (WA)", "county": "Clark"}}, {"type": "Feature", "geometry": {"type": "Polygon", "coordinates": [[[-122.242, 47.6578], [-122.251, 47.6533], [-122.2553, 47.6494], [-122.2596, 47.6404], [-122.2636, 47.6131], [-122.2467, 47.609], [-122.2331, 47.6065], [-122.2283, 47.6045], [-122.2204, 47.5968], [-122.2147, 47.587], [-122.2095, 47.5831], [-122.2045, 47.5838], [-122.199, 47.5788], [-122.1902, 47.5764], [-122.1948, 47.5713], [-122.1908, 47.5624], [-122.1974, 47.5494], [-122.1749, 47.5493], [-122.175, 47.5458], [-122.17, 47.5456], [-122.1698, 47.54], [-122.166, 47.539], [-122.1643, 47.5455], [-122.1328, 47.5453], [-122.1314, 47.5518], [-122.1268, 47.5562], [-122.1267, 47.5745], [-122.1222, 47.5744], [-122.1107, 47.5703], [-122.112, 47.5804], [-122.1098, 47.5849], [-122.1104, 47.592], [-122.109, 47.5981], [-122.1106, 47.6024], [-122.1117, 47.6053], [-122.1076, 47.6117], [-122.0936, 47.6195], [-122.0875, 47.6253], [-122.0869, 47.6311], [-122.1109, 47.6312], [-122.1109, 47.6461], [-122.143, 47.646], [-122.1434, 47.6535], [-122.1643, 47.6534], [-122.1645, 47.6462], [-122.1872, 47.6464], [-122.1868, 47.6364], [-122.1891, 47.6346], [-122.1963, 47.6429], [-122.207, 47.6434], [-122.2073, 47.6494], [-122.2121, 47.6575], [-122.242, 47.6578]]]}, "properties": {"district": "Bellevue School District (WA)", "county": "King"}}, {"type": "Feature", "geometry": {"type": "Polygon", "coordinates": [[[-122.6014, 48.6259], [-122.5871, 48.626], [-122.579, 48.6273], [-122.5314, 48.6373], [-122.5015, 48.6453], [-122.4116, 48.6454], [-122.352, 48.6451], [-122.3518, 48.6487], [-122.3572, 48.6486], [-122.3556, 48.6884], [-122.3459, 48.6877], [-122.3349, 48.6883], [-122.3124, 48.6878], [-122.3016, 48.6883], [-122.3057, 48.6954], [-122.3058, 48.7049], [-122.3038, 48.7082], [-122.3068, 48.7181], [-122.3113, 48.7206], [-122.3052, 48.7267], [-122.3048, 48.7307], [-122.2675, 48.7307], [-122.2675, 48.7671], [-122.3055, 48.7677], [-122.3661, 48.7678], [-122.3661, 48.7896], [-122.3881, 48.7897], [-122.3882, 48.7969], [-122.41, 48.7968], [-122.4098, 48.8114], [-122.4429, 48.8112], [-122.4429, 48.8041], [-122.4646, 48.8039], [-122.5053, 48.8043], [-122.5163, 48.8043], [-122.5163, 48.8078], [-122.5244, 48.8078], [-122.5244, 48.8041], [-122.5516, 48.804], [-122.552, 48.8189], [-122.58, 48.8189], [-122.584, 48.8143], [-122.5819, 48.8086], [-122.5846, 48.8037], [-122.5923, 48.7958], [-122.5898, 48.7892], [-122.5841, 48.7892], [-122.5739, 48.782], [-122.5686, 48.7524], [-122.575, 48.7505], [-122.5832, 48.7499], [-122.5897, 48.7452], [-122.5936, 48.7391], [-122.5996, 48.7247], [-122.5937, 48.7246], [-122.6014, 48.6259]]]}, "properties": {"district": "Bellingham School District (WA)", "county": "Whatcom"}}, {"type": "Feature", "geometry": {"type": "Polygon", "coordinates": [[[-118.0243, 47.0171], [-118.0874, 47.0168], [-118.1086, 47.0165], [-118.1094, 46.9726], [-118.1518, 46.9724], [-118.1517, 46.9578], [-118.2154, 46.9576], [-118.2156, 46.9284], [-118.2143, 46.9137], [-118.159, 46.914], [-118.1609, 46.8987], [-118.1819, 46.8993], [-118.1844, 46.8702], [-118.1634, 46.8698], [-118.1622, 46.8842], [-118.1409, 46.884], [-118.1395, 46.8985], [-118.1181, 46.8984], [-118.1194, 46.8839], [-118.0983, 46.8837], [-118.0998, 46.8693], [-118.1027, 46.8248], [-118.1034, 46.81], [-118.0816, 46.8094], [-118.0828, 46.7949], [-118.0403, 46.794], [-118.0411, 46.7793], [-118.0359, 46.785], [-118.0258, 46.7878], [-118.0198, 46.783], [-118.0156, 46.7849], [-118.0124, 46.7908], [-118.0179, 46.7991], [-118.0164, 46.8041], [-118.0199, 46.8122], [-118.0182, 46.8154], [-118.0129, 46.8146], [-118.0067, 46.8186], [-117.9975, 46.8225], [-117.9991, 46.8252], [-117.9969, 46.8297], [-117.9924, 46.8319], [-117.9922, 46.8381], [-118.0029, 46.8386], [-118.0051, 46.8436], [-118.0041, 46.8484], [-117.9993, 46.8499], [-117.9884, 46.8581], [-117.9871, 46.862], [-117.9766, 46.8633], [-117.9709, 46.8672], [-117.9693, 46.898], [-117.9671, 46.9148], [-117.9593, 46.9148], [-117.9596, 46.9295], [-117.9663, 46.9329], [-117.9805, 46.9368], [-117.9804, 46.9399], [-117.9596, 46.9315], [-117.9597, 46.988], [-117.96, 47.0171], [-118.0243, 47.0171]]]}, "properties": {"district": "Benge School District (WA)", "county": "Adams"}}, {"type": "Feature", "geometry": {"type": "Polygon", "coordinates": [[[-122.6328, 46.9992], [-122.6298, 46.9974], [-122.6315, 46.9881], [-122.6367, 46.9831], [-122.6382, 46.9781], [-122.6291, 46.9715], [-122.6185, 46.9702], [-122.6116, 46.9672], [-122.611, 46.9767], [-122.6012, 46.9761], [-122.596, 46.974], [-122.5845, 46.9743], [-122.5778, 46.9759], [-122.5769, 46.9704], [-122.5688, 46.967], [-122.5688, 46.9741], [-122.5655, 46.9741], [-122.5603, 46.9825], [-122.5537, 46.9814], [-122.5264, 46.9812], [-122.5265, 46.9666], [-122.505, 46.9669], [-122.505, 46.9596], [-122.4945, 46.9597], [-122.4946, 46.9524], [-122.4893, 46.9525], [-122.4893, 46.9452], [-122.4741, 46.9451], [-122.4741, 46.9342], [-122.4215, 46.9334], [-122.4213, 46.9441], [-122.3996, 46.9441], [-122.4002, 46.9804], [-122.2979, 46.9801], [-122.2978, 46.9656], [-122.2748, 46.9654], [-122.2551, 46.9658], [-122.255, 46.9584], [-122.2326, 46.9589], [-122.212, 46.9588], [-122.2118, 46.9661], [-122.1681, 46.9659], [-122.167, 46.9369], [-122.1059, 46.9372], [-122.1052, 47.025], [-122.1578, 47.0247], [-122.189, 47.0241], [-122.2109, 47.0241], [-122.2103, 47.0566], [-122.2155, 47.0565], [-122.2157, 47.0528], [-122.2229, 47.0527], [-122.2231, 47.0599], [-122.2206, 47.0599], [-122.2205, 47.0671], [-122.2231, 47.0671], [-122.2231, 47.06], [-122.2525, 47.0599], [-122.2518, 47.0745], [-122.2728, 47.0746], [-122.2724, 47.0888], [-122.2937, 47.0891], [-122.2938, 47.0819], [-122.3149, 47.0822], [-122.3149, 47.1111], [-122.336, 47.1111], [-122.336, 47.1221], [-122.3575, 47.1217], [-122.3575, 47.1172], [-122.3681, 47.1165], [-122.3681, 47.1256], [-122.3734, 47.1256], [-122.3787, 47.1289], [-122.3828, 47.1258], [-122.4348, 47.1262], [-122.4348, 47.1252], [-122.4428, 47.1265], [-122.4426, 47.1334], [-122.4559, 47.1331], [-122.4631, 47.134], [-122.4637, 47.1413], [-122.4971, 47.1413], [-122.5046, 47.1392], [-122.505, 47.1086], [-122.5106, 47.1086], [-122.5106, 47.1122], [-122.5264, 47.1121], [-122.5263, 47.0976], [-122.5472, 47.0976], [-122.5473, 47.0832], [-122.5685, 47.0831], [-122.5691, 47.0545], [-122.5689, 47.0253], [-122.6277, 47.0247], [-122.6275, 47.0101], [-122.6329, 47.0101], [-122.6328, 46.9992]]]}, "properties": {"district": "Bethel School District (WA)", "county": "Pierce"}}, {"type": "Feature", "geometry": {"type": "Polygon", "coordinates": [[[-120.49, 46.0417], [-120.4903, 46.0152], [-120.4901, 45.9902], [-120.4904, 45.9684], [-120.4901, 45.9544], [-120.5211, 45.9323], [-120.5211, 45.9032], [-120.5417, 45.8887], [-120.542, 45.8674], [-120.5113, 45.8675], [-120.4908, 45.8671], [-120.4898, 45.8239], [-120.4902, 45.8094], [-120.4253, 45.8091], [-120.4069, 45.8095], [-120.3887, 45.808], [-120.3677, 45.8081], [-120.3677, 45.7934], [-120.3264, 45.7932], [-120.3258, 45.808], [-120.3017, 45.8076], [-120.2838, 45.808], [-120.2833, 45.8226], [-120.2313, 45.8228], [-120.2316, 45.8155], [-120.2213, 45.8156], [-120.2224, 45.7942], [-120.209, 45.7937], [-120.1601, 45.7937], [-120.1178, 45.7933], [-120.1177, 45.8082], [-120.0554, 45.8073], [-120.0551, 45.7911], [-120.0148, 45.8071], [-119.9658, 45.8244], [-119.9089, 45.8281], [-119.9092, 45.8625], [-119.9093, 45.9096], [-119.9713, 45.9094], [-119.9923, 45.9097], [-119.9917, 45.968], [-119.9911, 45.9973], [-119.9898, 46.0263], [-119.9901, 46.041], [-120.0315, 46.0411], [-120.0315, 46.0698], [-120.0523, 46.0699], [-120.0524, 46.0772], [-120.0935, 46.0774], [-120.0933, 46.0843], [-120.1138, 46.0844], [-120.1139, 46.1063], [-120.1231, 46.1065], [-120.1412, 46.1008], [-120.1532, 46.1022], [-120.1685, 46.0862], [-120.1785, 46.0863], [-120.2018, 46.077], [-120.2135, 46.084], [-120.2379, 46.075], [-120.2512, 46.0666], [-120.287, 46.0482], [-120.2998, 46.05], [-120.3311, 46.0415], [-120.3664, 46.0416], [-120.3868, 46.0415], [-120.4283, 46.0402], [-120.4493, 46.0415], [-120.49, 46.0417]]]}, "properties": {"district": "Bickleton School District (WA)", "county": "Klickitat"}}, {"type": "Feature", "geometry": {"type": "Polygon", "coordinates": [[[-122.6056, 49.0022], [-122.7597, 49.0021], [-122.9219, 49.0022], [-123.0382, 49.0021], [-123.1588, 49.0021], [-123.3222, 49.0021], [-123.2174, 48.9452], [-123.1233, 48.894], [-123.0085, 48.8312], [-122.9767, 48.8215], [-122.921, 48.804], [-122.9208, 48.8124], [-122.8879, 48.8264], [-122.7363, 48.847], [-122.7265, 48.8545], [-122.7263, 48.8739], [-122.7208, 48.8739], [-122.7207, 48.8775], [-122.7152, 48.8775], [-122.7155, 48.892], [-122.7155, 48.9303], [-122.7151, 48.9573], [-122.6711, 48.9572], [-122.671, 48.9752], [-122.6488, 48.9751], [-122.6488, 48.986], [-122.6158, 48.9857], [-122.6069, 48.9861], [-122.6056, 49.0022]]]}, "properties": {"district": "Blaine School District (WA)", "county": "Whatcom"}}, {"type": "Feature", "geometry": {"type": "Polygon", "coordinates": [[[-123.2031, 46.6631], [-123.2005, 46.6487], [-123.2017, 46.6347], [-123.2015, 46.6201], [-123.2412, 46.6193], [-123.2418, 46.5913], [-123.2211, 46.5913], [-123.2215, 46.5777], [-123.2198, 46.5632], [-123.2197, 46.5172], [-123.2395, 46.5175], [-123.2387, 46.474], [-123.2398, 46.474], [-123.2404, 46.4573], [-123.2422, 46.4418], [-123.2415, 46.4117], [-123.2393, 46.3848], [-123.218, 46.3856], [-123.1765, 46.3852], [-123.1552, 46.3863], [-123.1344, 46.3866], [-123.1142, 46.388], [-123.1137, 46.4021], [-123.114, 46.4167], [-123.0727, 46.4169], [-123.0517, 46.416], [-123.0524, 46.4312], [-123.0523, 46.4456], [-123.0533, 46.4594], [-123.0526, 46.4744], [-122.9904, 46.4744], [-122.9907, 46.5032], [-123.032, 46.5034], [-123.0318, 46.5176], [-123.0323, 46.5463], [-123.0218, 46.5463], [-123.0224, 46.562], [-123.0545, 46.5622], [-123.0548, 46.5766], [-123.0757, 46.5766], [-123.0759, 46.5909], [-123.0967, 46.5913], [-123.0966, 46.5983], [-123.1174, 46.5983], [-123.1174, 46.6269], [-123.1284, 46.6271], [-123.1286, 46.6342], [-123.1598, 46.6349], [-123.1591, 46.6492], [-123.1613, 46.6637], [-123.1821, 46.6641], [-123.2031, 46.6631]]]}, "properties": {"district": "Boistfort School District (WA)", "county": "Lewis"}}, {"type": "Feature", "geometry": {"type": "Polygon", "coordinates": [[[-122.5859, 47.6215], [-122.6235, 47.6214], [-122.6234, 47.6069], [-122.6342, 47.6069], [-122.6348, 47.5962], [-122.64, 47.5974], [-122.6508, 47.5974], [-122.6582, 47.5956], [-122.6656, 47.6047], [-122.6731, 47.6051], [-122.674, 47.5971], [-122.6825, 47.5965], [-122.6826, 47.5856], [-122.6889, 47.5853], [-122.6947, 47.5825], [-122.6994, 47.5855], [-122.7143, 47.5854], [-122.7156, 47.5782], [-122.7358, 47.5779], [-122.7362, 47.5561], [-122.716, 47.5563], [-122.716, 47.5491], [-122.6948, 47.5491], [-122.6947, 47.5418], [-122.667, 47.5419], [-122.6629, 47.5444], [-122.6539, 47.5454], [-122.6447, 47.5489], [-122.6237, 47.5541], [-122.6173, 47.5542], [-122.6109, 47.5597], [-122.6039, 47.5632], [-122.5965, 47.5702], [-122.5996, 47.572], [-122.5899, 47.5774], [-122.5783, 47.5828], [-122.5704, 47.5879], [-122.5796, 47.5917], [-122.5847, 47.5975], [-122.5868, 47.6078], [-122.5859, 47.6215]]]}, "properties": {"district": "Bremerton School District (WA)", "county": "Kitsap"}}, {"type": "Feature", "geometry": {"type": "Polygon", "coordinates": [[[-119.8846, 48.279], [-119.9714, 48.2791], [-119.9711, 48.2359], [-119.9717, 48.2212], [-119.9714, 48.1925], [-119.9497, 48.1922], [-119.9173, 48.1924], [-119.9171, 48.1635], [-119.895, 48.1632], [-119.8949, 48.1344], [-119.9165, 48.1346], [-119.9168, 48.1278], [-119.9059, 48.1279], [-119.906, 48.124], [-119.8949, 48.124], [-119.8949, 48.1204], [-119.8839, 48.1204], [-119.885, 48.0914], [-119.8411, 48.091], [-119.8412, 48.0776], [-119.8524, 48.0736], [-119.8612, 48.0675], [-119.8704, 48.0636], [-119.884, 48.0591], [-119.8925, 48.0541], [-119.8954, 48.05], [-119.8932, 48.0446], [-119.8832, 48.0316], [-119.8692, 48.0183], [-119.8205, 48.0186], [-119.7988, 48.0185], [-119.7985, 48.0405], [-119.7769, 48.0404], [-119.7764, 48.0619], [-119.6742, 48.0621], [-119.6808, 48.0489], [-119.5794, 48.0489], [-119.5794, 48.0779], [-119.5796, 48.1216], [-119.5794, 48.1358], [-119.5797, 48.1648], [-119.6603, 48.1649], [-119.6603, 48.1684], [-119.6728, 48.1685], [-119.6793, 48.1783], [-119.6788, 48.1871], [-119.6815, 48.1914], [-119.7067, 48.2066], [-119.7167, 48.2069], [-119.7168, 48.1961], [-119.7331, 48.196], [-119.733, 48.207], [-119.7552, 48.2068], [-119.7553, 48.2358], [-119.8639, 48.2363], [-119.8642, 48.2791], [-119.8846, 48.279]]]}, "properties": {"district": "Brewster School District (WA)", "county": "Okanogan"}}, {"type": "Feature", "geometry": {"type": "Polygon", "coordinates": [[[-119.8692, 48.0183], [-119.8674, 48.0097], [-119.8688, 48.0004], [-119.8725, 47.9931], [-119.8778, 47.9895], [-119.882, 47.9832], [-119.8839, 47.9745], [-119.8821, 47.9699], [-119.8706, 47.9605], [-119.8561, 47.9607], [-119.7985, 47.9607], [-119.7987, 48.0039], [-119.777, 48.0038], [-119.7768, 47.9897], [-119.7551, 47.9897], [-119.7551, 47.9608], [-119.7286, 47.9608], [-119.7284, 47.9027], [-119.6852, 47.9027], [-119.6854, 47.917], [-119.6639, 47.917], [-119.6639, 47.9315], [-119.6247, 47.9315], [-119.5557, 47.9316], [-119.5559, 47.9172], [-119.5129, 47.917], [-119.4908, 47.9174], [-119.4904, 47.8881], [-119.4479, 47.888], [-119.4483, 47.859], [-119.4053, 47.8591], [-119.4055, 47.8445], [-119.3732, 47.8444], [-119.3732, 47.8372], [-119.3624, 47.8372], [-119.3627, 47.8154], [-119.3201, 47.8152], [-119.3202, 47.808], [-119.2663, 47.8079], [-119.2659, 47.8586], [-119.2123, 47.8584], [-119.2122, 47.8731], [-119.2338, 47.873], [-119.2333, 47.8877], [-119.2982, 47.888], [-119.2983, 47.9604], [-119.2999, 47.9615], [-119.2998, 47.9762], [-119.3436, 47.976], [-119.3432, 47.9907], [-119.3435, 48.0341], [-119.3431, 48.0486], [-119.3412, 48.0498], [-119.3558, 48.0517], [-119.3705, 48.0527], [-119.3962, 48.0498], [-119.4041, 48.051], [-119.4088, 48.0547], [-119.4233, 48.0626], [-119.4363, 48.0767], [-119.4452, 48.0792], [-119.4499, 48.0781], [-119.4669, 48.0803], [-119.4728, 48.0782], [-119.4842, 48.0787], [-119.4928, 48.082], [-119.501, 48.0824], [-119.5145, 48.0778], [-119.5794, 48.0779], [-119.5794, 48.0489], [-119.6808, 48.0489], [-119.6742, 48.0621], [-119.7764, 48.0619], [-119.7769, 48.0404], [-119.7985, 48.0405], [-119.7988, 48.0185], [-119.8205, 48.0186], [-119.8692, 48.0183]]]}, "properties": {"district": "Bridgeport School District (WA)", "county": "Douglas"}}, {"type": "Feature", "geometry": {"type": "Polygon", "coordinates": [[[-123.6964, 47.7074], [-123.6963, 47.6332], [-123.696, 47.6192], [-123.6781, 47.6204], [-123.6321, 47.6204], [-123.6321, 47.5756], [-123.6328, 47.5677], [-123.6326, 47.5177], [-123.5059, 47.5177], [-123.5059, 47.6046], [-123.377, 47.6046], [-123.377, 47.6069], [-123.367, 47.6075], [-123.2504, 47.6075], [-123.0993, 47.6074], [-123.0833, 47.6069], [-123.0556, 47.6072], [-122.9869, 47.6068], [-122.9506, 47.6063], [-122.9439, 47.6108], [-122.938, 47.6208], [-122.9316, 47.6264], [-122.9222, 47.6306], [-122.8996, 47.6372], [-122.8935, 47.6404], [-122.8763, 47.653], [-122.8588, 47.663], [-122.8519, 47.6654], [-122.8707, 47.6735], [-122.8584, 47.6906], [-122.8341, 47.7278], [-122.8277, 47.7436], [-122.8279, 47.7559], [-122.8321, 47.7627], [-122.8409, 47.7695], [-122.8523, 47.7729], [-122.8588, 47.781], [-122.8753, 47.7814], [-122.9286, 47.7812], [-123.1241, 47.7813], [-123.1241, 47.7084], [-123.2493, 47.7084], [-123.3379, 47.7084], [-123.5059, 47.7084], [-123.5059, 47.7074], [-123.6964, 47.7074]]]}, "properties": {"district": "Brinnon School District (WA)", "county": "Jefferson"}}, {"type": "Feature", "geometry": {"type": "Polygon", "coordinates": [[[-122.579, 48.6273], [-122.5801, 48.5817], [-122.5724, 48.5688], [-122.5613, 48.5574], [-122.549, 48.5508], [-122.5422, 48.546], [-122.5362, 48.5368], [-122.5347, 48.5306], [-122.5299, 48.4998], [-122.526, 48.4872], [-122.5221, 48.4859], [-122.5212, 48.479], [-122.5157, 48.4732], [-122.5148, 48.4688], [-122.4957, 48.4697], [-122.4836, 48.4714], [-122.4763, 48.4663], [-122.4742, 48.4578], [-122.4441, 48.4575], [-122.4204, 48.4576], [-122.3675, 48.4573], [-122.3669, 48.4466], [-122.3577, 48.4476], [-122.3431, 48.445], [-122.3338, 48.4448], [-122.3222, 48.4457], [-122.3211, 48.4531], [-122.3164, 48.4589], [-122.3126, 48.461], [-122.3103, 48.4666], [-122.3016, 48.468], [-122.2971, 48.471], [-122.2972, 48.4779], [-122.2923, 48.4781], [-122.2915, 48.4744], [-122.286, 48.4736], [-122.2858, 48.5167], [-122.2859, 48.5332], [-122.3139, 48.5327], [-122.3143, 48.5364], [-122.3115, 48.5582], [-122.3116, 48.5725], [-122.313, 48.6021], [-122.2697, 48.6014], [-122.2693, 48.6453], [-122.352, 48.6451], [-122.4116, 48.6454], [-122.5015, 48.6453], [-122.5314, 48.6373], [-122.579, 48.6273]]]}, "properties": {"district": "Burlington-Edison School District (WA)", "county": "Skagit"}}, {"type": "Feature", "geometry": {"type": "Polygon", "coordinates": [[[-122.3935, 45.6943], [-122.3935, 45.6798], [-122.4036, 45.6797], [-122.4036, 45.6724], [-122.4346, 45.6722], [-122.4346, 45.6649], [-122.4398, 45.6649], [-122.4399, 45.6577], [-122.4347, 45.6577], [-122.4348, 45.6505], [-122.445, 45.6504], [-122.445, 45.6359], [-122.447, 45.6285], [-122.4657, 45.6287], [-122.4657, 45.6067], [-122.4759, 45.6067], [-122.4758, 45.5787], [-122.4539, 45.5673], [-122.4387, 45.5636], [-122.4107, 45.5676], [-122.3918, 45.5745], [-122.3834, 45.5756], [-122.3819, 45.5834], [-122.369, 45.5819], [-122.3695, 45.5848], [-122.3754, 45.5895], [-122.3673, 45.5891], [-122.3683, 45.5975], [-122.3618, 45.6002], [-122.3529, 45.6002], [-122.3527, 45.6106], [-122.3573, 45.6139], [-122.3705, 45.6184], [-122.3713, 45.6214], [-122.3771, 45.6216], [-122.3832, 45.6275], [-122.3832, 45.6361], [-122.3755, 45.6362], [-122.3717, 45.6377], [-122.3668, 45.6433], [-122.3621, 45.6454], [-122.353, 45.6445], [-122.3501, 45.6501], [-122.3431, 45.6578], [-122.337, 45.6578], [-122.3368, 45.6651], [-122.3319, 45.6652], [-122.3318, 45.6578], [-122.2807, 45.6578], [-122.2807, 45.665], [-122.2499, 45.6648], [-122.2492, 45.6719], [-122.2492, 45.7157], [-122.3113, 45.7157], [-122.3528, 45.716], [-122.3724, 45.7156], [-122.3728, 45.6942], [-122.3935, 45.6943]]]}, "properties": {"district": "Camas School District (WA)", "county": "Clark"}}, {"type": "Feature", "geometry": {"type": "Polygon", "coordinates": [[[-124.0456, 48.3061], [-124.2088, 48.3514], [-124.332, 48.3854], [-124.443, 48.4159], [-124.6035, 48.4598], [-124.7272, 48.4934], [-124.7497, 48.4998], [-124.763, 48.4998], [-124.7684, 48.4954], [-124.7721, 48.4861], [-124.7723, 48.4738], [-124.7653, 48.4606], [-124.7603, 48.4554], [-124.7462, 48.4454], [-124.7649, 48.4415], [-124.7886, 48.4322], [-124.8012, 48.4232], [-124.8077, 48.4176], [-124.8125, 48.4106], [-124.8173, 48.3984], [-124.817, 48.3855], [-124.8101, 48.37], [-124.8034, 48.363], [-124.8038, 48.3569], [-124.7966, 48.3441], [-124.7861, 48.3319], [-124.7704, 48.3235], [-124.7712, 48.316], [-124.7673, 48.3051], [-124.7614, 48.2957], [-124.7769, 48.2836], [-124.7864, 48.2723], [-124.7887, 48.2664], [-124.7909, 48.2498], [-124.7894, 48.2441], [-124.7805, 48.2286], [-124.7867, 48.2282], [-124.805, 48.2243], [-124.8215, 48.2176], [-124.8277, 48.2138], [-124.8382, 48.204], [-124.8457, 48.1949], [-124.8483, 48.1882], [-124.8485, 48.174], [-124.8431, 48.1584], [-124.8392, 48.1529], [-124.8327, 48.1477], [-124.8316, 48.1427], [-124.824, 48.1293], [-124.8163, 48.1218], [-124.8039, 48.1143], [-124.8003, 48.1049], [-124.7928, 48.0944], [-124.6869, 48.095], [-124.615, 48.0949], [-124.6035, 48.0958], [-124.5825, 48.0952], [-124.5176, 48.0955], [-124.4752, 48.0951], [-124.4527, 48.0953], [-124.4535, 48.1238], [-124.4528, 48.1383], [-124.3246, 48.137], [-124.2616, 48.1352], [-124.2202, 48.1347], [-124.1769, 48.1338], [-124.1754, 48.1054], [-124.175, 48.0889], [-124.1457, 48.0888], [-124.1136, 48.0881], [-124.1136, 48.0889], [-124.0501, 48.0889], [-124.0489, 48.1442], [-124.049, 48.1773], [-124.0456, 48.3061]]]}, "properties": {"district": "Cape Flattery School District (WA)", "county": "Clallam"}}, {"type": "Feature", "geometry": {"type": "Polygon", "coordinates": [[[-122.1059, 46.9372], [-122.1059, 46.9082], [-121.9949, 46.9079], [-121.981, 46.9077], [-121.9815, 46.8209], [-121.9178, 46.8209], [-121.9175, 46.844], [-121.9183, 46.8494], [-121.9181, 46.9077], [-121.8536, 46.9076], [-121.8348, 46.9074], [-121.7292, 46.9074], [-121.7292, 46.9962], [-121.7513, 46.9959], [-121.8545, 46.996], [-121.8557, 46.9964], [-121.8879, 46.9966], [-121.9091, 46.9962], [-121.9395, 46.9967], [-121.9679, 46.9966], [-121.9702, 46.997], [-121.9718, 47.0366], [-121.9721, 47.0547], [-122.0139, 47.0547], [-122.0136, 47.0256], [-122.0559, 47.0253], [-122.0567, 47.0398], [-122.035, 47.0401], [-122.0348, 47.0654], [-122.036, 47.0975], [-122.0809, 47.0973], [-122.0787, 47.0825], [-122.0777, 47.0687], [-122.0775, 47.0544], [-122.1046, 47.0544], [-122.1042, 47.047], [-122.1052, 47.025], [-122.1059, 46.9372]]]}, "properties": {"district": "Carbonado School District (WA)", "county": "Pierce"}}, {"type": "Feature", "geometry": {"type": "Polygon", "coordinates": [[[-121.1281, 47.99], [-121.1356, 47.983], [-121.1417, 47.9833], [-121.1476, 47.981], [-121.1484, 47.9707], [-121.1583, 47.9595], [-121.1624, 47.9584], [-121.165, 47.9545], [-121.1619, 47.9483], [-121.1622, 47.9441], [-121.1664, 47.9382], [-121.1711, 47.9364], [-121.1727, 47.9297], [-121.1705, 47.9244], [-121.179, 47.9195], [-121.1714, 47.9122], [-121.1773, 47.9055], [-121.1808, 47.8988], [-121.1767, 47.8954], [-121.1754, 47.8859], [-121.1695, 47.8832], [-121.1659, 47.8793], [-121.157, 47.882], [-121.1583, 47.8766], [-121.1523, 47.869], [-121.1521, 47.8668], [-121.1472, 47.8575], [-121.1532, 47.851], [-121.1535, 47.8453], [-121.1469, 47.8435], [-121.1343, 47.843], [-121.1334, 47.8397], [-121.1237, 47.8384], [-121.1188, 47.831], [-121.1069, 47.829], [-121.0958, 47.8327], [-121.0857, 47.8328], [-121.0802, 47.8341], [-121.0709, 47.8302], [-121.0707, 47.8266], [-121.0817, 47.816], [-121.0847, 47.8077], [-121.0924, 47.8051], [-121.0926, 47.8007], [-121.1052, 47.7957], [-121.1094, 47.7928], [-121.1117, 47.7878], [-121.1203, 47.7843], [-121.1192, 47.7799], [-121.1195, 47.7758], [-121.1086, 47.7656], [-121.1109, 47.7584], [-121.1065, 47.7568], [-121.0992, 47.759], [-121.094, 47.7582], [-121.0897, 47.7461], [-121.0828, 47.7434], [-121.079, 47.7392], [-121.0849, 47.7323], [-121.0863, 47.7275], [-121.0836, 47.7227], [-121.0783, 47.72], [-121.0696, 47.7177], [-121.066, 47.7136], [-121.0659, 47.7093], [-121.069, 47.7062], [-121.0794, 47.702], [-121.0895, 47.7031], [-121.0946, 47.695], [-121.1055, 47.6888], [-121.1092, 47.6888], [-121.1227, 47.6839], [-121.1237, 47.6802], [-121.1288, 47.6762], [-121.1232, 47.6633], [-121.1256, 47.6572], [-121.131, 47.6542], [-121.1337, 47.6456], [-121.1266, 47.6384], [-121.1278, 47.6324], [-121.1246, 47.6273], [-121.1188, 47.627], [-121.1137, 47.6215], [-121.1137, 47.618], [-121.1186, 47.6165], [-121.1201, 47.6116], [-121.1156, 47.6042], [-121.1111, 47.6], [-121.1136, 47.5973], [-121.1051, 47.5899], [-121.0959, 47.5892], [-121.0921, 47.5852], [-121.0923, 47.5818], [-121.0869, 47.5736], [-121.0902, 47.5708], [-121.0878, 47.5665], [-121.0787, 47.5593], [-121.075, 47.5509], [-121.0706, 47.5508], [-121.0612, 47.5457], [-121.0541, 47.5381], [-121.0486, 47.5356], [-121.0404, 47.5356], [-121.0258, 47.5289], [-121.0235, 47.5238], [-121.0171, 47.5219], [-121.007, 47.5212], [-120.9966, 47.5185], [-120.9915, 47.5116], [-120.9949, 47.5047], [-120.9832, 47.4929], [-120.9791, 47.4903], [-120.9685, 47.4882], [-120.9582, 47.4833], [-120.9548, 47.4771], [-120.9465, 47.4725], [-120.9515, 47.4672], [-120.952, 47.4618], [-120.9305, 47.4576], [-120.9308, 47.4534], [-120.9226, 47.4483], [-120.9247, 47.4431], [-120.9242, 47.4336], [-120.918, 47.4294], [-120.9083, 47.4253], [-120.9016, 47.427], [-120.8948, 47.4261], [-120.8914, 47.4277], [-120.8848, 47.4225], [-120.8717, 47.4153], [-120.8614, 47.4206], [-120.8491, 47.4135], [-120.8431, 47.4116], [-120.8375, 47.415], [-120.8368, 47.4181], [-120.8285, 47.4239], [-120.8183, 47.4206], [-120.8096, 47.4201], [-120.8025, 47.4226], [-120.7988, 47.4168], [-120.7946, 47.4141], [-120.7936, 47.4085], [-120.787, 47.4046], [-120.7822, 47.3994], [-120.7688, 47.3997], [-120.7571, 47.3977], [-120.7474, 47.3938], [-120.7345, 47.3938], [-120.7264, 47.3874], [-120.7273, 47.3808], [-120.7229, 47.3724], [-120.7185, 47.3689], [-120.7112, 47.3676], [-120.7083, 47.3653], [-120.7005, 47.3653], [-120.6933, 47.3613], [-120.6911, 47.3571], [-120.6827, 47.3526], [-120.677, 47.3514], [-120.6695, 47.3456], [-120.6644, 47.3433], [-120.6581, 47.3442], [-120.6494, 47.3419], [-120.6426, 47.3436], [-120.6335, 47.3419], [-120.6272, 47.3421], [-120.6191, 47.3454], [-120.6085, 47.3422], [-120.6066, 47.3394], [-120.5987, 47.3409], [-120.5786, 47.3372], [-120.5769, 47.3263], [-120.5697, 47.3212], [-120.5685, 47.3157], [-120.5706, 47.3114], [-120.5619, 47.3075], [-120.5566, 47.3069], [-120.5565, 47.3472], [-120.5578, 47.3621], [-120.5569, 47.4385], [-120.5643, 47.4386], [-120.5635, 47.4533], [-120.5639, 47.4812], [-120.5851, 47.4811], [-120.5848, 47.5241], [-120.5636, 47.5241], [-120.5636, 47.517], [-120.5362, 47.5169], [-120.5361, 47.5241], [-120.5184, 47.5241], [-120.5184, 47.5321], [-120.523, 47.5386], [-120.5302, 47.5385], [-120.5347, 47.5343], [-120.5451, 47.5341], [-120.5465, 47.5385], [-120.5394, 47.5385], [-120.5393, 47.5412], [-120.5307, 47.5443], [-120.5256, 47.5485], [-120.5257, 47.5531], [-120.5178, 47.5529], [-120.5177, 47.6123], [-120.524, 47.6123], [-120.5239, 47.6419], [-120.4802, 47.6418], [-120.4798, 47.6862], [-120.5014, 47.6865], [-120.5011, 47.7012], [-120.5232, 47.7014], [-120.5189, 47.7338], [-120.5108, 47.7893], [-120.5113, 47.8336], [-120.5846, 47.8326], [-120.6051, 47.8314], [-120.6056, 47.8472], [-120.6284, 47.8468], [-120.6285, 47.8609], [-120.6275, 47.8752], [-120.624, 47.8804], [-120.624, 47.8862], [-120.6289, 47.8999], [-120.6366, 47.9024], [-120.6385, 47.9078], [-120.6423, 47.9116], [-120.6448, 47.9185], [-120.6477, 47.9205], [-120.6574, 47.9226], [-120.6602, 47.9328], [-120.6594, 47.9394], [-120.6536, 47.9443], [-120.6463, 47.9446], [-120.6411, 47.9408], [-120.632, 47.9454], [-120.6321, 47.9509], [-120.6369, 47.9567], [-120.642, 47.9606], [-120.6523, 47.9545], [-120.6619, 47.9524], [-120.6675, 47.9548], [-120.6681, 47.9613], [-120.6741, 47.9642], [-120.6744, 47.9678], [-120.6669, 47.9705], [-120.6666, 47.978], [-120.6681, 47.9815], [-120.6728, 47.9833], [-120.6803, 47.9926], [-120.6823, 47.9968], [-120.6904, 47.9967], [-120.6921, 47.9998], [-120.7101, 48.0075], [-120.7128, 48.0132], [-120.7186, 48.0153], [-120.7261, 48.0209], [-120.7306, 48.0386], [-120.7415, 48.0434], [-120.7417, 48.048], [-120.7477, 48.0576], [-120.7487, 48.0688], [-120.7477, 48.0738], [-120.7512, 48.0813], [-120.7607, 48.0848], [-120.7641, 48.0872], [-120.7715, 48.0965], [-120.779, 48.1005], [-120.7892, 48.101], [-120.7925, 48.1027], [-120.7949, 48.1119], [-120.7991, 48.1172], [-120.8081, 48.1229], [-120.8117, 48.1281], [-120.8064, 48.1357], [-120.8089, 48.1374], [-120.8169, 48.1484], [-120.8279, 48.1521], [-120.8391, 48.154], [-120.8462, 48.1572], [-120.8522, 48.1663], [-120.8583, 48.171], [-120.859, 48.1778], [-120.8642, 48.1805], [-120.874, 48.1795], [-120.8811, 48.1764], [-120.8817, 48.1696], [-120.8912, 48.1653], [-120.8972, 48.1661], [-120.9074, 48.1632], [-120.9152, 48.1597], [-120.9319, 48.1616], [-120.9332, 48.1568], [-120.9383, 48.1551], [-120.9484, 48.155], [-120.9556, 48.152], [-120.956, 48.1477], [-120.9644, 48.143], [-120.9638, 48.1356], [-120.9631, 48.1314], [-120.9583, 48.1292], [-120.9567, 48.1226], [-120.9526, 48.1172], [-120.9463, 48.1152], [-120.9562, 48.1081], [-120.9637, 48.1097], [-120.9725, 48.1085], [-120.9722, 48.104], [-120.9778, 48.1011], [-120.9805, 48.0952], [-120.9873, 48.0939], [-120.993, 48.0899], [-120.9988, 48.0883], [-121.0047, 48.0814], [-121.0112, 48.0792], [-121.0159, 48.0748], [-121.0252, 48.0782], [-121.0362, 48.0768], [-121.0412, 48.0727], [-121.0486, 48.0702], [-121.0646, 48.0701], [-121.0721, 48.0677], [-121.0807, 48.0625], [-121.0846, 48.0619], [-121.0901, 48.0649], [-121.1016, 48.0627], [-121.1052, 48.0578], [-121.1098, 48.0567], [-121.116, 48.058], [-121.122, 48.051], [-121.1282, 48.0481], [-121.1305, 48.0452], [-121.1442, 48.0423], [-121.1503, 48.042], [-121.1533, 48.0397], [-121.149, 48.0342], [-121.1474, 48.0295], [-121.1292, 48.0198], [-121.1285, 48.0138], [-121.123, 48.0087], [-121.1185, 48.0068], [-121.1182, 47.9971], [-121.1213, 47.9963], [-121.1281, 47.99]]]}, "properties": {"district": "Cascade School District (WA)", "county": "Chelan"}}, {"type": "Feature", "geometry": {"type": "Polygon", "coordinates": [[[-120.4802, 47.6418], [-120.5239, 47.6419], [-120.524, 47.6123], [-120.5177, 47.6123], [-120.5178, 47.5529], [-120.5257, 47.5531], [-120.5256, 47.5485], [-120.5307, 47.5443], [-120.5393, 47.5412], [-120.5394, 47.5385], [-120.5465, 47.5385], [-120.5451, 47.5341], [-120.5347, 47.5343], [-120.5302, 47.5385], [-120.523, 47.5386], [-120.5184, 47.5321], [-120.5184, 47.5241], [-120.5361, 47.5241], [-120.5362, 47.5169], [-120.5636, 47.517], [-120.5636, 47.5241], [-120.5848, 47.5241], [-120.5851, 47.4811], [-120.5639, 47.4812], [-120.5635, 47.4533], [-120.5643, 47.4386], [-120.5569, 47.4385], [-120.5446, 47.4391], [-120.5238, 47.439], [-120.5231, 47.4239], [-120.4999, 47.4207], [-120.4969, 47.4354], [-120.4103, 47.4362], [-120.4096, 47.451], [-120.4098, 47.4654], [-120.3882, 47.4653], [-120.3879, 47.4366], [-120.3674, 47.4373], [-120.3679, 47.4443], [-120.3677, 47.4667], [-120.3708, 47.4718], [-120.3821, 47.4779], [-120.399, 47.4809], [-120.3981, 47.4908], [-120.3885, 47.4907], [-120.3885, 47.4944], [-120.3942, 47.4944], [-120.3944, 47.5382], [-120.3891, 47.5383], [-120.3879, 47.6116], [-120.3923, 47.6117], [-120.392, 47.6265], [-120.4191, 47.6264], [-120.4799, 47.6269], [-120.4802, 47.6418]]]}, "properties": {"district": "Cashmere School District (WA)", "county": "Chelan"}}, {"type": "Feature", "geometry": {"type": "Polygon", "coordinates": [[[-123.218, 46.3856], [-123.2183, 46.3697], [-123.1853, 46.3699], [-123.1549, 46.3704], [-123.1549, 46.3567], [-123.1344, 46.3569], [-123.1345, 46.3426], [-123.1142, 46.3427], [-123.1138, 46.3282], [-123.0945, 46.328], [-123.0832, 46.3292], [-123.0725, 46.3291], [-123.0718, 46.3002], [-123.0508, 46.3], [-123.0299, 46.3007], [-123.0311, 46.2682], [-123.0298, 46.2574], [-123.0302, 46.2432], [-123.0201, 46.2429], [-123.0206, 46.2356], [-122.9895, 46.2354], [-122.9895, 46.2283], [-122.9686, 46.2282], [-122.9636, 46.2315], [-122.9636, 46.2352], [-122.9687, 46.2352], [-122.9687, 46.2425], [-122.9276, 46.2426], [-122.9275, 46.2354], [-122.9379, 46.2353], [-122.9379, 46.2281], [-122.9275, 46.2281], [-122.9274, 46.221], [-122.8758, 46.221], [-122.8759, 46.2174], [-122.8656, 46.2173], [-122.8655, 46.2573], [-122.8652, 46.3011], [-122.8655, 46.3152], [-122.8244, 46.3152], [-122.8248, 46.3378], [-122.8198, 46.3407], [-122.8155, 46.347], [-122.8109, 46.3507], [-122.8031, 46.3508], [-122.7977, 46.3557], [-122.7979, 46.36], [-122.79, 46.3605], [-122.7794, 46.3695], [-122.7699, 46.3749], [-122.7609, 46.3727], [-122.7614, 46.3636], [-122.7517, 46.36], [-122.7525, 46.355], [-122.7475, 46.3488], [-122.7472, 46.3443], [-122.7367, 46.3431], [-122.7291, 46.3393], [-122.7245, 46.3351], [-122.7252, 46.3293], [-122.7195, 46.3269], [-122.72, 46.3435], [-122.6986, 46.3437], [-122.6985, 46.3796], [-122.6981, 46.3871], [-122.7201, 46.3874], [-122.7832, 46.3872], [-122.8864, 46.3875], [-122.9322, 46.3874], [-122.9314, 46.3931], [-122.9335, 46.398], [-122.9338, 46.4045], [-122.9283, 46.4082], [-122.9283, 46.4381], [-123.0109, 46.4381], [-123.0315, 46.4378], [-123.0316, 46.4311], [-123.0524, 46.4312], [-123.0517, 46.416], [-123.0727, 46.4169], [-123.114, 46.4167], [-123.1137, 46.4021], [-123.1142, 46.388], [-123.1344, 46.3866], [-123.1552, 46.3863], [-123.1765, 46.3852], [-123.218, 46.3856]]]}, "properties": {"district": "Castle Rock School District (WA)", "county": "Cowlitz"}}, {"type": "Feature", "geometry": {"type": "Polygon", "coordinates": [[[-121.1138, 45.8108], [-121.1133, 45.7785], [-121.1141, 45.7239], [-121.0929, 45.7237], [-121.093, 45.7092], [-121.0724, 45.7091], [-121.0723, 45.6948], [-121.0517, 45.6948], [-121.0049, 45.6948], [-120.8852, 45.6937], [-120.885, 45.7083], [-120.8748, 45.7082], [-120.8748, 45.7009], [-120.8541, 45.7007], [-120.8543, 45.7043], [-120.8438, 45.7042], [-120.8437, 45.7078], [-120.8228, 45.7078], [-120.8231, 45.7296], [-120.8439, 45.7296], [-120.8442, 45.7663], [-120.844, 45.7955], [-120.8848, 45.7956], [-120.8849, 45.7884], [-120.8953, 45.7884], [-120.8953, 45.7956], [-120.9058, 45.7957], [-120.9057, 45.8132], [-120.9226, 45.8131], [-120.9245, 45.8107], [-120.934, 45.8074], [-120.9425, 45.8092], [-120.9487, 45.8122], [-120.9512, 45.8157], [-120.9632, 45.8159], [-120.9683, 45.814], [-120.9739, 45.8165], [-120.9777, 45.8146], [-120.9888, 45.8173], [-120.9945, 45.8178], [-120.9936, 45.8211], [-120.9994, 45.8224], [-121.0003, 45.8271], [-121.0062, 45.8275], [-121.0121, 45.8358], [-121.0174, 45.8351], [-121.0286, 45.8389], [-121.0373, 45.8397], [-121.0461, 45.8426], [-121.0516, 45.8403], [-121.0517, 45.8252], [-121.0719, 45.825], [-121.0719, 45.8106], [-121.1138, 45.8108]]]}, "properties": {"district": "Centerville School District (WA)", "county": "Klickitat"}}, {"type": "Feature", "geometry": {"type": "Polygon", "coordinates": [[[-123.0384, 47.5202], [-122.9936, 47.5203], [-122.9719, 47.5214], [-122.9397, 47.5225], [-122.8648, 47.5213], [-122.864, 47.543], [-122.821, 47.5425], [-122.7785, 47.5419], [-122.7783, 47.5563], [-122.7362, 47.5561], [-122.7358, 47.5779], [-122.7156, 47.5782], [-122.7143, 47.5854], [-122.6994, 47.5855], [-122.6947, 47.5825], [-122.6889, 47.5853], [-122.6826, 47.5856], [-122.6825, 47.5965], [-122.674, 47.5971], [-122.6731, 47.6051], [-122.6656, 47.6047], [-122.6582, 47.5956], [-122.6508, 47.5974], [-122.64, 47.5974], [-122.6348, 47.5962], [-122.6342, 47.6069], [-122.6234, 47.6069], [-122.6235, 47.6214], [-122.5859, 47.6215], [-122.5851, 47.637], [-122.5866, 47.6408], [-122.594, 47.6466], [-122.6028, 47.6608], [-122.6032, 47.6683], [-122.6339, 47.6685], [-122.6338, 47.6721], [-122.6621, 47.6723], [-122.666, 47.6796], [-122.6713, 47.6796], [-122.6707, 47.7085], [-122.6813, 47.7084], [-122.6812, 47.7263], [-122.7036, 47.7264], [-122.7036, 47.7299], [-122.7253, 47.73], [-122.7355, 47.7372], [-122.731, 47.7393], [-122.7339, 47.7436], [-122.7269, 47.7454], [-122.7218, 47.7498], [-122.7198, 47.7609], [-122.7152, 47.7681], [-122.7067, 47.7703], [-122.7055, 47.7722], [-122.7272, 47.7798], [-122.7342, 47.7674], [-122.7377, 47.758], [-122.7417, 47.7498], [-122.7464, 47.7434], [-122.7528, 47.7383], [-122.7584, 47.7316], [-122.7634, 47.7234], [-122.7658, 47.7161], [-122.7646, 47.7051], [-122.7577, 47.6952], [-122.7601, 47.6862], [-122.7665, 47.6799], [-122.775, 47.6753], [-122.7832, 47.6728], [-122.7986, 47.6709], [-122.8124, 47.6709], [-122.8298, 47.6696], [-122.8519, 47.6654], [-122.8588, 47.663], [-122.8763, 47.653], [-122.8935, 47.6404], [-122.8996, 47.6372], [-122.9222, 47.6306], [-122.9316, 47.6264], [-122.938, 47.6208], [-122.9439, 47.6108], [-122.9506, 47.6063], [-122.9677, 47.5995], [-122.9744, 47.5948], [-122.9806, 47.587], [-122.9895, 47.5716], [-122.9963, 47.5645], [-123.0293, 47.5331], [-123.0384, 47.5202]]]}, "properties": {"district": "Central Kitsap School District (WA)", "county": "Kitsap"}}, {"type": "Feature", "geometry": {"type": "Polygon", "coordinates": [[[-117.2936, 47.6207], [-117.2936, 47.6134], [-117.2976, 47.6135], [-117.2977, 47.5943], [-117.2816, 47.5944], [-117.2814, 47.5798], [-117.2598, 47.5798], [-117.26, 47.5727], [-117.2317, 47.5734], [-117.2248, 47.5753], [-117.2243, 47.5799], [-117.2063, 47.5798], [-117.2062, 47.587], [-117.1956, 47.5869], [-117.1955, 47.5841], [-117.1848, 47.5834], [-117.1848, 47.5797], [-117.1641, 47.5793], [-117.1536, 47.5798], [-117.1104, 47.5802], [-117.068, 47.5798], [-117.0411, 47.5798], [-117.0409, 47.6144], [-117.0417, 47.6977], [-117.0459, 47.6988], [-117.0564, 47.6967], [-117.0632, 47.6934], [-117.0665, 47.6902], [-117.0765, 47.6877], [-117.0852, 47.6826], [-117.0892, 47.6819], [-117.1038, 47.6849], [-117.1113, 47.6831], [-117.1189, 47.6779], [-117.1264, 47.678], [-117.135, 47.6812], [-117.1418, 47.6812], [-117.1478, 47.6788], [-117.1543, 47.6783], [-117.1597, 47.6836], [-117.1662, 47.6811], [-117.179, 47.6778], [-117.1819, 47.6728], [-117.1854, 47.6708], [-117.1965, 47.6725], [-117.2067, 47.6783], [-117.2182, 47.6802], [-117.2181, 47.6752], [-117.2289, 47.6752], [-117.2235, 47.6716], [-117.2721, 47.6715], [-117.2721, 47.657], [-117.2829, 47.657], [-117.2828, 47.6279], [-117.2935, 47.6279], [-117.2936, 47.6207]]]}, "properties": {"district": "Central Valley School District (WA)", "county": "Spokane"}}, {"type": "Feature", "geometry": {"type": "Polygon", "coordinates": [[[-123.2827, 46.7365], [-123.2831, 46.7067], [-123.2662, 46.7062], [-123.2662, 46.7074], [-123.245, 46.7061], [-123.2246, 46.7062], [-123.2244, 46.7207], [-123.182, 46.7216], [-123.1614, 46.7215], [-123.1406, 46.7222], [-123.1193, 46.7206], [-123.0719, 46.7208], [-123.0719, 46.6918], [-123.0139, 46.6917], [-123.0139, 46.6845], [-122.9947, 46.6847], [-122.9923, 46.6884], [-122.9758, 46.6876], [-122.9713, 46.6846], [-122.9659, 46.6845], [-122.9658, 46.6809], [-122.9502, 46.6808], [-122.9501, 46.6916], [-122.9292, 46.6916], [-122.9293, 46.6844], [-122.9188, 46.6845], [-122.9187, 46.67], [-122.8874, 46.6702], [-122.8872, 46.6629], [-122.8023, 46.6637], [-122.7816, 46.6632], [-122.7816, 46.6919], [-122.7604, 46.6915], [-122.7609, 46.706], [-122.6998, 46.7057], [-122.7001, 46.7331], [-122.6991, 46.7637], [-122.7397, 46.7638], [-122.7606, 46.7636], [-122.7606, 46.7779], [-122.8238, 46.7782], [-122.8242, 46.793], [-122.8449, 46.7925], [-122.8447, 46.7997], [-122.8596, 46.7997], [-122.8677, 46.7955], [-122.8697, 46.7926], [-122.8767, 46.7926], [-122.8768, 46.7997], [-122.8871, 46.7998], [-122.8872, 46.8142], [-122.9081, 46.8143], [-122.9082, 46.8071], [-122.9187, 46.807], [-122.9292, 46.8071], [-122.9294, 46.7928], [-122.9714, 46.7931], [-122.9714, 46.7643], [-123.0139, 46.7646], [-123.0664, 46.7643], [-123.0873, 46.7645], [-123.1187, 46.7639], [-123.1823, 46.7645], [-123.1824, 46.7499], [-123.204, 46.75], [-123.2041, 46.7427], [-123.2461, 46.7431], [-123.2462, 46.7359], [-123.2676, 46.7366], [-123.2827, 46.7365]]]}, "properties": {"district": "Centralia School District (WA)", "county": "Lewis"}}, {"type": "Feature", "geometry": {"type": "Polygon", "coordinates": [[[-123.0139, 46.6845], [-123.0138, 46.6701], [-123.0351, 46.6699], [-123.0349, 46.6627], [-123.0454, 46.6628], [-123.0453, 46.6555], [-123.0401, 46.6555], [-123.0401, 46.6519], [-123.0348, 46.6519], [-123.0348, 46.6483], [-123.0294, 46.6451], [-123.0289, 46.6307], [-123.0187, 46.6306], [-123.0186, 46.6198], [-123.0133, 46.6198], [-123.0131, 46.6089], [-123.0028, 46.6088], [-123.0028, 46.6051], [-122.9712, 46.6051], [-122.9712, 46.6015], [-122.9608, 46.6016], [-122.9608, 46.598], [-122.9503, 46.5981], [-122.9502, 46.6054], [-122.9406, 46.6053], [-122.9314, 46.6009], [-122.9292, 46.5907], [-122.9238, 46.5907], [-122.924, 46.6016], [-122.9135, 46.6016], [-122.9135, 46.598], [-122.8872, 46.5981], [-122.8872, 46.5871], [-122.8819, 46.5871], [-122.882, 46.5762], [-122.8557, 46.5762], [-122.8557, 46.5689], [-122.8453, 46.5689], [-122.8453, 46.5599], [-122.8421, 46.5577], [-122.832, 46.5584], [-122.8295, 46.5616], [-122.8296, 46.5833], [-122.8243, 46.5834], [-122.8243, 46.6052], [-122.8032, 46.6049], [-122.7821, 46.6051], [-122.7612, 46.6047], [-122.7613, 46.6336], [-122.7508, 46.6337], [-122.7507, 46.6483], [-122.6564, 46.6481], [-122.657, 46.6907], [-122.6588, 46.7046], [-122.658, 46.7341], [-122.6792, 46.7345], [-122.6796, 46.7484], [-122.6779, 46.7564], [-122.6781, 46.7636], [-122.6991, 46.7637], [-122.7001, 46.7331], [-122.6998, 46.7057], [-122.7609, 46.706], [-122.7604, 46.6915], [-122.7816, 46.6919], [-122.7816, 46.6632], [-122.8023, 46.6637], [-122.8872, 46.6629], [-122.8874, 46.6702], [-122.9187, 46.67], [-122.9188, 46.6845], [-122.9293, 46.6844], [-122.9292, 46.6916], [-122.9501, 46.6916], [-122.9502, 46.6808], [-122.9658, 46.6809], [-122.9659, 46.6845], [-122.9713, 46.6846], [-122.9758, 46.6876], [-122.9923, 46.6884], [-122.9947, 46.6847], [-123.0139, 46.6845]]]}, "properties": {"district": "Chehalis School District (WA)", "county": "Lewis"}}, {"type": "Feature", "geometry": {"type": "Polygon", "coordinates": [[[-117.8229, 47.4206], [-117.8234, 47.3767], [-117.8232, 47.3481], [-117.8236, 47.2602], [-117.7707, 47.26], [-117.7492, 47.2602], [-117.7494, 47.2227], [-117.7281, 47.2228], [-117.6863, 47.223], [-117.6865, 47.2377], [-117.6652, 47.2378], [-117.6656, 47.26], [-117.5634, 47.2599], [-117.5636, 47.2962], [-117.5101, 47.296], [-117.5103, 47.2741], [-117.4995, 47.274], [-117.4995, 47.2769], [-117.4912, 47.277], [-117.4889, 47.2813], [-117.4833, 47.2813], [-117.4833, 47.2886], [-117.4779, 47.2886], [-117.4779, 47.2959], [-117.4886, 47.296], [-117.4885, 47.3106], [-117.4779, 47.3106], [-117.4778, 47.3614], [-117.4563, 47.3613], [-117.4564, 47.376], [-117.451, 47.3761], [-117.451, 47.3833], [-117.4562, 47.3833], [-117.4557, 47.479], [-117.4503, 47.4788], [-117.4499, 47.4934], [-117.4551, 47.4935], [-117.4551, 47.5082], [-117.4445, 47.5079], [-117.4441, 47.522], [-117.4335, 47.522], [-117.433, 47.5438], [-117.4384, 47.5438], [-117.4383, 47.5474], [-117.4328, 47.5474], [-117.4327, 47.551], [-117.4545, 47.5511], [-117.455, 47.5801], [-117.4433, 47.58], [-117.4435, 47.5655], [-117.4232, 47.5657], [-117.4225, 47.5874], [-117.4218, 47.6128], [-117.4263, 47.6136], [-117.4646, 47.6138], [-117.4651, 47.6407], [-117.4718, 47.6378], [-117.4757, 47.6403], [-117.4755, 47.6464], [-117.4828, 47.6502], [-117.4914, 47.6497], [-117.4967, 47.6465], [-117.4968, 47.6429], [-117.5076, 47.643], [-117.5075, 47.6611], [-117.5184, 47.6612], [-117.5182, 47.6648], [-117.5451, 47.6648], [-117.5451, 47.6612], [-117.5556, 47.661], [-117.5556, 47.6574], [-117.5613, 47.6574], [-117.5614, 47.6633], [-117.5678, 47.6657], [-117.5641, 47.6718], [-117.5824, 47.6718], [-117.5823, 47.6574], [-117.5931, 47.6574], [-117.5932, 47.6864], [-117.6039, 47.6863], [-117.6041, 47.7011], [-117.6256, 47.7012], [-117.6252, 47.6935], [-117.6415, 47.6935], [-117.6415, 47.6973], [-117.6469, 47.6973], [-117.6471, 47.6791], [-117.6578, 47.6792], [-117.6578, 47.6721], [-117.6688, 47.6721], [-117.6686, 47.6649], [-117.6579, 47.6649], [-117.6579, 47.6575], [-117.647, 47.6574], [-117.6472, 47.6429], [-117.6254, 47.643], [-117.6255, 47.6284], [-117.604, 47.6283], [-117.6041, 47.6139], [-117.6076, 47.6139], [-117.6076, 47.5801], [-117.6292, 47.58], [-117.6291, 47.5656], [-117.6398, 47.5655], [-117.6398, 47.551], [-117.6325, 47.551], [-117.6326, 47.5466], [-117.6289, 47.5462], [-117.6491, 47.5327], [-117.6574, 47.5285], [-117.6664, 47.5219], [-117.6932, 47.5219], [-117.6934, 47.5043], [-117.6962, 47.5005], [-117.7147, 47.5005], [-117.7147, 47.4966], [-117.7253, 47.4965], [-117.7253, 47.4929], [-117.7358, 47.4928], [-117.7356, 47.4785], [-117.7584, 47.4783], [-117.7583, 47.464], [-117.8003, 47.4642], [-117.8003, 47.493], [-117.8008, 47.5081], [-117.7841, 47.5076], [-117.7794, 47.5074], [-117.7793, 47.5147], [-117.7901, 47.5148], [-117.79, 47.5184], [-117.7847, 47.5183], [-117.7846, 47.5237], [-117.7686, 47.5238], [-117.7686, 47.5219], [-117.758, 47.5219], [-117.7578, 47.551], [-117.7686, 47.5513], [-117.8008, 47.551], [-117.8221, 47.5513], [-117.8223, 47.5219], [-117.8218, 47.4791], [-117.822, 47.4498], [-117.8229, 47.4206]]]}, "properties": {"district": "Cheney School District (WA)", "county": "Spokane"}}, {"type": "Feature", "geometry": {"type": "Polygon", "coordinates": [[[-117.5012, 48.484], [-117.5481, 48.4838], [-117.5678, 48.484], [-117.5671, 48.4814], [-117.5895, 48.4816], [-117.5889, 48.4527], [-117.5894, 48.4165], [-117.6545, 48.4165], [-117.6547, 48.4093], [-117.6655, 48.4093], [-117.6653, 48.4166], [-117.6763, 48.4166], [-117.6763, 48.4239], [-117.6976, 48.4236], [-117.7715, 48.424], [-117.7722, 48.394], [-117.7721, 48.3805], [-117.8414, 48.3812], [-117.8811, 48.3808], [-117.8788, 48.3955], [-117.8797, 48.4092], [-117.9014, 48.4091], [-117.9007, 48.4165], [-117.9123, 48.4163], [-117.9109, 48.4234], [-117.9331, 48.4236], [-117.9771, 48.4233], [-117.9773, 48.3943], [-117.9553, 48.3942], [-117.9551, 48.3508], [-117.9658, 48.3507], [-117.9656, 48.3291], [-117.9548, 48.329], [-117.8906, 48.33], [-117.891, 48.3372], [-117.8796, 48.3373], [-117.8793, 48.3301], [-117.8681, 48.3302], [-117.8678, 48.2942], [-117.8891, 48.2938], [-117.8891, 48.3011], [-117.8945, 48.301], [-117.8945, 48.2974], [-117.9053, 48.2974], [-117.9053, 48.2938], [-117.9321, 48.2936], [-117.9374, 48.2942], [-117.9375, 48.2871], [-117.9322, 48.2866], [-117.932, 48.2795], [-117.889, 48.2798], [-117.8887, 48.2513], [-117.8241, 48.2514], [-117.8237, 48.237], [-117.8452, 48.237], [-117.8452, 48.2298], [-117.8235, 48.2298], [-117.8233, 48.2226], [-117.8124, 48.2227], [-117.8126, 48.2191], [-117.8342, 48.219], [-117.8342, 48.2227], [-117.8451, 48.2228], [-117.8449, 48.208], [-117.8181, 48.2081], [-117.8181, 48.2117], [-117.8076, 48.212], [-117.807, 48.2228], [-117.7962, 48.2228], [-117.7966, 48.2156], [-117.7912, 48.2156], [-117.7909, 48.2228], [-117.7803, 48.2227], [-117.7799, 48.2168], [-117.7753, 48.2084], [-117.7805, 48.2084], [-117.7805, 48.2012], [-117.7641, 48.2013], [-117.764, 48.1977], [-117.7585, 48.1977], [-117.7587, 48.2012], [-117.7479, 48.2012], [-117.7477, 48.194], [-117.7372, 48.1938], [-117.7372, 48.2012], [-117.7153, 48.201], [-117.7154, 48.2082], [-117.6936, 48.2083], [-117.6934, 48.1864], [-117.6824, 48.1865], [-117.6823, 48.1793], [-117.6932, 48.1792], [-117.6934, 48.1358], [-117.6499, 48.1357], [-117.6282, 48.1357], [-117.6282, 48.1501], [-117.5854, 48.1497], [-117.5859, 48.1779], [-117.5644, 48.1776], [-117.5649, 48.1918], [-117.55, 48.1918], [-117.545, 48.1947], [-117.5025, 48.1947], [-117.5022, 48.2234], [-117.5009, 48.2234], [-117.5001, 48.2381], [-117.5, 48.2885], [-117.5, 48.3663], [-117.5005, 48.3948], [-117.5004, 48.4368], [-117.5006, 48.484], [-117.5012, 48.484]]]}, "properties": {"district": "Chewelah School District (WA)", "county": "Stevens"}}, {"type": "Feature", "geometry": {"type": "Polygon", "coordinates": [[[-122.843, 47.9259], [-122.8438, 47.9113], [-122.8439, 47.8895], [-122.8433, 47.8678], [-122.8003, 47.8677], [-122.8005, 47.8391], [-122.7357, 47.8389], [-122.7359, 47.8106], [-122.7377, 47.758], [-122.7342, 47.7674], [-122.7272, 47.7798], [-122.722, 47.7877], [-122.7145, 47.7956], [-122.7027, 47.8049], [-122.6536, 47.8395], [-122.6263, 47.8584], [-122.5994, 47.8748], [-122.5955, 47.8823], [-122.5956, 47.8871], [-122.5994, 47.8939], [-122.6068, 47.8989], [-122.6181, 47.9033], [-122.6263, 47.9088], [-122.6307, 47.9151], [-122.6338, 47.922], [-122.6371, 47.9357], [-122.6374, 47.9417], [-122.6345, 47.9513], [-122.6278, 47.9604], [-122.6172, 47.9683], [-122.6068, 47.973], [-122.6183, 47.9833], [-122.6263, 47.9932], [-122.6313, 48.0029], [-122.6344, 48.0135], [-122.6386, 48.0353], [-122.6413, 48.0601], [-122.6423, 48.0938], [-122.6444, 48.1039], [-122.6482, 48.1138], [-122.6524, 48.1207], [-122.661, 48.1277], [-122.672, 48.1303], [-122.6919, 48.1317], [-122.7033, 48.1344], [-122.7096, 48.1382], [-122.7343, 48.1255], [-122.7425, 48.1155], [-122.7513, 48.1091], [-122.7682, 48.1007], [-122.7703, 48.093], [-122.7691, 48.0799], [-122.76, 48.0565], [-122.8106, 48.0566], [-122.811, 47.9991], [-122.8218, 47.9989], [-122.8218, 47.9247], [-122.843, 47.9259]]]}, "properties": {"district": "Chimacum School District (WA)", "county": "Jefferson"}}, {"type": "Feature", "geometry": {"type": "Polygon", "coordinates": [[[-117.2379, 46.4701], [-117.2723, 46.4702], [-117.2938, 46.4707], [-117.337, 46.471], [-117.3576, 46.4715], [-117.3565, 46.4506], [-117.3561, 46.4158], [-117.3613, 46.4159], [-117.3613, 46.4122], [-117.4112, 46.4122], [-117.4196, 46.412], [-117.4193, 46.3831], [-117.4208, 46.3387], [-117.4314, 46.3386], [-117.4314, 46.3239], [-117.4367, 46.3239], [-117.4367, 46.3202], [-117.4473, 46.3202], [-117.4473, 46.3164], [-117.442, 46.3164], [-117.4419, 46.3054], [-117.4313, 46.3052], [-117.4313, 46.2978], [-117.4419, 46.2978], [-117.4419, 46.2941], [-117.4196, 46.2942], [-117.4194, 46.2793], [-117.3777, 46.2793], [-117.3777, 46.2831], [-117.3672, 46.2831], [-117.3671, 46.2906], [-117.3565, 46.2906], [-117.3565, 46.2944], [-117.3146, 46.2942], [-117.3148, 46.3091], [-117.2721, 46.3088], [-117.2721, 46.3237], [-117.256, 46.3236], [-117.256, 46.338], [-117.2292, 46.3383], [-117.1865, 46.3382], [-117.1654, 46.3378], [-117.1335, 46.3378], [-117.1335, 46.3452], [-117.1123, 46.3451], [-117.1123, 46.3524], [-117.0911, 46.3526], [-117.0907, 46.3744], [-117.053, 46.3747], [-117.0482, 46.3777], [-117.0421, 46.3913], [-117.0386, 46.4055], [-117.0354, 46.4103], [-117.0346, 46.4178], [-117.0398, 46.4259], [-117.0398, 46.4543], [-117.1012, 46.4545], [-117.1434, 46.455], [-117.1865, 46.4548], [-117.186, 46.4209], [-117.1999, 46.4202], [-117.2107, 46.4248], [-117.2145, 46.4322], [-117.2065, 46.4489], [-117.2154, 46.4572], [-117.2217, 46.4603], [-117.2329, 46.464], [-117.2379, 46.4701]]]}, "properties": {"district": "Clarkston School District (WA)", "county": "Asotin"}}, {"type": "Feature", "geometry": {"type": "Polygon", "coordinates": [[[-121.3062, 47.191], [-121.3063, 47.1877], [-121.3178, 47.173], [-121.3134, 47.1657], [-121.3067, 47.1623], [-121.3019, 47.1561], [-121.2976, 47.1486], [-121.3014, 47.1448], [-121.3034, 47.1389], [-121.3155, 47.1338], [-121.3206, 47.1353], [-121.335, 47.1327], [-121.3379, 47.135], [-121.3496, 47.1375], [-121.3539, 47.1405], [-121.3647, 47.1418], [-121.3735, 47.1381], [-121.3813, 47.1373], [-121.3886, 47.1335], [-121.394, 47.1328], [-121.3949, 47.1287], [-121.3982, 47.1271], [-121.2941, 47.127], [-121.2589, 47.1268], [-121.1951, 47.127], [-121.1139, 47.1268], [-121.0275, 47.127], [-121.0275, 47.1312], [-120.9698, 47.1307], [-120.9002, 47.1307], [-120.9002, 47.1318], [-120.8791, 47.1318], [-120.879, 47.146], [-120.8373, 47.1457], [-120.806, 47.1461], [-120.7918, 47.1369], [-120.7883, 47.1308], [-120.7831, 47.1314], [-120.7833, 47.1459], [-120.7723, 47.146], [-120.7725, 47.1606], [-120.7624, 47.1607], [-120.7622, 47.1532], [-120.7515, 47.1533], [-120.7515, 47.1464], [-120.7461, 47.1464], [-120.7463, 47.1608], [-120.7302, 47.1609], [-120.7299, 47.132], [-120.7088, 47.132], [-120.7089, 47.1174], [-120.6551, 47.1173], [-120.655, 47.1102], [-120.6665, 47.1102], [-120.6664, 47.1033], [-120.6453, 47.1028], [-120.6448, 47.1107], [-120.6457, 47.1755], [-120.6238, 47.1758], [-120.5608, 47.1752], [-120.5518, 47.176], [-120.5284, 47.1755], [-120.5128, 47.1758], [-120.5132, 47.2046], [-120.5133, 47.2334], [-120.5119, 47.2606], [-120.5142, 47.2606], [-120.5135, 47.2749], [-120.5142, 47.29], [-120.5165, 47.3217], [-120.5215, 47.3319], [-120.5283, 47.3337], [-120.532, 47.3292], [-120.5306, 47.3212], [-120.5282, 47.3167], [-120.5476, 47.3119], [-120.5471, 47.308], [-120.5533, 47.3088], [-120.5566, 47.3069], [-120.5619, 47.3075], [-120.5706, 47.3114], [-120.5685, 47.3157], [-120.5697, 47.3212], [-120.5769, 47.3263], [-120.5786, 47.3372], [-120.5987, 47.3409], [-120.6066, 47.3394], [-120.6085, 47.3422], [-120.6191, 47.3454], [-120.6272, 47.3421], [-120.6335, 47.3419], [-120.6426, 47.3436], [-120.6494, 47.3419], [-120.6581, 47.3442], [-120.6644, 47.3433], [-120.6695, 47.3456], [-120.677, 47.3514], [-120.6827, 47.3526], [-120.6911, 47.3571], [-120.6933, 47.3613], [-120.7005, 47.3653], [-120.7083, 47.3653], [-120.7112, 47.3676], [-120.7185, 47.3689], [-120.7229, 47.3724], [-120.7273, 47.3808], [-120.7264, 47.3874], [-120.7345, 47.3938], [-120.7474, 47.3938], [-120.7571, 47.3977], [-120.7688, 47.3997], [-120.7822, 47.3994], [-120.787, 47.4046], [-120.7936, 47.4085], [-120.7946, 47.4141], [-120.7988, 47.4168], [-120.8025, 47.4226], [-120.8096, 47.4201], [-120.8183, 47.4206], [-120.8285, 47.4239], [-120.8368, 47.4181], [-120.8375, 47.415], [-120.8431, 47.4116], [-120.8491, 47.4135], [-120.8614, 47.4206], [-120.8717, 47.4153], [-120.8848, 47.4225], [-120.8914, 47.4277], [-120.8948, 47.4261], [-120.9016, 47.427], [-120.9083, 47.4253], [-120.918, 47.4294], [-120.9242, 47.4336], [-120.9247, 47.4431], [-120.9226, 47.4483], [-120.9308, 47.4534], [-120.9305, 47.4576], [-120.952, 47.4618], [-120.9515, 47.4672], [-120.9465, 47.4725], [-120.9548, 47.4771], [-120.9582, 47.4833], [-120.9685, 47.4882], [-120.9791, 47.4903], [-120.9832, 47.4929], [-120.9949, 47.5047], [-120.9915, 47.5116], [-120.9966, 47.5185], [-121.007, 47.5212], [-121.0171, 47.5219], [-121.0235, 47.5238], [-121.0258, 47.5289], [-121.0404, 47.5356], [-121.0486, 47.5356], [-121.0541, 47.5381], [-121.0612, 47.5457], [-121.0706, 47.5508], [-121.075, 47.5509], [-121.0787, 47.5593], [-121.0878, 47.5665], [-121.0902, 47.5708], [-121.0869, 47.5736], [-121.0923, 47.5818], [-121.0921, 47.5852], [-121.0959, 47.5892], [-121.1051, 47.5899], [-121.1049, 47.5187], [-121.1043, 47.5044], [-121.1039, 47.4599], [-121.1037, 47.4045], [-121.1038, 47.3893], [-121.1034, 47.3464], [-121.1146, 47.3464], [-121.1168, 47.3438], [-121.1173, 47.3368], [-121.1204, 47.3329], [-121.1191, 47.3292], [-121.1247, 47.324], [-121.1256, 47.3046], [-121.2429, 47.3048], [-121.2741, 47.3052], [-121.2741, 47.2764], [-121.2527, 47.2764], [-121.2529, 47.2616], [-121.2104, 47.2614], [-121.2105, 47.2758], [-121.189, 47.2757], [-121.1891, 47.2613], [-121.1115, 47.2608], [-121.1121, 47.1905], [-121.1331, 47.1908], [-121.1929, 47.1907], [-121.2597, 47.1912], [-121.2808, 47.1909], [-121.3062, 47.191]]]}, "properties": {"district": "Cle Elum-Roslyn School District (WA)", "county": "Kittitas"}}, {"type": "Feature", "geometry": {"type": "Polygon", "coordinates": [[[-122.5593, 47.1957], [-122.5635, 47.1958], [-122.5633, 47.1666], [-122.5779, 47.1669], [-122.5792, 47.165], [-122.5791, 47.156], [-122.5897, 47.156], [-122.5898, 47.1487], [-122.6116, 47.1483], [-122.612, 47.141], [-122.6276, 47.1409], [-122.6377, 47.1354], [-122.6435, 47.135], [-122.6434, 47.1263], [-122.6275, 47.1263], [-122.6247, 47.1227], [-122.625, 47.1139], [-122.6225, 47.1116], [-122.6224, 47.0951], [-122.6212, 47.0942], [-122.6466, 47.0879], [-122.6466, 47.0935], [-122.6647, 47.0936], [-122.6647, 47.0973], [-122.6699, 47.0973], [-122.6699, 47.09], [-122.6751, 47.0902], [-122.6752, 47.0814], [-122.6886, 47.0776], [-122.704, 47.0719], [-122.701, 47.0687], [-122.7031, 47.0646], [-122.6961, 47.0618], [-122.6903, 47.0577], [-122.693, 47.0528], [-122.6844, 47.0507], [-122.6768, 47.0427], [-122.6755, 47.0372], [-122.6795, 47.0328], [-122.6799, 47.0282], [-122.6732, 47.0247], [-122.6744, 47.0191], [-122.6716, 47.0149], [-122.6607, 47.0105], [-122.657, 47.0061], [-122.6487, 47.0065], [-122.6464, 47.0039], [-122.6328, 46.9992], [-122.6329, 47.0101], [-122.6275, 47.0101], [-122.6277, 47.0247], [-122.5689, 47.0253], [-122.5691, 47.0545], [-122.5685, 47.0831], [-122.5473, 47.0832], [-122.5472, 47.0976], [-122.5263, 47.0976], [-122.5264, 47.1121], [-122.5106, 47.1122], [-122.5106, 47.1086], [-122.505, 47.1086], [-122.5046, 47.1392], [-122.4971, 47.1413], [-122.4637, 47.1413], [-122.4631, 47.1702], [-122.4632, 47.1847], [-122.5086, 47.1848], [-122.5088, 47.1906], [-122.5185, 47.1893], [-122.5187, 47.1922], [-122.5233, 47.1985], [-122.5259, 47.1991], [-122.5274, 47.1975], [-122.538, 47.1975], [-122.5532, 47.1947], [-122.5593, 47.1957]]]}, "properties": {"district": "Clover Park School District (WA)", "county": "Pierce"}}, {"type": "Feature", "geometry": {"type": "Polygon", "coordinates": [[[-117.6298, 46.8258], [-117.6317, 46.8107], [-117.6092, 46.8108], [-117.6098, 46.7925], [-117.6326, 46.7922], [-117.6348, 46.7518], [-117.6345, 46.7445], [-117.6561, 46.7443], [-117.6558, 46.7666], [-117.6765, 46.7665], [-117.6772, 46.7514], [-117.677, 46.7369], [-117.6983, 46.7369], [-117.6993, 46.7211], [-117.7209, 46.7214], [-117.7632, 46.7213], [-117.7633, 46.7176], [-117.7686, 46.7176], [-117.7688, 46.7139], [-117.7741, 46.7139], [-117.7743, 46.7066], [-117.7849, 46.7065], [-117.7857, 46.6918], [-117.7751, 46.6918], [-117.7754, 46.6844], [-117.7562, 46.6844], [-117.7512, 46.6897], [-117.7409, 46.6946], [-117.7329, 46.6938], [-117.7242, 46.6962], [-117.6961, 46.6996], [-117.6875, 46.7026], [-117.6653, 46.7026], [-117.6483, 46.6998], [-117.6394, 46.6934], [-117.6342, 46.6868], [-117.6263, 46.6792], [-117.6165, 46.6744], [-117.6084, 46.6729], [-117.5978, 46.6725], [-117.5793, 46.6754], [-117.5675, 46.6779], [-117.5519, 46.6801], [-117.5442, 46.6801], [-117.5304, 46.6774], [-117.5172, 46.677], [-117.5091, 46.6786], [-117.5006, 46.6821], [-117.497, 46.6899], [-117.4935, 46.6933], [-117.4841, 46.6979], [-117.4826, 46.7208], [-117.4718, 46.7206], [-117.4702, 46.7361], [-117.4375, 46.7359], [-117.4381, 46.7242], [-117.4437, 46.7243], [-117.4434, 46.7282], [-117.4489, 46.7282], [-117.4496, 46.7204], [-117.4382, 46.7204], [-117.4395, 46.7059], [-117.418, 46.7058], [-117.4174, 46.7131], [-117.4066, 46.7131], [-117.4072, 46.7058], [-117.3965, 46.7059], [-117.3952, 46.7203], [-117.3843, 46.7203], [-117.3839, 46.7279], [-117.373, 46.7279], [-117.3726, 46.7355], [-117.3614, 46.7353], [-117.3611, 46.7429], [-117.3283, 46.7428], [-117.3282, 46.7503], [-117.3179, 46.7501], [-117.3179, 46.7648], [-117.3076, 46.7643], [-117.3076, 46.7716], [-117.3023, 46.7716], [-117.3024, 46.7789], [-117.2917, 46.7789], [-117.2918, 46.7862], [-117.2971, 46.7862], [-117.2972, 46.7899], [-117.2865, 46.7898], [-117.2865, 46.7935], [-117.2759, 46.7935], [-117.2759, 46.8008], [-117.2653, 46.8008], [-117.2653, 46.8165], [-117.2336, 46.8158], [-117.2335, 46.8238], [-117.2018, 46.8224], [-117.2018, 46.8298], [-117.1811, 46.8298], [-117.1812, 46.8516], [-117.2018, 46.8517], [-117.2018, 46.859], [-117.1864, 46.8589], [-117.1864, 46.8625], [-117.1813, 46.8625], [-117.1813, 46.8662], [-117.1915, 46.8662], [-117.1914, 46.8952], [-117.1809, 46.8951], [-117.181, 46.9177], [-117.2133, 46.9175], [-117.2136, 46.9259], [-117.2131, 46.9578], [-117.2239, 46.9577], [-117.2241, 46.9686], [-117.2347, 46.9685], [-117.2347, 46.9721], [-117.2454, 46.9731], [-117.2453, 46.9657], [-117.2496, 46.9675], [-117.2561, 46.9757], [-117.2666, 46.9765], [-117.2881, 46.9764], [-117.288, 46.9654], [-117.2991, 46.9678], [-117.2992, 46.9616], [-117.2771, 46.9617], [-117.2773, 46.9543], [-117.2993, 46.9542], [-117.3005, 46.9616], [-117.3089, 46.9616], [-117.3088, 46.9689], [-117.2991, 46.9689], [-117.2991, 46.9762], [-117.3088, 46.9762], [-117.3113, 46.9707], [-117.3113, 46.9652], [-117.3186, 46.9651], [-117.3186, 46.9688], [-117.3301, 46.9686], [-117.3302, 46.9758], [-117.3417, 46.9756], [-117.3853, 46.9761], [-117.3854, 46.9833], [-117.4038, 46.9838], [-117.4039, 46.9912], [-117.4254, 46.9909], [-117.4255, 46.9839], [-117.4201, 46.9839], [-117.4201, 46.9768], [-117.4256, 46.977], [-117.4252, 46.9733], [-117.4367, 46.9727], [-117.4361, 46.9618], [-117.4369, 46.954], [-117.4586, 46.9539], [-117.467, 46.9496], [-117.4689, 46.9435], [-117.4769, 46.9453], [-117.4801, 46.9537], [-117.4865, 46.952], [-117.4932, 46.9479], [-117.499, 46.955], [-117.5037, 46.9537], [-117.5117, 46.9537], [-117.5116, 46.9391], [-117.5224, 46.939], [-117.5216, 46.9171], [-117.5225, 46.9], [-117.5432, 46.9001], [-117.5648, 46.8994], [-117.5849, 46.8995], [-117.5859, 46.8842], [-117.5967, 46.8843], [-117.597, 46.8718], [-117.6051, 46.8734], [-117.6285, 46.8736], [-117.6292, 46.8478], [-117.624, 46.8441], [-117.6187, 46.8441], [-117.6186, 46.8478], [-117.6107, 46.8478], [-117.6081, 46.8459], [-117.6085, 46.8258], [-117.6298, 46.8258]]]}, "properties": {"district": "Colfax School District (WA)", "county": "Whitman"}}, {"type": "Feature", "geometry": {"type": "Polygon", "coordinates": [[[-118.3672, 46.0007], [-118.3678, 46.001], [-118.3677, 46.0475], [-118.3742, 46.0566], [-118.3756, 46.0638], [-118.3885, 46.0639], [-118.3885, 46.0784], [-118.4302, 46.0781], [-118.4301, 46.0637], [-118.4614, 46.0636], [-118.4614, 46.0513], [-118.4589, 46.0447], [-118.4719, 46.0446], [-118.472, 46.0347], [-118.4926, 46.0346], [-118.4925, 46.0273], [-118.5342, 46.0274], [-118.5339, 46.0057], [-118.5548, 46.0054], [-118.5549, 46.0011], [-118.3672, 46.0007]]]}, "properties": {"district": "College Place School District (WA)", "county": "Walla Walla"}}, {"type": "Feature", "geometry": {"type": "Polygon", "coordinates": [[[-117.4356, 46.6619], [-117.4283, 46.6571], [-117.4202, 46.6551], [-117.4104, 46.6565], [-117.393, 46.654], [-117.3852, 46.6479], [-117.3856, 46.6392], [-117.3885, 46.6305], [-117.3886, 46.6251], [-117.3862, 46.6189], [-117.3827, 46.6147], [-117.371, 46.609], [-117.3591, 46.6023], [-117.3562, 46.5994], [-117.3526, 46.5917], [-117.349, 46.5877], [-117.3375, 46.582], [-117.3268, 46.5808], [-117.3114, 46.5808], [-117.3014, 46.5775], [-117.293, 46.572], [-117.2857, 46.5637], [-117.2806, 46.5599], [-117.2689, 46.555], [-117.2543, 46.5451], [-117.2465, 46.5304], [-117.2449, 46.5227], [-117.2413, 46.5185], [-117.2357, 46.5088], [-117.2323, 46.5048], [-117.2313, 46.5006], [-117.2337, 46.4908], [-117.2388, 46.4812], [-117.2379, 46.4701], [-117.2329, 46.464], [-117.2217, 46.4603], [-117.2154, 46.4572], [-117.2065, 46.4489], [-117.2145, 46.4322], [-117.2107, 46.4248], [-117.1999, 46.4202], [-117.186, 46.4209], [-117.1865, 46.4548], [-117.1434, 46.455], [-117.1012, 46.4545], [-117.0398, 46.4543], [-117.0396, 46.5731], [-117.0397, 46.6423], [-117.0899, 46.6424], [-117.0897, 46.6461], [-117.1002, 46.6462], [-117.1015, 46.6243], [-117.1417, 46.6242], [-117.2408, 46.6243], [-117.2413, 46.617], [-117.3176, 46.617], [-117.3165, 46.6319], [-117.3384, 46.6321], [-117.337, 46.647], [-117.3589, 46.6468], [-117.358, 46.6541], [-117.3686, 46.6543], [-117.3681, 46.6616], [-117.3934, 46.6619], [-117.4181, 46.6617], [-117.4356, 46.6619]]]}, "properties": {"district": "Colton School District (WA)", "county": "Whitman"}}, {"type": "Feature", "geometry": {"type": "Polygon", "coordinates": [[[-118.1493, 48.2434], [-118.1545, 48.2379], [-118.1653, 48.2304], [-118.1881, 48.2175], [-118.1945, 48.2129], [-118.1895, 48.2076], [-118.1879, 48.1971], [-118.1943, 48.194], [-118.1966, 48.1906], [-118.196, 48.1791], [-118.1923, 48.1671], [-118.1913, 48.1599], [-118.194, 48.1492], [-118.2005, 48.1412], [-118.2075, 48.1383], [-118.2212, 48.1381], [-118.2333, 48.1347], [-118.2426, 48.1355], [-118.2486, 48.1343], [-118.2545, 48.1276], [-118.2547, 48.1174], [-118.2533, 48.1125], [-118.2432, 48.1083], [-118.2375, 48.1048], [-118.2313, 48.0895], [-118.2313, 48.0848], [-118.2341, 48.0812], [-118.2353, 48.0755], [-118.2336, 48.0704], [-118.2335, 48.0635], [-118.2382, 48.0582], [-118.2452, 48.0547], [-118.2501, 48.0551], [-118.2579, 48.0598], [-118.2667, 48.0567], [-118.2656, 48.0513], [-118.2704, 48.0429], [-118.2755, 48.0406], [-118.2998, 48.0415], [-118.3161, 48.0416], [-118.3395, 48.0498], [-118.3471, 48.0505], [-118.3589, 48.0494], [-118.3695, 48.0426], [-118.3797, 48.0394], [-118.3966, 48.0317], [-118.4008, 48.0287], [-118.4011, 48.0229], [-118.3887, 48.0117], [-118.3797, 48.0048], [-118.3754, 47.9999], [-118.3706, 47.9856], [-118.3521, 47.9748], [-118.3487, 47.9718], [-118.3524, 47.9536], [-118.3561, 47.9293], [-118.3502, 47.9163], [-118.34, 47.9002], [-118.3409, 47.8943], [-118.3345, 47.8938], [-118.3267, 47.8963], [-118.3217, 47.8963], [-118.3192, 47.9044], [-118.3172, 47.9088], [-118.3033, 47.9155], [-118.2938, 47.919], [-118.2741, 47.9289], [-118.2719, 47.9327], [-118.26, 47.9348], [-118.2592, 47.9376], [-118.2527, 47.9424], [-118.2429, 47.9432], [-118.2378, 47.9401], [-118.2296, 47.9402], [-118.218, 47.9447], [-118.2123, 47.9455], [-118.2062, 47.9422], [-118.2023, 47.9354], [-118.2, 47.9284], [-118.1902, 47.9263], [-118.1884, 47.9198], [-118.1766, 47.9105], [-118.1787, 47.9043], [-118.1765, 47.9013], [-118.1683, 47.9031], [-118.1602, 47.8972], [-118.1625, 47.8898], [-118.1599, 47.8845], [-118.1544, 47.8866], [-118.1486, 47.8867], [-118.1416, 47.8897], [-118.0806, 47.8898], [-118.0807, 47.948], [-118.081, 47.9623], [-118.0804, 48.0023], [-118.0182, 48.0022], [-118.0158, 48.0055], [-118.0164, 48.0155], [-118.0172, 48.0473], [-118.0162, 48.0557], [-118.0171, 48.0623], [-118.0176, 48.0917], [-118.0181, 48.0988], [-118.0192, 48.1354], [-118.0179, 48.1354], [-118.0184, 48.165], [-118.018, 48.1942], [-118.0183, 48.2186], [-118.0165, 48.2232], [-118.0618, 48.2233], [-118.0618, 48.2451], [-118.0727, 48.2453], [-118.0727, 48.267], [-118.0848, 48.2671], [-118.0849, 48.2506], [-118.1277, 48.2506], [-118.128, 48.2434], [-118.1493, 48.2434]]]}, "properties": {"district": "Columbia (Stevens) School District (WA)", "county": "Stevens"}}, {"type": "Feature", "geometry": {"type": "Polygon", "coordinates": [[[-118.7669, 46.2979], [-118.7686, 46.2948], [-118.7772, 46.2902], [-118.7851, 46.2895], [-118.7989, 46.2908], [-118.8157, 46.2879], [-118.8301, 46.2816], [-118.8351, 46.2727], [-118.843, 46.2695], [-118.8483, 46.2658], [-118.8507, 46.2598], [-118.8607, 46.2525], [-118.8683, 46.2505], [-118.8829, 46.2499], [-118.9212, 46.243], [-118.951, 46.2393], [-118.9728, 46.2387], [-118.9765, 46.2376], [-118.9903, 46.2293], [-119.0012, 46.2254], [-119.0064, 46.2224], [-119.0234, 46.2167], [-119.0319, 46.2075], [-119.0372, 46.1981], [-119.0415, 46.1927], [-119.0279, 46.1853], [-119.0142, 46.1762], [-119.0096, 46.1712], [-118.995, 46.1594], [-118.9747, 46.1395], [-118.9681, 46.1308], [-118.9671, 46.1228], [-118.9678, 46.1156], [-118.9626, 46.1079], [-118.9581, 46.0989], [-118.9465, 46.0829], [-118.942, 46.0729], [-118.942, 46.0653], [-118.9472, 46.0514], [-118.947, 46.0436], [-118.9441, 46.0386], [-118.9412, 46.03], [-118.9417, 46.027], [-118.9527, 46.0233], [-118.9617, 46.0193], [-118.9873, 45.9999], [-118.9763, 46.0004], [-118.8681, 46.0007], [-118.8682, 46.0313], [-118.8679, 46.0659], [-118.8261, 46.0658], [-118.826, 46.0949], [-118.8264, 46.1094], [-118.8264, 46.1458], [-118.8056, 46.1457], [-118.8058, 46.1821], [-118.8047, 46.2115], [-118.7842, 46.2112], [-118.7836, 46.255], [-118.7524, 46.2545], [-118.7519, 46.2835], [-118.7521, 46.2979], [-118.7669, 46.2979]]]}, "properties": {"district": "Columbia (Walla Walla) School District (WA)", "county": "Walla Walla"}}, {"type": "Feature", "geometry": {"type": "Polygon", "coordinates": [[[-117.9554, 48.8023], [-117.955, 48.763], [-117.9603, 48.7629], [-117.9605, 48.7555], [-117.9549, 48.7554], [-117.9557, 48.7443], [-117.9788, 48.7442], [-117.9774, 48.7301], [-117.9774, 48.716], [-117.9556, 48.7142], [-117.9557, 48.6848], [-117.9776, 48.6848], [-117.9772, 48.6774], [-117.9987, 48.6777], [-117.9979, 48.6701], [-117.998, 48.6552], [-117.9548, 48.6552], [-117.9593, 48.6414], [-117.9591, 48.5979], [-117.972, 48.5961], [-117.972, 48.6034], [-117.982, 48.6031], [-117.9821, 48.6067], [-117.9875, 48.6069], [-117.9875, 48.6033], [-117.9931, 48.6036], [-117.993, 48.5963], [-117.9986, 48.5965], [-117.9988, 48.5929], [-117.9876, 48.5925], [-117.9874, 48.5818], [-117.9763, 48.5816], [-117.9764, 48.5676], [-118.0009, 48.5674], [-118.0007, 48.5536], [-118.0225, 48.5535], [-118.0226, 48.5102], [-118.0657, 48.5102], [-118.0657, 48.4885], [-118.0639, 48.4814], [-118.0641, 48.4529], [-118.0648, 48.4237], [-118.0844, 48.4237], [-118.0848, 48.3943], [-118.0641, 48.3946], [-118.0634, 48.3509], [-118.0308, 48.3509], [-117.9658, 48.3507], [-117.9551, 48.3508], [-117.9553, 48.3942], [-117.9773, 48.3943], [-117.9771, 48.4233], [-117.9331, 48.4236], [-117.9109, 48.4234], [-117.9123, 48.4163], [-117.9007, 48.4165], [-117.9014, 48.4091], [-117.8797, 48.4092], [-117.8788, 48.3955], [-117.8811, 48.3808], [-117.8414, 48.3812], [-117.7721, 48.3805], [-117.7722, 48.394], [-117.7715, 48.424], [-117.6976, 48.4236], [-117.6763, 48.4239], [-117.6763, 48.4166], [-117.6653, 48.4166], [-117.6655, 48.4093], [-117.6547, 48.4093], [-117.6545, 48.4165], [-117.5894, 48.4165], [-117.5889, 48.4527], [-117.5895, 48.4816], [-117.5671, 48.4814], [-117.5678, 48.484], [-117.5481, 48.4838], [-117.5012, 48.484], [-117.5013, 48.5128], [-117.5009, 48.5274], [-117.5014, 48.5414], [-117.5008, 48.5717], [-117.5, 48.6562], [-117.5639, 48.6562], [-117.6292, 48.6559], [-117.6296, 48.7137], [-117.6294, 48.7426], [-117.5638, 48.743], [-117.564, 48.7861], [-117.6512, 48.786], [-117.6515, 48.768], [-117.6734, 48.768], [-117.673, 48.786], [-117.6907, 48.786], [-117.6905, 48.7929], [-117.7341, 48.7928], [-117.7342, 48.764], [-117.7562, 48.7643], [-117.7564, 48.75], [-117.7583, 48.75], [-117.7585, 48.6992], [-117.8243, 48.6991], [-117.8242, 48.7286], [-117.8247, 48.7437], [-117.8465, 48.7439], [-117.8798, 48.7436], [-117.8789, 48.7712], [-117.8789, 48.8022], [-117.9554, 48.8023]]]}, "properties": {"district": "Colville School District (WA)", "county": "Stevens"}}, {"type": "Feature", "geometry": {"type": "MultiPolygon", "coordinates": [[[[-121.8515, 48.7166], [-121.8515, 48.6587], [-121.7384, 48.6587], [-121.7059, 48.659], [-121.7059, 48.6642], [-121.6952, 48.6629], [-121.6839, 48.6629], [-121.6734, 48.6719], [-121.6768, 48.6793], [-121.6818, 48.6809], [-121.6798, 48.6875], [-121.6802, 48.6926], [-121.686, 48.696], [-121.6762, 48.6994], [-121.6678, 48.7059], [-121.6686, 48.7221], [-121.6573, 48.7266], [-121.6531, 48.7323], [-121.6466, 48.73], [-121.644, 48.7334], [-121.6359, 48.7345], [-121.619, 48.7323], [-121.6123, 48.7337], [-121.6071, 48.7384], [-121.6067, 48.7441], [-121.6073, 48.7735], [-121.6074, 48.8177], [-121.7385, 48.8177], [-121.7384, 48.7166], [-121.8515, 48.7166]]], [[[-121.7384, 48.6587], [-121.7384, 48.6436], [-121.763, 48.6438], [-121.7861, 48.6434], [-121.8343, 48.6439], [-121.8554, 48.6445], [-121.8758, 48.6442], [-121.8979, 48.6447], [-121.9202, 48.6447], [-121.9202, 48.6311], [-121.9218, 48.6022], [-121.9197, 48.5873], [-121.9183, 48.5591], [-121.9196, 48.5441], [-121.9199, 48.5009], [-121.9176, 48.4938], [-121.9189, 48.4717], [-121.9215, 48.4717], [-121.9218, 48.4142], [-121.9217, 48.3835], [-121.9211, 48.3552], [-121.9222, 48.3265], [-121.9213, 48.3112], [-121.9227, 48.2975], [-121.8786, 48.2978], [-121.858, 48.2975], [-121.8351, 48.298], [-121.8348, 48.3274], [-121.8351, 48.3789], [-121.8349, 48.3849], [-121.6935, 48.3851], [-121.6009, 48.3844], [-121.5562, 48.3839], [-121.4878, 48.3838], [-121.4444, 48.3839], [-121.4443, 48.3396], [-121.445, 48.296], [-121.4028, 48.2959], [-121.2731, 48.296], [-121.1176, 48.296], [-121.0017, 48.296], [-121.0038, 48.2994], [-121.0285, 48.3039], [-121.0289, 48.3076], [-121.0346, 48.3115], [-121.0466, 48.3092], [-121.0542, 48.3144], [-121.0599, 48.3165], [-121.0672, 48.3151], [-121.0716, 48.3178], [-121.0658, 48.3263], [-121.0701, 48.3304], [-121.0692, 48.339], [-121.0657, 48.3382], [-121.0639, 48.3436], [-121.0594, 48.3467], [-121.0524, 48.345], [-121.043, 48.3457], [-121.0405, 48.3485], [-121.0423, 48.3537], [-121.0408, 48.3564], [-121.0435, 48.364], [-121.0526, 48.3736], [-121.0618, 48.3796], [-121.0588, 48.3824], [-121.0599, 48.3879], [-121.0664, 48.3935], [-121.0623, 48.4053], [-121.0555, 48.4126], [-121.047, 48.4105], [-121.0416, 48.4113], [-121.0454, 48.4183], [-121.0425, 48.4306], [-121.038, 48.4318], [-121.0383, 48.4381], [-121.041, 48.4457], [-121.0555, 48.4502], [-121.0608, 48.4552], [-121.0625, 48.4604], [-121.06, 48.4672], [-121.0567, 48.4714], [-121.0565, 48.4764], [-121.0497, 48.4854], [-121.0362, 48.4953], [-121.0236, 48.4954], [-121.0156, 48.4943], [-121.0011, 48.4942], [-120.9929, 48.499], [-120.9852, 48.4978], [-120.9688, 48.5001], [-120.9638, 48.4986], [-120.9599, 48.5], [-120.9511, 48.4996], [-120.9489, 48.5051], [-120.95, 48.5153], [-120.9543, 48.5224], [-120.9505, 48.5296], [-120.9353, 48.5293], [-120.9227, 48.5252], [-120.9046, 48.5237], [-120.9026, 48.5273], [-120.904, 48.5334], [-120.8981, 48.5328], [-120.8943, 48.5359], [-120.8854, 48.5382], [-120.8767, 48.5355], [-120.8718, 48.5311], [-120.8632, 48.5301], [-120.8577, 48.5374], [-120.8609, 48.5421], [-120.8574, 48.5477], [-120.8447, 48.5506], [-120.8264, 48.5465], [-120.8265, 48.542], [-120.817, 48.5377], [-120.8164, 48.5352], [-120.8104, 48.5306], [-120.8102, 48.5276], [-120.8176, 48.5221], [-120.8168, 48.5196], [-120.8018, 48.5105], [-120.7879, 48.5071], [-120.7656, 48.5089], [-120.7519, 48.5129], [-120.7502, 48.5155], [-120.7418, 48.5181], [-120.7309, 48.5179], [-120.7184, 48.5227], [-120.7095, 48.5233], [-120.7031, 48.5278], [-120.7021, 48.5316], [-120.7075, 48.5368], [-120.7087, 48.5418], [-120.702, 48.5511], [-120.7005, 48.559], [-120.6881, 48.563], [-120.6861, 48.5665], [-120.6885, 48.5757], [-120.6928, 48.5775], [-120.7001, 48.5838], [-120.7065, 48.5908], [-120.7122, 48.5914], [-120.7192, 48.5964], [-120.7226, 48.5961], [-120.7244, 48.5889], [-120.7307, 48.5823], [-120.7416, 48.5789], [-120.7539, 48.5806], [-120.7605, 48.5828], [-120.7659, 48.589], [-120.7738, 48.5931], [-120.7837, 48.6019], [-120.7853, 48.6083], [-120.7824, 48.6139], [-120.7883, 48.6251], [-120.7823, 48.6286], [-120.7775, 48.6353], [-120.7741, 48.6376], [-120.7717, 48.6426], [-120.7664, 48.6444], [-120.7576, 48.6446], [-120.7529, 48.6494], [-120.7498, 48.6593], [-120.7382, 48.6627], [-120.7331, 48.6662], [-120.7208, 48.6639], [-120.7173, 48.6645], [-120.7187, 48.6745], [-120.7132, 48.6823], [-120.712, 48.6879], [-120.7034, 48.6969], [-120.6955, 48.6967], [-120.6842, 48.6942], [-120.6781, 48.6962], [-120.6778, 48.7014], [-120.6801, 48.7039], [-120.6816, 48.7106], [-120.6782, 48.7178], [-120.6707, 48.7206], [-120.6598, 48.7196], [-120.656, 48.7249], [-120.6612, 48.7273], [-120.6679, 48.7336], [-120.6734, 48.7332], [-120.6782, 48.7351], [-120.6804, 48.7414], [-120.6895, 48.7457], [-120.6929, 48.7564], [-120.6995, 48.7573], [-120.7099, 48.7718], [-120.7255, 48.7734], [-120.7354, 48.7865], [-120.734, 48.7925], [-120.7372, 48.7958], [-120.7353, 48.8038], [-120.7421, 48.8113], [-120.7424, 48.8221], [-120.7374, 48.8257], [-120.7358, 48.8348], [-120.7398, 48.8414], [-120.7367, 48.8445], [-120.7314, 48.855], [-120.7361, 48.8582], [-120.7353, 48.8644], [-120.7483, 48.8668], [-120.7669, 48.8764], [-120.7702, 48.8818], [-120.7637, 48.8878], [-120.7662, 48.8932], [-120.7627, 48.8995], [-120.771, 48.9043], [-120.7714, 48.9083], [-120.7679, 48.9114], [-120.772, 48.9167], [-120.7724, 48.9242], [-120.7704, 48.9274], [-120.7589, 48.9297], [-120.7546, 48.933], [-120.754, 48.9363], [-120.7574, 48.9443], [-120.7631, 48.9485], [-120.7685, 48.9545], [-120.7749, 48.9568], [-120.7872, 48.9577], [-120.7921, 48.9594], [-120.8011, 48.9587], [-120.801, 48.9536], [-120.8064, 48.9517], [-120.8151, 48.9506], [-120.8142, 48.946], [-120.8191, 48.9443], [-120.8201, 48.9411], [-120.8297, 48.9382], [-120.8354, 48.9393], [-120.8402, 48.95], [-120.849, 48.9559], [-120.8569, 48.9567], [-120.8616, 48.9602], [-120.8734, 48.9627], [-120.8807, 48.9667], [-120.8821, 48.9779], [-120.8657, 48.9798], [-120.8512, 48.9938], [-120.8553, 48.9977], [-120.8515, 49.0003], [-120.9215, 49.0003], [-121.095, 49.0002], [-121.2056, 49.0006], [-121.3348, 49.0009], [-121.4051, 48.9999], [-121.4339, 48.9999], [-121.4339, 48.9281], [-121.4339, 48.8176], [-121.5636, 48.8177], [-121.5635, 48.7587], [-121.5638, 48.7411], [-121.5685, 48.7398], [-121.5702, 48.7354], [-121.5791, 48.7292], [-121.5914, 48.7257], [-121.5971, 48.7274], [-121.6055, 48.725], [-121.6105, 48.7211], [-121.6175, 48.7218], [-121.6259, 48.7201], [-121.6428, 48.7191], [-121.6519, 48.7202], [-121.6563, 48.7153], [-121.6546, 48.7055], [-121.6576, 48.698], [-121.6564, 48.6929], [-121.6613, 48.6872], [-121.6595, 48.6811], [-121.6657, 48.6673], [-121.6718, 48.6591], [-121.6731, 48.6528], [-121.685, 48.6442], [-121.6906, 48.649], [-121.69, 48.6498], [-121.6831, 48.6495], [-121.6828, 48.6533], [-121.6955, 48.6533], [-121.6953, 48.6587], [-121.7384, 48.6587]]]]}, "properties": {"district": "Concrete School District (WA)", "county": "Skagit"}}, {"type": "Feature", "geometry": {"type": "Polygon", "coordinates": [[[-122.4168, 48.3647], [-122.4215, 48.363], [-122.4278, 48.3579], [-122.4407, 48.3586], [-122.4476, 48.3613], [-122.4637, 48.359], [-122.469, 48.36], [-122.4713, 48.3633], [-122.4981, 48.3535], [-122.5013, 48.3517], [-122.5374, 48.3391], [-122.5055, 48.3193], [-122.4972, 48.3115], [-122.4806, 48.3039], [-122.4586, 48.2977], [-122.4007, 48.2978], [-122.3354, 48.2975], [-122.2971, 48.2977], [-122.2475, 48.2974], [-122.2039, 48.2976], [-122.1836, 48.2973], [-122.1835, 48.3409], [-122.227, 48.341], [-122.2266, 48.3699], [-122.2481, 48.3703], [-122.2703, 48.3703], [-122.2702, 48.3777], [-122.3026, 48.3774], [-122.3034, 48.381], [-122.3343, 48.3812], [-122.3357, 48.3848], [-122.3627, 48.3849], [-122.3739, 48.3879], [-122.3804, 48.3865], [-122.3824, 48.3831], [-122.3922, 48.3802], [-122.3947, 48.3713], [-122.3976, 48.3688], [-122.403, 48.3685], [-122.4168, 48.3647]]]}, "properties": {"district": "Conway School District (WA)", "county": "Skagit"}}, {"type": "Feature", "geometry": {"type": "Polygon", "coordinates": [[[-123.6763, 46.9573], [-123.6863, 46.9589], [-123.6998, 46.956], [-123.7093, 46.9549], [-123.7182, 46.9488], [-123.722, 46.9489], [-123.7282, 46.9524], [-123.7319, 46.951], [-123.7309, 46.947], [-123.7341, 46.9455], [-123.7411, 46.9494], [-123.7431, 46.9521], [-123.7412, 46.9569], [-123.7443, 46.9614], [-123.752, 46.9607], [-123.7572, 46.9624], [-123.7834, 46.9625], [-123.7812, 46.9558], [-123.789, 46.9552], [-123.7891, 46.9481], [-123.7942, 46.948], [-123.7908, 46.955], [-123.7995, 46.955], [-123.7995, 46.9515], [-123.8206, 46.9517], [-123.8212, 46.9226], [-123.7784, 46.9223], [-123.779, 46.9081], [-123.777, 46.908], [-123.7762, 46.8721], [-123.7769, 46.8621], [-123.7857, 46.8566], [-123.7906, 46.8574], [-123.791, 46.8505], [-123.7558, 46.8506], [-123.7559, 46.8074], [-123.7984, 46.807], [-123.7984, 46.7926], [-123.7777, 46.7928], [-123.7347, 46.7927], [-123.7157, 46.7932], [-123.6739, 46.7934], [-123.6528, 46.7932], [-123.6528, 46.8237], [-123.6498, 46.8237], [-123.6508, 46.8519], [-123.6721, 46.8516], [-123.6728, 46.8665], [-123.6512, 46.8663], [-123.6517, 46.8808], [-123.6512, 46.9082], [-123.6978, 46.908], [-123.6978, 46.9226], [-123.6774, 46.9224], [-123.6771, 46.9153], [-123.6555, 46.9155], [-123.6558, 46.9225], [-123.6664, 46.9226], [-123.6661, 46.9297], [-123.6763, 46.9295], [-123.6763, 46.9371], [-123.6551, 46.9371], [-123.6552, 46.9443], [-123.6658, 46.9442], [-123.6652, 46.9556], [-123.6763, 46.9573]]]}, "properties": {"district": "Cosmopolis School District (WA)", "county": "Grays Harbor"}}, {"type": "Feature", "geometry": {"type": "Polygon", "coordinates": [[[-119.6422, 47.6556], [-119.6419, 47.6415], [-119.6636, 47.6413], [-119.6631, 47.6125], [-119.6622, 47.6125], [-119.6624, 47.5703], [-119.7055, 47.57], [-119.7051, 47.5122], [-119.7263, 47.5119], [-119.7264, 47.4975], [-119.7467, 47.4972], [-119.748, 47.4948], [-119.7479, 47.4683], [-119.7305, 47.4683], [-119.7259, 47.4705], [-119.726, 47.4832], [-119.705, 47.4834], [-119.705, 47.4689], [-119.6195, 47.4697], [-119.5334, 47.47], [-119.5332, 47.5132], [-119.5329, 47.5278], [-119.4898, 47.527], [-119.4826, 47.5275], [-119.4535, 47.5275], [-119.4535, 47.5312], [-119.3947, 47.5309], [-119.3945, 47.4768], [-119.3732, 47.4766], [-119.2985, 47.4754], [-119.2558, 47.4751], [-119.2341, 47.4743], [-119.2345, 47.5417], [-119.2342, 47.5541], [-119.1711, 47.5534], [-119.1708, 47.5753], [-119.1492, 47.5751], [-119.1494, 47.5678], [-119.0855, 47.5674], [-119.0857, 47.5529], [-119.0317, 47.5533], [-118.9777, 47.5534], [-118.9778, 47.5972], [-118.9764, 47.6723], [-118.9758, 47.7136], [-119.0405, 47.7134], [-119.0406, 47.7209], [-119.073, 47.7209], [-119.0727, 47.7573], [-119.0511, 47.7573], [-119.0508, 47.7718], [-119.0507, 47.8156], [-119.0833, 47.8155], [-119.0828, 47.8635], [-119.0688, 47.868], [-119.0667, 47.8661], [-119.0564, 47.8663], [-119.0547, 47.8696], [-119.0388, 47.8734], [-119.0388, 47.8886], [-119.0178, 47.8886], [-119.0176, 47.9031], [-119.0607, 47.9028], [-119.0608, 47.8881], [-119.0806, 47.8892], [-119.0799, 47.8914], [-119.0839, 47.8964], [-119.0851, 47.9006], [-119.1014, 47.9024], [-119.0982, 47.8993], [-119.1027, 47.894], [-119.1045, 47.8877], [-119.1049, 47.8732], [-119.2122, 47.8731], [-119.2123, 47.8584], [-119.2659, 47.8586], [-119.2663, 47.8079], [-119.3202, 47.808], [-119.3201, 47.8152], [-119.3627, 47.8154], [-119.3627, 47.8009], [-119.4057, 47.801], [-119.4059, 47.7718], [-119.4704, 47.7722], [-119.4911, 47.772], [-119.4913, 47.7504], [-119.5023, 47.7503], [-119.5023, 47.7431], [-119.4913, 47.7431], [-119.4913, 47.7359], [-119.5023, 47.7359], [-119.5025, 47.7287], [-119.5782, 47.7285], [-119.5783, 47.7024], [-119.5777, 47.656], [-119.6422, 47.6556]]]}, "properties": {"district": "Coulee-Hartline School District (WA)", "county": "Grant"}}, {"type": "Feature", "geometry": {"type": "Polygon", "coordinates": [[[-122.8627, 48.254], [-122.8627, 48.2437], [-122.8521, 48.2265], [-122.832, 48.2077], [-122.8183, 48.1988], [-122.7933, 48.1864], [-122.766, 48.1733], [-122.7538, 48.1652], [-122.7342, 48.1551], [-122.7262, 48.1501], [-122.7096, 48.1382], [-122.7033, 48.1344], [-122.6919, 48.1317], [-122.672, 48.1303], [-122.661, 48.1277], [-122.6524, 48.1207], [-122.6482, 48.1138], [-122.6444, 48.1039], [-122.6423, 48.0938], [-122.6413, 48.0601], [-122.6386, 48.0353], [-122.5307, 48.0368], [-122.5335, 48.0542], [-122.539, 48.0705], [-122.5444, 48.0822], [-122.5553, 48.0978], [-122.5562, 48.1035], [-122.5538, 48.1082], [-122.5486, 48.113], [-122.5392, 48.119], [-122.5242, 48.1255], [-122.557, 48.1706], [-122.571, 48.1859], [-122.5775, 48.1949], [-122.5849, 48.2094], [-122.59, 48.2235], [-122.5939, 48.2367], [-122.6059, 48.2361], [-122.6772, 48.2306], [-122.681, 48.234], [-122.6807, 48.2466], [-122.7, 48.2467], [-122.6999, 48.2529], [-122.7185, 48.2529], [-122.7311, 48.2541], [-122.73, 48.2395], [-122.7462, 48.2392], [-122.7462, 48.2445], [-122.7344, 48.2447], [-122.7334, 48.2479], [-122.7463, 48.2479], [-122.7462, 48.2537], [-122.8627, 48.254]]]}, "properties": {"district": "Coupeville School District (WA)", "county": "Island"}}, {"type": "Feature", "geometry": {"type": "Polygon", "coordinates": [[[-124.0501, 48.0889], [-124.0501, 48.087], [-123.9244, 48.087], [-123.9246, 47.9999], [-123.9242, 47.9814], [-123.9224, 47.9718], [-123.9222, 47.9575], [-123.9262, 47.9576], [-123.9262, 47.8815], [-123.926, 47.8814], [-123.9098, 47.8815], [-123.7987, 47.8815], [-123.7987, 47.8811], [-123.6967, 47.8811], [-123.6967, 47.9576], [-123.701, 47.9576], [-123.7011, 48.0715], [-123.7202, 48.0725], [-123.731, 48.0723], [-123.7313, 48.0859], [-123.7013, 48.0855], [-123.7014, 48.0786], [-123.6784, 48.0787], [-123.6771, 48.0857], [-123.6561, 48.0855], [-123.6552, 48.0994], [-123.6555, 48.1067], [-123.6342, 48.1072], [-123.6147, 48.1068], [-123.6145, 48.1142], [-123.6036, 48.1144], [-123.6039, 48.1069], [-123.5824, 48.1072], [-123.5824, 48.1109], [-123.5602, 48.1112], [-123.5604, 48.1293], [-123.559, 48.1368], [-123.5816, 48.1365], [-123.5818, 48.1329], [-123.5872, 48.1328], [-123.5851, 48.2295], [-123.6791, 48.24], [-123.8583, 48.2706], [-124.0121, 48.2967], [-124.0456, 48.3061], [-124.049, 48.1773], [-124.0489, 48.1442], [-124.0501, 48.0889]]]}, "properties": {"district": "Crescent School District (WA)", "county": "Clallam"}}, {"type": "Feature", "geometry": {"type": "Polygon", "coordinates": [[[-118.5369, 47.8768], [-118.5396, 47.8741], [-118.5593, 47.8741], [-118.5589, 47.8599], [-118.5811, 47.8598], [-118.5812, 47.8017], [-118.57, 47.8018], [-118.5701, 47.7872], [-118.5922, 47.7873], [-118.5923, 47.7506], [-118.6136, 47.7506], [-118.6136, 47.7286], [-118.5868, 47.7288], [-118.5869, 47.7178], [-118.5924, 47.7178], [-118.5927, 47.6993], [-118.5924, 47.6707], [-118.5696, 47.6707], [-118.5695, 47.6561], [-118.5922, 47.6564], [-118.592, 47.6417], [-118.6153, 47.6413], [-118.6349, 47.6414], [-118.6355, 47.5809], [-118.5705, 47.5802], [-118.5474, 47.5806], [-118.4642, 47.5807], [-118.4213, 47.5805], [-118.4216, 47.5948], [-118.4001, 47.5955], [-118.3571, 47.5953], [-118.3577, 47.6131], [-118.3341, 47.6132], [-118.3346, 47.6718], [-118.3345, 47.701], [-118.3341, 47.7226], [-118.3128, 47.7222], [-118.3128, 47.7449], [-118.2487, 47.7449], [-118.2488, 47.7737], [-118.2702, 47.774], [-118.2699, 47.7928], [-118.2699, 47.8315], [-118.3127, 47.8319], [-118.313, 47.8609], [-118.3137, 47.8753], [-118.3138, 47.9044], [-118.3192, 47.9044], [-118.3217, 47.8963], [-118.3267, 47.8963], [-118.3345, 47.8938], [-118.3409, 47.8943], [-118.3475, 47.887], [-118.3499, 47.8826], [-118.3481, 47.877], [-118.3541, 47.8649], [-118.3569, 47.8477], [-118.3571, 47.8416], [-118.3682, 47.833], [-118.3748, 47.8331], [-118.3835, 47.8304], [-118.3927, 47.8307], [-118.4188, 47.8357], [-118.4241, 47.8385], [-118.4334, 47.8398], [-118.4458, 47.8455], [-118.4562, 47.8545], [-118.4578, 47.8595], [-118.457, 47.8749], [-118.4609, 47.8803], [-118.4658, 47.8822], [-118.4757, 47.8771], [-118.5011, 47.8738], [-118.5079, 47.8753], [-118.5313, 47.8749], [-118.5369, 47.8768]]]}, "properties": {"district": "Creston School District (WA)", "county": "Lincoln"}}, {"type": "Feature", "geometry": {"type": "Polygon", "coordinates": [[[-118.9028, 49.0001], [-118.9025, 48.96], [-118.9026, 48.8796], [-118.9194, 48.8792], [-118.9194, 48.872], [-118.9249, 48.8718], [-118.9255, 48.8573], [-118.9246, 48.8428], [-118.9247, 48.8283], [-118.9244, 48.8126], [-118.837, 48.8127], [-118.8369, 48.7994], [-118.7894, 48.799], [-118.706, 48.7989], [-118.7059, 48.7915], [-118.6712, 48.7912], [-118.6366, 48.7914], [-118.6364, 48.7844], [-118.6149, 48.7839], [-118.6149, 48.7694], [-118.5716, 48.7695], [-118.572, 48.7406], [-118.4857, 48.7408], [-118.4418, 48.741], [-118.4421, 48.7591], [-118.4419, 48.8265], [-118.4405, 48.8285], [-118.4083, 48.8286], [-118.3704, 48.8284], [-118.3702, 48.853], [-118.3705, 48.9221], [-118.3704, 49.0001], [-118.5496, 49.0001], [-118.6893, 49.0001], [-118.8032, 49.0001], [-118.9028, 49.0001]]]}, "properties": {"district": "Curlew School District (WA)", "county": "Ferry"}}, {"type": "Feature", "geometry": {"type": "Polygon", "coordinates": [[[-117.5012, 48.484], [-117.5006, 48.484], [-117.5004, 48.4368], [-117.5005, 48.3948], [-117.5, 48.3663], [-117.5, 48.2885], [-117.5001, 48.2381], [-117.5009, 48.2234], [-117.5022, 48.2234], [-117.5025, 48.1947], [-117.4375, 48.1945], [-117.4375, 48.2053], [-117.3929, 48.2055], [-117.3541, 48.2052], [-117.3541, 48.2097], [-117.3487, 48.2097], [-117.3487, 48.2052], [-117.3269, 48.2052], [-117.3271, 48.2232], [-117.2842, 48.2232], [-117.2634, 48.2235], [-117.2636, 48.2105], [-117.1986, 48.2103], [-117.198, 48.2341], [-117.2136, 48.2354], [-117.2229, 48.2385], [-117.2328, 48.2449], [-117.2368, 48.2528], [-117.2516, 48.2751], [-117.2544, 48.2822], [-117.2552, 48.2958], [-117.198, 48.2961], [-117.1984, 48.3098], [-117.1748, 48.3099], [-117.1762, 48.3779], [-117.1755, 48.3971], [-117.1758, 48.4367], [-117.1755, 48.484], [-117.1086, 48.4835], [-117.1082, 48.5267], [-117.0865, 48.5263], [-117.085, 48.5698], [-117.0348, 48.5689], [-117.0344, 48.6285], [-117.0337, 48.6553], [-117.1285, 48.6559], [-117.1698, 48.6563], [-117.2136, 48.6564], [-117.3271, 48.6562], [-117.3267, 48.6143], [-117.3272, 48.5853], [-117.327, 48.5709], [-117.4356, 48.5711], [-117.5008, 48.5717], [-117.5014, 48.5414], [-117.5009, 48.5274], [-117.5013, 48.5128], [-117.5012, 48.484]]]}, "properties": {"district": "Cusick School District (WA)", "county": "Pend Oreille"}}, {"type": "Feature", "geometry": {"type": "Polygon", "coordinates": [[[-120.6346, 46.9121], [-120.6334, 46.9055], [-120.6339, 46.8693], [-120.5719, 46.8693], [-120.53, 46.8688], [-120.4816, 46.8688], [-120.4952, 46.8753], [-120.492, 46.8788], [-120.4847, 46.8754], [-120.4758, 46.8783], [-120.475, 46.8819], [-120.482, 46.8851], [-120.4881, 46.8827], [-120.4945, 46.8849], [-120.4994, 46.8925], [-120.505, 46.8984], [-120.497, 46.8997], [-120.5019, 46.9047], [-120.508, 46.908], [-120.509, 46.9139], [-120.5129, 46.9254], [-120.5191, 46.9263], [-120.5215, 46.9314], [-120.5285, 46.9323], [-120.5342, 46.9423], [-120.5344, 46.9457], [-120.5387, 46.9508], [-120.5361, 46.9544], [-120.5393, 46.9581], [-120.5475, 46.9626], [-120.5532, 46.9643], [-120.5548, 46.9704], [-120.5588, 46.9724], [-120.5594, 46.9772], [-120.5651, 46.9772], [-120.5701, 46.9813], [-120.5713, 46.9869], [-120.577, 46.9876], [-120.5812, 46.9958], [-120.6027, 46.996], [-120.6019, 46.9888], [-120.6074, 46.9889], [-120.6071, 46.9818], [-120.6016, 46.9817], [-120.6016, 46.9781], [-120.6236, 46.9785], [-120.6247, 46.9569], [-120.6238, 46.9418], [-120.6237, 46.9124], [-120.6346, 46.9121]]]}, "properties": {"district": "Damman School District (WA)", "county": "Kittitas"}}, {"type": "Feature", "geometry": {"type": "Polygon", "coordinates": [[[-121.858, 48.2975], [-121.8576, 48.2792], [-121.8481, 48.2792], [-121.8504, 48.2757], [-121.8576, 48.2757], [-121.8568, 48.2248], [-121.8353, 48.2247], [-121.7494, 48.2252], [-121.7494, 48.2108], [-121.7078, 48.211], [-121.7075, 48.1967], [-121.7075, 48.1388], [-121.7073, 48.1246], [-121.5831, 48.1245], [-121.5183, 48.1245], [-121.4532, 48.1247], [-121.4539, 48.0366], [-121.3654, 48.0363], [-121.3242, 48.0363], [-121.324, 48.1253], [-121.1679, 48.1255], [-121.1679, 48.1356], [-120.9638, 48.1356], [-120.9644, 48.143], [-120.956, 48.1477], [-120.9556, 48.152], [-120.9484, 48.155], [-120.9383, 48.1551], [-120.9332, 48.1568], [-120.9319, 48.1616], [-120.9152, 48.1597], [-120.9074, 48.1632], [-120.9105, 48.1736], [-120.9174, 48.1798], [-120.9206, 48.1873], [-120.9193, 48.1904], [-120.9255, 48.1918], [-120.9327, 48.1971], [-120.947, 48.201], [-120.9523, 48.2091], [-120.9637, 48.2107], [-120.9657, 48.2178], [-120.9598, 48.2278], [-120.9731, 48.2353], [-120.9744, 48.2388], [-120.9812, 48.2467], [-120.9825, 48.2513], [-120.9904, 48.2556], [-120.9999, 48.2629], [-121.0056, 48.2701], [-121.0061, 48.2743], [-121.0113, 48.2782], [-121.0123, 48.2818], [-121.0044, 48.2854], [-121.0006, 48.2905], [-121.0017, 48.296], [-121.1176, 48.296], [-121.2731, 48.296], [-121.4028, 48.2959], [-121.445, 48.296], [-121.4443, 48.3396], [-121.4444, 48.3839], [-121.4878, 48.3838], [-121.5562, 48.3839], [-121.6009, 48.3844], [-121.6935, 48.3851], [-121.8349, 48.3849], [-121.8351, 48.3789], [-121.8348, 48.3274], [-121.8351, 48.298], [-121.858, 48.2975]]]}, "properties": {"district": "Darrington School District (WA)", "county": "Snohomish"}}, {"type": "Feature", "geometry": {"type": "Polygon", "coordinates": [[[-118.3192, 47.9044], [-118.3138, 47.9044], [-118.3137, 47.8753], [-118.313, 47.8609], [-118.3127, 47.8319], [-118.2699, 47.8315], [-118.2699, 47.7928], [-118.2702, 47.774], [-118.2488, 47.7737], [-118.2487, 47.7449], [-118.3128, 47.7449], [-118.3128, 47.7222], [-118.3341, 47.7226], [-118.3345, 47.701], [-118.3346, 47.6718], [-118.3341, 47.6132], [-118.3577, 47.6131], [-118.3571, 47.5953], [-118.3357, 47.5952], [-118.3351, 47.5806], [-118.2814, 47.5805], [-118.2703, 47.5796], [-118.2309, 47.5797], [-118.2305, 47.5724], [-118.208, 47.5727], [-118.208, 47.5652], [-118.1972, 47.5673], [-118.1971, 47.5601], [-118.2078, 47.5579], [-118.2076, 47.5507], [-118.1971, 47.5528], [-118.1967, 47.5294], [-118.186, 47.5299], [-118.1857, 47.5226], [-118.1645, 47.5236], [-118.1645, 47.5088], [-118.1431, 47.5095], [-118.1111, 47.5092], [-118.111, 47.4946], [-118.079, 47.4941], [-118.0789, 47.5089], [-118.0897, 47.509], [-118.0897, 47.5162], [-118.1004, 47.5163], [-118.1003, 47.5235], [-118.0581, 47.5231], [-118.0585, 47.5483], [-118.0531, 47.5483], [-118.0531, 47.5518], [-118.0585, 47.5518], [-118.0585, 47.5665], [-118.0373, 47.5663], [-118.0371, 47.6136], [-118.0338, 47.6144], [-118.0337, 47.6212], [-118.0123, 47.6212], [-118.012, 47.6871], [-118.0123, 47.7159], [-117.9693, 47.7159], [-117.9694, 47.7304], [-117.9491, 47.7305], [-117.9491, 47.7449], [-117.9594, 47.745], [-117.9594, 47.7667], [-117.9492, 47.7667], [-117.9493, 47.7883], [-117.928, 47.7887], [-117.9283, 47.796], [-117.9388, 47.7958], [-117.9389, 47.8031], [-117.9494, 47.8028], [-117.9493, 47.8099], [-117.9703, 47.81], [-117.9707, 47.8173], [-117.9927, 47.8174], [-117.992, 47.8327], [-117.988, 47.8343], [-117.9789, 47.8339], [-117.9658, 47.8317], [-117.9578, 47.8278], [-117.9394, 47.8246], [-117.9352, 47.8224], [-117.9269, 47.8242], [-117.9166, 47.8285], [-117.917, 47.8315], [-117.9105, 47.8329], [-117.9048, 47.8359], [-117.8987, 47.835], [-117.8858, 47.8375], [-117.8833, 47.8411], [-117.8826, 47.8457], [-117.8795, 47.8471], [-117.8587, 47.8422], [-117.8548, 47.8393], [-117.8479, 47.8366], [-117.8412, 47.8373], [-117.8523, 47.8388], [-117.8591, 47.843], [-117.8642, 47.8445], [-117.8762, 47.8474], [-117.8815, 47.8475], [-117.8841, 47.8444], [-117.8838, 47.8422], [-117.8863, 47.8383], [-117.8952, 47.8363], [-117.9016, 47.8359], [-117.9052, 47.8369], [-117.9072, 47.8353], [-117.9129, 47.8352], [-117.9178, 47.8316], [-117.9187, 47.829], [-117.9262, 47.8253], [-117.9355, 47.8232], [-117.9387, 47.8252], [-117.9569, 47.8281], [-117.9661, 47.8322], [-117.9797, 47.8344], [-117.9901, 47.8344], [-117.9947, 47.8322], [-118.0042, 47.8232], [-118.0081, 47.8173], [-118.0103, 47.8097], [-118.0134, 47.8056], [-118.0243, 47.8021], [-118.0315, 47.8038], [-118.036, 47.8027], [-118.0443, 47.7969], [-118.0482, 47.7923], [-118.0526, 47.7979], [-118.0562, 47.7993], [-118.0635, 47.7973], [-118.0698, 47.8002], [-118.0782, 47.8001], [-118.0836, 47.8095], [-118.0993, 47.8236], [-118.0977, 47.8288], [-118.1055, 47.8304], [-118.1078, 47.8325], [-118.1178, 47.8326], [-118.12, 47.8397], [-118.1186, 47.8435], [-118.1206, 47.8519], [-118.1261, 47.8619], [-118.1304, 47.8656], [-118.138, 47.8754], [-118.1438, 47.8847], [-118.1486, 47.8867], [-118.1544, 47.8866], [-118.1599, 47.8845], [-118.1625, 47.8898], [-118.1602, 47.8972], [-118.1683, 47.9031], [-118.1765, 47.9013], [-118.1787, 47.9043], [-118.1766, 47.9105], [-118.1884, 47.9198], [-118.1902, 47.9263], [-118.2, 47.9284], [-118.2023, 47.9354], [-118.2062, 47.9422], [-118.2123, 47.9455], [-118.218, 47.9447], [-118.2296, 47.9402], [-118.2378, 47.9401], [-118.2429, 47.9432], [-118.2527, 47.9424], [-118.2592, 47.9376], [-118.26, 47.9348], [-118.2719, 47.9327], [-118.2741, 47.9289], [-118.2938, 47.919], [-118.3033, 47.9155], [-118.3172, 47.9088], [-118.3192, 47.9044]]]}, "properties": {"district": "Davenport School District (WA)", "county": "Lincoln"}}, {"type": "Feature", "geometry": {"type": "Polygon", "coordinates": [[[-118.0745, 46.412], [-118.0538, 46.4119], [-118.0542, 46.3679], [-118.0906, 46.3679], [-118.0906, 46.3643], [-118.0959, 46.3642], [-118.0959, 46.3606], [-118.1059, 46.3607], [-118.1059, 46.3534], [-118.096, 46.3534], [-118.0956, 46.3243], [-118.1159, 46.3244], [-118.1161, 46.3099], [-118.1371, 46.31], [-118.1373, 46.2954], [-118.1161, 46.2955], [-118.1163, 46.2808], [-118.1112, 46.2808], [-118.1112, 46.2772], [-118.0957, 46.2772], [-118.0957, 46.2809], [-118.0539, 46.2806], [-118.054, 46.2589], [-118.0435, 46.2589], [-118.0435, 46.2553], [-118.0488, 46.2553], [-118.0488, 46.2517], [-118.0645, 46.2517], [-118.0645, 46.2443], [-118.0749, 46.2443], [-118.0748, 46.2297], [-118.0645, 46.2297], [-118.0644, 46.2152], [-118.0437, 46.2151], [-118.0436, 46.2079], [-117.9915, 46.2077], [-117.9918, 46.1931], [-117.9918, 46.1494], [-117.9924, 46.1276], [-117.9927, 46.0706], [-117.9932, 46.0627], [-117.9921, 46.0414], [-117.9935, 46.0268], [-117.9931, 46.0197], [-117.9955, 46.0129], [-117.997, 46.0006], [-117.9017, 46.0002], [-117.7301, 45.9998], [-117.6821, 45.9998], [-117.6034, 45.9989], [-117.6033, 46.1213], [-117.6126, 46.1213], [-117.6126, 46.2154], [-117.6124, 46.2226], [-117.6127, 46.2942], [-117.6119, 46.3385], [-117.6749, 46.3376], [-117.6739, 46.3833], [-117.6949, 46.3833], [-117.6951, 46.3977], [-117.7165, 46.3976], [-117.7166, 46.4418], [-117.7374, 46.442], [-117.7373, 46.4715], [-117.7795, 46.4714], [-117.7798, 46.4531], [-117.8009, 46.4532], [-117.8007, 46.4641], [-117.8222, 46.4638], [-117.8221, 46.4711], [-117.8633, 46.4707], [-117.8624, 46.5272], [-117.8616, 46.5602], [-117.8532, 46.5602], [-117.8519, 46.6247], [-117.8616, 46.6231], [-117.8695, 46.6195], [-117.874, 46.6156], [-117.8782, 46.6089], [-117.8819, 46.5922], [-117.885, 46.5878], [-117.8919, 46.5854], [-117.9091, 46.5848], [-117.9319, 46.5881], [-117.9529, 46.5921], [-117.9581, 46.5918], [-117.9801, 46.5878], [-117.9795, 46.5601], [-117.9866, 46.5601], [-117.9873, 46.5297], [-118.0101, 46.5301], [-118.0315, 46.5295], [-118.0318, 46.5243], [-118.0321, 46.4707], [-118.0106, 46.4707], [-118.0107, 46.4595], [-118.0321, 46.4595], [-118.0321, 46.4558], [-118.0533, 46.4558], [-118.0534, 46.4411], [-118.0744, 46.4412], [-118.0745, 46.412]]]}, "properties": {"district": "Dayton School District (WA)", "county": "Columbia"}}, {"type": "Feature", "geometry": {"type": "Polygon", "coordinates": [[[-117.6291, 48.0191], [-117.6302, 48.0046], [-117.6713, 48.0043], [-117.672, 47.9615], [-117.6492, 47.9613], [-117.6495, 47.9467], [-117.649, 47.9178], [-117.6272, 47.9177], [-117.6267, 47.8887], [-117.6107, 47.8887], [-117.6107, 47.8742], [-117.6051, 47.8742], [-117.6052, 47.8672], [-117.5996, 47.8672], [-117.5996, 47.8599], [-117.5727, 47.8599], [-117.5728, 47.8671], [-117.5603, 47.8671], [-117.5597, 47.8697], [-117.5513, 47.8693], [-117.5513, 47.8598], [-117.558, 47.8598], [-117.5618, 47.8562], [-117.5617, 47.8524], [-117.5403, 47.8525], [-117.5401, 47.849], [-117.5346, 47.8489], [-117.5347, 47.8306], [-117.5186, 47.831], [-117.5189, 47.8383], [-117.5081, 47.8383], [-117.5085, 47.8601], [-117.4545, 47.8601], [-117.4543, 47.8818], [-117.4327, 47.8819], [-117.4328, 47.8892], [-117.4543, 47.8891], [-117.4546, 47.9036], [-117.4655, 47.9035], [-117.4656, 47.9181], [-117.4332, 47.9183], [-117.4339, 47.9595], [-117.4288, 47.9598], [-117.393, 47.9596], [-117.3929, 48.0031], [-117.4366, 48.0035], [-117.4369, 48.0472], [-117.3931, 48.0469], [-117.3928, 48.0573], [-117.4037, 48.0573], [-117.4035, 48.0644], [-117.4089, 48.0644], [-117.4088, 48.0753], [-117.3926, 48.0752], [-117.3924, 48.1043], [-117.4374, 48.1045], [-117.4376, 48.1347], [-117.5133, 48.1349], [-117.5133, 48.1275], [-117.5645, 48.128], [-117.5647, 48.1205], [-117.587, 48.1205], [-117.5864, 48.0842], [-117.5651, 48.0841], [-117.565, 48.0481], [-117.5371, 48.0479], [-117.5369, 48.0332], [-117.5869, 48.0333], [-117.5871, 48.0297], [-117.6055, 48.0298], [-117.6085, 48.0261], [-117.6085, 48.019], [-117.6291, 48.0191]]]}, "properties": {"district": "Deer Park School District (WA)", "county": "Spokane"}}, {"type": "Feature", "geometry": {"type": "Polygon", "coordinates": [[[-122.2402, 47.2575], [-122.2441, 47.252], [-122.2434, 47.2442], [-122.2375, 47.2457], [-122.2348, 47.2436], [-122.2316, 47.2282], [-122.2083, 47.228], [-122.2083, 47.2208], [-122.2028, 47.221], [-122.203, 47.2282], [-122.19, 47.2286], [-122.1776, 47.228], [-122.174, 47.2173], [-122.1645, 47.2132], [-122.1622, 47.2108], [-122.1442, 47.2031], [-122.1442, 47.2066], [-122.1335, 47.2066], [-122.1308, 47.2102], [-122.1255, 47.2102], [-122.1255, 47.2138], [-122.1125, 47.2137], [-122.1158, 47.2166], [-122.113, 47.2236], [-122.1176, 47.2266], [-122.115, 47.2287], [-122.1167, 47.2311], [-122.1255, 47.2323], [-122.1224, 47.238], [-122.1238, 47.2399], [-122.1343, 47.244], [-122.1383, 47.2506], [-122.1368, 47.2545], [-122.144, 47.2575], [-122.2083, 47.2574], [-122.2083, 47.2537], [-122.2017, 47.2538], [-122.1979, 47.2465], [-122.2083, 47.2417], [-122.2232, 47.2427], [-122.2239, 47.2575], [-122.2402, 47.2575]]]}, "properties": {"district": "Dieringer School District (WA)", "county": "Pierce"}}, {"type": "Feature", "geometry": {"type": "Polygon", "coordinates": [[[-118.221, 46.1942], [-118.221, 46.1798], [-118.2106, 46.1798], [-118.2105, 46.151], [-118.2417, 46.1508], [-118.2419, 46.1149], [-118.2001, 46.1149], [-118.2, 46.0862], [-118.1793, 46.0859], [-118.1793, 46.0786], [-118.132, 46.0785], [-118.0743, 46.0787], [-118.0743, 46.0679], [-118.0535, 46.0678], [-118.0537, 46.0641], [-118.0337, 46.0636], [-118.013, 46.0636], [-117.9932, 46.0627], [-117.9927, 46.0706], [-117.9924, 46.1276], [-118.0132, 46.1278], [-118.0549, 46.1292], [-118.0652, 46.1292], [-118.0653, 46.1327], [-118.0704, 46.1327], [-118.0704, 46.1363], [-118.0755, 46.1363], [-118.0755, 46.1434], [-118.0856, 46.1434], [-118.0854, 46.1506], [-118.0954, 46.1506], [-118.0954, 46.1649], [-118.1167, 46.165], [-118.1167, 46.1937], [-118.221, 46.1942]]]}, "properties": {"district": "Dixie School District (WA)", "county": "Walla Walla"}}, {"type": "Feature", "geometry": {"type": "Polygon", "coordinates": [[[-117.2402, 47.744], [-117.2402, 47.7404], [-117.2294, 47.7403], [-117.2293, 47.7222], [-117.2239, 47.7222], [-117.2239, 47.7113], [-117.24, 47.7112], [-117.24, 47.7004], [-117.2507, 47.7004], [-117.2506, 47.6929], [-117.2639, 47.6889], [-117.2623, 47.6852], [-117.272, 47.6832], [-117.2721, 47.6715], [-117.2235, 47.6716], [-117.2289, 47.6752], [-117.2181, 47.6752], [-117.2182, 47.6802], [-117.2067, 47.6783], [-117.1965, 47.6725], [-117.1854, 47.6708], [-117.1819, 47.6728], [-117.179, 47.6778], [-117.1662, 47.6811], [-117.1597, 47.6836], [-117.1543, 47.6783], [-117.1478, 47.6788], [-117.1418, 47.6812], [-117.135, 47.6812], [-117.1264, 47.678], [-117.1189, 47.6779], [-117.1113, 47.6831], [-117.1038, 47.6849], [-117.0892, 47.6819], [-117.0852, 47.6826], [-117.0765, 47.6877], [-117.0665, 47.6902], [-117.0632, 47.6934], [-117.0564, 47.6967], [-117.0459, 47.6988], [-117.0417, 47.6977], [-117.0418, 47.7311], [-117.0421, 47.7582], [-117.0421, 47.8295], [-117.0423, 47.8745], [-117.0887, 47.8742], [-117.1101, 47.8741], [-117.1098, 47.8439], [-117.1307, 47.8442], [-117.1306, 47.8155], [-117.1534, 47.8162], [-117.1537, 47.8017], [-117.1751, 47.802], [-117.1752, 47.7876], [-117.2345, 47.7875], [-117.2347, 47.7657], [-117.2293, 47.7657], [-117.2293, 47.7584], [-117.2186, 47.7583], [-117.2186, 47.7547], [-117.2454, 47.7548], [-117.2455, 47.7512], [-117.2402, 47.7512], [-117.2402, 47.744]]]}, "properties": {"district": "East Valley School District (Spokane) (WA)", "county": "Spokane"}}, {"type": "Feature", "geometry": {"type": "Polygon", "coordinates": [[[-119.9373, 46.5626], [-119.9702, 46.5628], [-119.9776, 46.5624], [-120.0429, 46.5625], [-120.1034, 46.5629], [-120.1258, 46.5625], [-120.1714, 46.5629], [-120.2095, 46.5625], [-120.2557, 46.5624], [-120.2566, 46.6206], [-120.2346, 46.6208], [-120.2354, 46.6377], [-120.2352, 46.6496], [-120.3399, 46.6497], [-120.3441, 46.6498], [-120.4158, 46.6496], [-120.4457, 46.6498], [-120.4458, 46.6389], [-120.4643, 46.6392], [-120.4644, 46.6355], [-120.4883, 46.6356], [-120.4883, 46.6236], [-120.4968, 46.6264], [-120.5014, 46.6305], [-120.5093, 46.6301], [-120.5028, 46.6272], [-120.5009, 46.6245], [-120.4907, 46.6221], [-120.4879, 46.6134], [-120.489, 46.6109], [-120.4837, 46.6066], [-120.4735, 46.6048], [-120.47, 46.5925], [-120.4607, 46.5821], [-120.4665, 46.5775], [-120.4611, 46.5731], [-120.4645, 46.5633], [-120.4596, 46.5611], [-120.4662, 46.5575], [-120.4694, 46.5495], [-120.4666, 46.5403], [-120.4683, 46.5351], [-120.438, 46.5347], [-120.4173, 46.535], [-120.4173, 46.528], [-120.3751, 46.5277], [-120.3751, 46.5078], [-120.3557, 46.5078], [-120.3557, 46.5204], [-120.3137, 46.5206], [-120.2901, 46.5201], [-120.2505, 46.52], [-120.2505, 46.5056], [-120.209, 46.5056], [-120.2091, 46.4946], [-120.2068, 46.4911], [-120.1254, 46.4914], [-120.1254, 46.4767], [-120.0844, 46.4764], [-119.9368, 46.4761], [-119.9367, 46.5052], [-119.9377, 46.5198], [-119.9373, 46.5626]]]}, "properties": {"district": "East Valley School District (Yakima) (WA)", "county": "Yakima"}}, {"type": "Feature", "geometry": {"type": "Polygon", "coordinates": [[[-120.2736, 47.5522], [-120.2859, 47.5447], [-120.2928, 47.5382], [-120.2947, 47.5324], [-120.3029, 47.5201], [-120.3058, 47.5067], [-120.3077, 47.5041], [-120.3098, 47.4909], [-120.3146, 47.4798], [-120.3165, 47.472], [-120.318, 47.4569], [-120.3161, 47.4506], [-120.3119, 47.4452], [-120.3085, 47.4323], [-120.302, 47.4244], [-120.2964, 47.4131], [-120.2932, 47.4008], [-120.2865, 47.3931], [-120.2589, 47.3834], [-120.2365, 47.3787], [-120.226, 47.3794], [-120.2176, 47.3776], [-120.2016, 47.3765], [-120.1787, 47.3715], [-120.1746, 47.3717], [-120.1656, 47.3677], [-120.1509, 47.3667], [-120.1296, 47.3662], [-120.1186, 47.3597], [-120.1056, 47.3484], [-120.1029, 47.3444], [-120.0983, 47.3423], [-120.0896, 47.3414], [-120.0833, 47.3337], [-120.0873, 47.3238], [-120.09, 47.32], [-120.0814, 47.3202], [-120.0435, 47.3199], [-120.0437, 47.3272], [-120.0327, 47.3272], [-120.0334, 47.3348], [-120.0219, 47.3347], [-120.0217, 47.3414], [-120.0107, 47.3414], [-120.0109, 47.3484], [-120.0056, 47.3486], [-120.0055, 47.392], [-120.048, 47.3915], [-120.0695, 47.3915], [-120.07, 47.4206], [-120.1117, 47.4203], [-120.1125, 47.4345], [-120.1225, 47.4344], [-120.1226, 47.449], [-120.1331, 47.4488], [-120.1329, 47.5505], [-120.1327, 47.5798], [-120.1542, 47.5802], [-120.1725, 47.5796], [-120.1973, 47.5795], [-120.2445, 47.5791], [-120.2536, 47.5726], [-120.2594, 47.5585], [-120.2736, 47.5522]]]}, "properties": {"district": "Eastmont School District (WA)", "county": "Douglas"}}, {"type": "Feature", "geometry": {"type": "Polygon", "coordinates": [[[-121.2837, 47.5188], [-121.2833, 47.5151], [-121.2874, 47.5131], [-121.2925, 47.5018], [-121.3004, 47.4958], [-121.3031, 47.486], [-121.3111, 47.483], [-121.3115, 47.4796], [-121.3254, 47.478], [-121.332, 47.4737], [-121.3385, 47.4763], [-121.348, 47.4653], [-121.3599, 47.4654], [-121.3707, 47.4604], [-121.3791, 47.4544], [-121.379, 47.4507], [-121.3853, 47.4449], [-121.3815, 47.4387], [-121.385, 47.4346], [-121.4005, 47.4322], [-121.4083, 47.4281], [-121.4113, 47.4231], [-121.4147, 47.4218], [-121.4224, 47.4223], [-121.4273, 47.4208], [-121.4284, 47.4164], [-121.4223, 47.4127], [-121.4231, 47.4056], [-121.4324, 47.3989], [-121.4275, 47.3959], [-121.4262, 47.3896], [-121.4298, 47.3871], [-121.4403, 47.3859], [-121.4414, 47.3803], [-121.4401, 47.3749], [-121.454, 47.3718], [-121.4593, 47.3731], [-121.464, 47.3706], [-121.4657, 47.3661], [-121.4615, 47.3591], [-121.4642, 47.3544], [-121.4447, 47.3438], [-121.4384, 47.3437], [-121.4306, 47.3346], [-121.4317, 47.3297], [-121.4359, 47.3287], [-121.44, 47.322], [-121.4386, 47.3174], [-121.445, 47.3109], [-121.4444, 47.3082], [-121.4359, 47.3068], [-121.4327, 47.305], [-121.4328, 47.2942], [-121.4275, 47.2891], [-121.4192, 47.287], [-121.4192, 47.2904], [-121.415, 47.2932], [-121.4117, 47.2899], [-121.4035, 47.2885], [-121.3939, 47.2887], [-121.3908, 47.2861], [-121.3848, 47.2851], [-121.3787, 47.2863], [-121.3732, 47.285], [-121.3671, 47.2909], [-121.3611, 47.2917], [-121.3605, 47.2863], [-121.354, 47.2838], [-121.3437, 47.2826], [-121.3412, 47.2813], [-121.3358, 47.2606], [-121.3321, 47.2589], [-121.337, 47.2535], [-121.3398, 47.2472], [-121.3454, 47.2467], [-121.3519, 47.2426], [-121.3595, 47.2411], [-121.3584, 47.2344], [-121.3656, 47.2269], [-121.3651, 47.2244], [-121.3462, 47.2187], [-121.3352, 47.2192], [-121.325, 47.2159], [-121.3176, 47.2121], [-121.3091, 47.2028], [-121.3116, 47.1994], [-121.3062, 47.191], [-121.2808, 47.1909], [-121.2597, 47.1912], [-121.1929, 47.1907], [-121.1331, 47.1908], [-121.1121, 47.1905], [-121.1115, 47.2608], [-121.1891, 47.2613], [-121.189, 47.2757], [-121.2105, 47.2758], [-121.2104, 47.2614], [-121.2529, 47.2616], [-121.2527, 47.2764], [-121.2741, 47.2764], [-121.2741, 47.3052], [-121.2429, 47.3048], [-121.1256, 47.3046], [-121.1247, 47.324], [-121.1191, 47.3292], [-121.1204, 47.3329], [-121.1173, 47.3368], [-121.1168, 47.3438], [-121.1146, 47.3464], [-121.1034, 47.3464], [-121.1038, 47.3893], [-121.1037, 47.4045], [-121.1039, 47.4599], [-121.1043, 47.5044], [-121.1049, 47.5187], [-121.1051, 47.5899], [-121.1136, 47.5973], [-121.118, 47.5967], [-121.1203, 47.5913], [-121.1381, 47.5958], [-121.1416, 47.5921], [-121.1514, 47.5955], [-121.1722, 47.5902], [-121.1708, 47.586], [-121.173, 47.5834], [-121.1699, 47.5792], [-121.1724, 47.5737], [-121.1769, 47.5697], [-121.1766, 47.5669], [-121.1822, 47.5652], [-121.1883, 47.5687], [-121.1946, 47.5661], [-121.2086, 47.566], [-121.217, 47.5698], [-121.2286, 47.5658], [-121.2331, 47.5604], [-121.2334, 47.5506], [-121.2353, 47.5447], [-121.2433, 47.543], [-121.2429, 47.5384], [-121.2571, 47.5291], [-121.2634, 47.5234], [-121.2789, 47.523], [-121.2837, 47.5188]]]}, "properties": {"district": "Easton School District (WA)", "county": "Kittitas"}}, {"type": "Feature", "geometry": {"type": "Polygon", "coordinates": [[[-122.3996, 46.9441], [-122.3999, 46.9348], [-122.3996, 46.9078], [-122.4224, 46.9082], [-122.4226, 46.901], [-122.412, 46.901], [-122.4122, 46.8937], [-122.4227, 46.8937], [-122.4228, 46.8864], [-122.4114, 46.886], [-122.4105, 46.8643], [-122.4209, 46.8643], [-122.4215, 46.8489], [-122.4166, 46.8453], [-122.408, 46.8458], [-122.406, 46.8425], [-122.3907, 46.8457], [-122.383, 46.84], [-122.3785, 46.8394], [-122.3712, 46.8454], [-122.3641, 46.8417], [-122.3604, 46.8433], [-122.356, 46.839], [-122.3442, 46.837], [-122.3383, 46.838], [-122.3341, 46.8421], [-122.3277, 46.8443], [-122.3256, 46.8414], [-122.3294, 46.8389], [-122.3239, 46.8344], [-122.3251, 46.8305], [-122.3186, 46.8284], [-122.3101, 46.8299], [-122.3036, 46.8281], [-122.3042, 46.8152], [-122.3025, 46.809], [-122.3063, 46.8063], [-122.3125, 46.796], [-122.3085, 46.7892], [-122.2967, 46.7856], [-122.293, 46.7805], [-122.2887, 46.7782], [-122.2858, 46.7741], [-122.2778, 46.775], [-122.2696, 46.7668], [-122.2616, 46.766], [-122.2611, 46.7712], [-122.2568, 46.7726], [-122.25, 46.7718], [-122.2478, 46.7751], [-122.2415, 46.7759], [-122.2361, 46.7729], [-122.2305, 46.7723], [-122.2265, 46.7688], [-122.2227, 46.7701], [-122.2159, 46.7687], [-122.2113, 46.7702], [-122.208, 46.7655], [-122.2031, 46.7631], [-122.2002, 46.7608], [-122.1917, 46.7622], [-122.1854, 46.7582], [-122.1779, 46.7552], [-122.1687, 46.7555], [-122.1646, 46.7574], [-122.1573, 46.7538], [-122.1391, 46.7547], [-122.1355, 46.7526], [-122.129, 46.7547], [-122.1156, 46.7489], [-122.1004, 46.7511], [-122.0967, 46.75], [-122.0918, 46.7519], [-122.0823, 46.7522], [-122.075, 46.7506], [-122.0649, 46.7469], [-122.0603, 46.7492], [-122.0572, 46.7472], [-122.0503, 46.7466], [-122.0413, 46.7425], [-122.0359, 46.7436], [-122.0247, 46.7429], [-122.0181, 46.7445], [-122.0179, 46.7467], [-122.0081, 46.7526], [-122.0025, 46.7532], [-122.0022, 46.7354], [-121.9391, 46.7359], [-121.9392, 46.7481], [-121.9312, 46.7404], [-121.9255, 46.7388], [-121.9196, 46.7397], [-121.9123, 46.7369], [-121.9017, 46.7376], [-121.8893, 46.7329], [-121.8808, 46.7326], [-121.8714, 46.7302], [-121.855, 46.7292], [-121.8419, 46.7285], [-121.8318, 46.7302], [-121.8298, 46.7352], [-121.8259, 46.738], [-121.8204, 46.7453], [-121.8174, 46.7473], [-121.8099, 46.7478], [-121.8034, 46.7529], [-121.8054, 46.7561], [-121.7977, 46.7619], [-121.7903, 46.7643], [-121.7877, 46.7698], [-121.777, 46.7765], [-121.7728, 46.7771], [-121.7586, 46.7838], [-121.6214, 46.7838], [-121.4552, 46.7838], [-121.4538, 46.7882], [-121.4485, 46.7918], [-121.4425, 46.7927], [-121.455, 46.802], [-121.4582, 46.8078], [-121.457, 46.8107], [-121.4634, 46.8133], [-121.4744, 46.8204], [-121.4713, 46.8219], [-121.4702, 46.8264], [-121.4747, 46.8314], [-121.4842, 46.8343], [-121.4854, 46.841], [-121.4955, 46.8549], [-121.4973, 46.8629], [-121.5075, 46.8648], [-121.5152, 46.871], [-121.5231, 46.8728], [-121.5203, 46.8792], [-121.5133, 46.8848], [-121.5142, 46.891], [-121.5104, 46.8966], [-121.5028, 46.9013], [-121.4978, 46.9074], [-121.6438, 46.9074], [-121.7292, 46.9074], [-121.8348, 46.9074], [-121.8536, 46.9076], [-121.9181, 46.9077], [-121.9183, 46.8494], [-121.9175, 46.844], [-121.9178, 46.8209], [-121.9815, 46.8209], [-121.981, 46.9077], [-121.9949, 46.9079], [-122.1059, 46.9082], [-122.1059, 46.9372], [-122.167, 46.9369], [-122.1681, 46.9659], [-122.2118, 46.9661], [-122.212, 46.9588], [-122.2326, 46.9589], [-122.255, 46.9584], [-122.2551, 46.9658], [-122.2748, 46.9654], [-122.2978, 46.9656], [-122.2979, 46.9801], [-122.4002, 46.9804], [-122.3996, 46.9441]]]}, "properties": {"district": "Eatonville School District (WA)", "county": "Pierce"}}, {"type": "Feature", "geometry": {"type": "Polygon", "coordinates": [[[-122.4296, 47.8281], [-122.4409, 47.8025], [-122.4422, 47.7984], [-122.4422, 47.7857], [-122.4381, 47.7778], [-122.402, 47.7779], [-122.3353, 47.7778], [-122.271, 47.7771], [-122.2731, 47.78], [-122.2707, 47.7844], [-122.2706, 47.7921], [-122.2492, 47.7916], [-122.2493, 47.8061], [-122.2279, 47.8058], [-122.2311, 47.812], [-122.2385, 47.8172], [-122.2384, 47.8204], [-122.2276, 47.8265], [-122.2276, 47.8348], [-122.2229, 47.8347], [-122.2232, 47.8475], [-122.2255, 47.8493], [-122.2255, 47.8566], [-122.2279, 47.8638], [-122.3039, 47.8644], [-122.3381, 47.8644], [-122.3936, 47.8647], [-122.412, 47.8506], [-122.4229, 47.8385], [-122.4296, 47.8281]]]}, "properties": {"district": "Edmonds School District (WA)", "county": "Snohomish"}}, {"type": "Feature", "geometry": {"type": "Polygon", "coordinates": [[[-121.1789, 47.0416], [-121.179, 47.04], [-121.1685, 47.0357], [-121.1656, 47.0355], [-121.1558, 47.0272], [-121.1519, 47.0269], [-121.1423, 47.02], [-121.1358, 47.0172], [-121.1332, 47.0119], [-121.1289, 47.0092], [-121.1269, 47.0051], [-121.1208, 46.9982], [-121.0264, 46.9982], [-121.0266, 46.9113], [-121.0034, 46.9112], [-120.8873, 46.9113], [-120.8667, 46.911], [-120.8143, 46.911], [-120.6766, 46.912], [-120.6556, 46.9118], [-120.6346, 46.9121], [-120.6237, 46.9124], [-120.6238, 46.9418], [-120.6247, 46.9569], [-120.6236, 46.9785], [-120.6016, 46.9781], [-120.6016, 46.9817], [-120.6071, 46.9818], [-120.6074, 46.9889], [-120.6019, 46.9888], [-120.6027, 46.996], [-120.5812, 46.9958], [-120.577, 46.9876], [-120.5713, 46.9869], [-120.5701, 46.9813], [-120.5651, 46.9772], [-120.5594, 46.9772], [-120.5588, 46.9724], [-120.5548, 46.9704], [-120.5532, 46.9643], [-120.5475, 46.9626], [-120.5393, 46.9581], [-120.5361, 46.9544], [-120.5387, 46.9508], [-120.5344, 46.9457], [-120.5342, 46.9423], [-120.5285, 46.9323], [-120.5215, 46.9314], [-120.5191, 46.9263], [-120.5129, 46.9254], [-120.509, 46.9139], [-120.508, 46.908], [-120.5019, 46.9047], [-120.497, 46.8997], [-120.505, 46.8984], [-120.4994, 46.8925], [-120.4945, 46.8849], [-120.4881, 46.8827], [-120.482, 46.8851], [-120.475, 46.8819], [-120.4758, 46.8783], [-120.4847, 46.8754], [-120.492, 46.8788], [-120.4952, 46.8753], [-120.4816, 46.8688], [-120.53, 46.8688], [-120.5719, 46.8693], [-120.6339, 46.8693], [-120.6336, 46.8536], [-120.634, 46.8258], [-120.6252, 46.8258], [-120.5512, 46.8255], [-120.5086, 46.8249], [-120.5086, 46.7809], [-120.4875, 46.7805], [-120.4665, 46.781], [-120.4026, 46.781], [-120.3819, 46.7801], [-120.3823, 46.8104], [-120.3831, 46.8257], [-120.3842, 46.9119], [-120.4012, 46.9119], [-120.4015, 46.9268], [-120.423, 46.9266], [-120.4227, 46.9192], [-120.4341, 46.9191], [-120.4342, 46.9265], [-120.4502, 46.9265], [-120.4498, 46.9117], [-120.4551, 46.9118], [-120.4554, 46.9412], [-120.466, 46.9412], [-120.4663, 46.9559], [-120.4559, 46.9561], [-120.4555, 46.9707], [-120.4671, 46.9705], [-120.4672, 46.9781], [-120.456, 46.9782], [-120.4541, 46.993], [-120.444, 46.9932], [-120.4434, 47.0002], [-120.4329, 47.0003], [-120.4333, 47.0078], [-120.423, 47.0078], [-120.4233, 47.0154], [-120.4442, 47.0152], [-120.4444, 47.0188], [-120.4393, 47.019], [-120.4393, 47.0227], [-120.4341, 47.0228], [-120.4343, 47.0266], [-120.4235, 47.0266], [-120.424, 47.0375], [-120.4292, 47.0375], [-120.4295, 47.0449], [-120.4136, 47.0448], [-120.391, 47.0456], [-120.3694, 47.0458], [-120.3697, 47.031], [-120.3643, 47.031], [-120.3643, 47.0458], [-120.2603, 47.0452], [-120.2602, 47.0592], [-120.2592, 47.0943], [-120.2593, 47.1756], [-120.259, 47.2049], [-120.2583, 47.2194], [-120.2587, 47.2477], [-120.2594, 47.2618], [-120.2806, 47.2611], [-120.3242, 47.2612], [-120.3892, 47.2609], [-120.3978, 47.2688], [-120.406, 47.2741], [-120.4181, 47.2752], [-120.4268, 47.2744], [-120.4353, 47.2815], [-120.4472, 47.2885], [-120.4493, 47.2941], [-120.4599, 47.3003], [-120.4779, 47.3073], [-120.4819, 47.3057], [-120.4884, 47.3078], [-120.4877, 47.3111], [-120.4976, 47.3176], [-120.5089, 47.3179], [-120.5165, 47.3217], [-120.5142, 47.29], [-120.5135, 47.2749], [-120.5142, 47.2606], [-120.5119, 47.2606], [-120.5133, 47.2334], [-120.5132, 47.2046], [-120.5128, 47.1758], [-120.5284, 47.1755], [-120.5518, 47.176], [-120.5608, 47.1752], [-120.6238, 47.1758], [-120.6457, 47.1755], [-120.6448, 47.1107], [-120.6453, 47.1028], [-120.6448, 47.0883], [-120.6451, 47.0737], [-120.661, 47.0729], [-120.6577, 47.0672], [-120.6549, 47.0665], [-120.6503, 47.0569], [-120.6505, 47.054], [-120.6451, 47.0526], [-120.645, 47.037], [-120.6416, 47.0338], [-120.6505, 47.0295], [-120.6504, 47.0143], [-120.6666, 47.0143], [-120.6666, 47.0107], [-120.6721, 47.0107], [-120.6728, 47.007], [-120.688, 47.0069], [-120.6876, 47.0214], [-120.6989, 47.0213], [-120.6988, 47.0286], [-120.7092, 47.0285], [-120.7088, 47.0432], [-120.7726, 47.0433], [-120.7726, 47.0412], [-120.8282, 47.041], [-120.929, 47.041], [-121.0265, 47.0414], [-121.0445, 47.0418], [-121.1789, 47.0416]]]}, "properties": {"district": "Ellensburg School District (WA)", "county": "Kittitas"}}, {"type": "Feature", "geometry": {"type": "Polygon", "coordinates": [[[-123.483, 46.9779], [-123.4957, 46.9696], [-123.5117, 46.9657], [-123.5122, 46.9521], [-123.4912, 46.9521], [-123.4914, 46.9236], [-123.4911, 46.9089], [-123.4744, 46.909], [-123.4536, 46.9098], [-123.432, 46.9094], [-123.4326, 46.8949], [-123.4324, 46.8805], [-123.4337, 46.8661], [-123.4336, 46.8518], [-123.4751, 46.8514], [-123.4834, 46.8519], [-123.4829, 46.8239], [-123.4829, 46.7929], [-123.4537, 46.7928], [-123.4551, 46.8374], [-123.4035, 46.8377], [-123.4031, 46.852], [-123.4013, 46.8805], [-123.4011, 46.8951], [-123.3696, 46.8953], [-123.3692, 46.9025], [-123.3494, 46.9022], [-123.3285, 46.9024], [-123.3284, 46.9032], [-123.2958, 46.9027], [-123.3033, 46.9069], [-123.3052, 46.9105], [-123.2644, 46.9098], [-123.2436, 46.91], [-123.2024, 46.9096], [-123.1814, 46.9099], [-123.1606, 46.9097], [-123.1601, 46.939], [-123.1594, 46.9675], [-123.1594, 46.9814], [-123.1584, 46.9959], [-123.1805, 46.9967], [-123.2031, 46.997], [-123.2001, 46.982], [-123.2217, 46.9821], [-123.2239, 46.997], [-123.2225, 47.0115], [-123.2204, 47.025], [-123.2444, 47.0266], [-123.2973, 47.0262], [-123.2974, 47.0411], [-123.3291, 47.0412], [-123.3286, 47.0561], [-123.3292, 47.0838], [-123.2762, 47.0848], [-123.2763, 47.092], [-123.2444, 47.0922], [-123.2444, 47.0992], [-123.2694, 47.0992], [-123.3281, 47.0984], [-123.3279, 47.1129], [-123.3286, 47.1201], [-123.3276, 47.128], [-123.3288, 47.1554], [-123.3681, 47.1549], [-123.3684, 47.1258], [-123.3851, 47.1258], [-123.3854, 47.0895], [-123.3888, 47.0825], [-123.4096, 47.0833], [-123.4308, 47.0829], [-123.4512, 47.083], [-123.4682, 47.0824], [-123.4674, 47.0679], [-123.4673, 47.0387], [-123.4661, 47.0119], [-123.4663, 46.9795], [-123.4745, 46.9821], [-123.4783, 46.9784], [-123.483, 46.9779]]]}, "properties": {"district": "Elma School District (WA)", "county": "Grays Harbor"}}, {"type": "Feature", "geometry": {"type": "Polygon", "coordinates": [[[-117.96, 47.0171], [-117.9597, 46.988], [-117.9596, 46.9315], [-117.9804, 46.9399], [-117.9805, 46.9368], [-117.9663, 46.9329], [-117.9596, 46.9295], [-117.9593, 46.9148], [-117.9671, 46.9148], [-117.9693, 46.898], [-117.9709, 46.8672], [-117.9661, 46.8687], [-117.9587, 46.8677], [-117.9492, 46.8686], [-117.9474, 46.8781], [-117.9383, 46.8854], [-117.9322, 46.8876], [-117.9294, 46.8925], [-117.9309, 46.8976], [-117.9276, 46.8997], [-117.9296, 46.9066], [-117.9281, 46.9118], [-117.9178, 46.9119], [-117.9122, 46.9074], [-117.9078, 46.907], [-117.9, 46.9089], [-117.8939, 46.9124], [-117.8825, 46.9122], [-117.8833, 46.8992], [-117.8633, 46.899], [-117.8634, 46.8843], [-117.8527, 46.8844], [-117.8526, 46.8992], [-117.8432, 46.8993], [-117.8461, 46.8898], [-117.8493, 46.8843], [-117.8205, 46.8847], [-117.7664, 46.8845], [-117.7659, 46.8919], [-117.7552, 46.8918], [-117.7578, 46.8402], [-117.7365, 46.8402], [-117.7371, 46.8255], [-117.6736, 46.8254], [-117.6725, 46.8402], [-117.6293, 46.8404], [-117.6298, 46.8258], [-117.6085, 46.8258], [-117.6081, 46.8459], [-117.6107, 46.8478], [-117.6186, 46.8478], [-117.6187, 46.8441], [-117.624, 46.8441], [-117.6292, 46.8478], [-117.6285, 46.8736], [-117.6051, 46.8734], [-117.597, 46.8718], [-117.5967, 46.8843], [-117.5859, 46.8842], [-117.5849, 46.8995], [-117.5648, 46.8994], [-117.5432, 46.9001], [-117.5225, 46.9], [-117.5216, 46.9171], [-117.5224, 46.939], [-117.5116, 46.9391], [-117.5117, 46.9537], [-117.5037, 46.9537], [-117.5064, 46.9574], [-117.5184, 46.959], [-117.5308, 46.9673], [-117.5434, 46.9676], [-117.5455, 46.9702], [-117.5379, 46.9742], [-117.5369, 46.9786], [-117.5335, 46.9791], [-117.5336, 46.9899], [-117.5651, 46.9897], [-117.565, 46.9824], [-117.5867, 46.9823], [-117.5867, 46.9859], [-117.5814, 46.9859], [-117.5815, 46.9896], [-117.5761, 46.9896], [-117.5764, 47.0043], [-117.6407, 47.0038], [-117.6402, 46.9896], [-117.6507, 46.9895], [-117.6509, 46.9966], [-117.6614, 46.9966], [-117.6612, 46.9894], [-117.7042, 46.989], [-117.704, 46.9818], [-117.725, 46.9815], [-117.725, 46.9742], [-117.7465, 46.9742], [-117.7468, 47.0032], [-117.768, 47.0031], [-117.768, 47.0178], [-117.7693, 47.098], [-117.7799, 47.0979], [-117.7797, 47.0906], [-117.8117, 47.09], [-117.8531, 47.09], [-117.8531, 47.0754], [-117.8416, 47.0756], [-117.8423, 47.0611], [-117.8741, 47.0613], [-117.8954, 47.0608], [-117.9382, 47.0612], [-117.9596, 47.061], [-117.96, 47.0171]]]}, "properties": {"district": "Endicott School District (WA)", "county": "Whitman"}}, {"type": "Feature", "geometry": {"type": "Polygon", "coordinates": [[[-120.8169, 48.1484], [-120.8089, 48.1374], [-120.8064, 48.1357], [-120.8117, 48.1281], [-120.8081, 48.1229], [-120.7991, 48.1172], [-120.7949, 48.1119], [-120.7925, 48.1027], [-120.7892, 48.101], [-120.779, 48.1005], [-120.7715, 48.0965], [-120.7641, 48.0872], [-120.7607, 48.0848], [-120.7512, 48.0813], [-120.7477, 48.0738], [-120.7487, 48.0688], [-120.7477, 48.0576], [-120.7417, 48.048], [-120.7415, 48.0434], [-120.7306, 48.0386], [-120.7261, 48.0209], [-120.7186, 48.0153], [-120.7128, 48.0132], [-120.7101, 48.0075], [-120.6921, 47.9998], [-120.6904, 47.9967], [-120.6823, 47.9968], [-120.6803, 47.9926], [-120.6728, 47.9833], [-120.6681, 47.9815], [-120.6666, 47.978], [-120.6669, 47.9705], [-120.6744, 47.9678], [-120.6741, 47.9642], [-120.6681, 47.9613], [-120.6675, 47.9548], [-120.6619, 47.9524], [-120.6523, 47.9545], [-120.642, 47.9606], [-120.6369, 47.9567], [-120.6321, 47.9509], [-120.632, 47.9454], [-120.6411, 47.9408], [-120.6463, 47.9446], [-120.6536, 47.9443], [-120.6594, 47.9394], [-120.6602, 47.9328], [-120.6574, 47.9226], [-120.6477, 47.9205], [-120.6448, 47.9185], [-120.6423, 47.9116], [-120.6385, 47.9078], [-120.6366, 47.9024], [-120.6289, 47.8999], [-120.624, 47.8862], [-120.624, 47.8804], [-120.6275, 47.8752], [-120.6285, 47.8609], [-120.6284, 47.8468], [-120.6056, 47.8472], [-120.6051, 47.8314], [-120.5846, 47.8326], [-120.5113, 47.8336], [-120.5108, 47.7893], [-120.5189, 47.7338], [-120.5232, 47.7014], [-120.5011, 47.7012], [-120.5014, 47.6865], [-120.4798, 47.6862], [-120.4802, 47.6418], [-120.4799, 47.6269], [-120.4191, 47.6264], [-120.392, 47.6265], [-120.3923, 47.6117], [-120.3879, 47.6116], [-120.3216, 47.6117], [-120.259, 47.6125], [-120.2605, 47.5935], [-120.261, 47.5718], [-120.2606, 47.5645], [-120.2832, 47.5677], [-120.2819, 47.5531], [-120.2736, 47.5522], [-120.2594, 47.5585], [-120.2536, 47.5726], [-120.2445, 47.5791], [-120.2384, 47.5863], [-120.2372, 47.5933], [-120.2336, 47.5976], [-120.2359, 47.6032], [-120.2366, 47.6093], [-120.2351, 47.6212], [-120.238, 47.6249], [-120.2369, 47.6318], [-120.2339, 47.638], [-120.2274, 47.6473], [-120.2209, 47.6503], [-120.2202, 47.6581], [-120.2168, 47.6637], [-120.2046, 47.6716], [-120.1991, 47.6823], [-120.1997, 47.688], [-120.2052, 47.7021], [-120.2124, 47.7085], [-120.2159, 47.7148], [-120.2212, 47.719], [-120.2229, 47.7233], [-120.2202, 47.7333], [-120.2157, 47.7409], [-120.2069, 47.7506], [-120.1914, 47.7595], [-120.185, 47.7615], [-120.1848, 47.7686], [-120.1965, 47.7686], [-120.1946, 47.7766], [-120.2161, 47.7772], [-120.2156, 47.7929], [-120.2156, 47.8362], [-120.2224, 47.8356], [-120.2576, 47.835], [-120.2582, 47.8344], [-120.2905, 47.8344], [-120.2977, 47.8348], [-120.2977, 47.8492], [-120.3182, 47.8492], [-120.3186, 47.864], [-120.3387, 47.864], [-120.3394, 47.879], [-120.3316, 47.8814], [-120.3361, 47.8885], [-120.35, 47.8974], [-120.3618, 47.9027], [-120.364, 47.9067], [-120.3704, 47.9092], [-120.3736, 47.9145], [-120.3826, 47.9182], [-120.3819, 47.9213], [-120.3842, 47.9275], [-120.4013, 47.9355], [-120.4076, 47.9355], [-120.4189, 47.9398], [-120.4181, 47.9466], [-120.4131, 47.9491], [-120.4138, 47.9517], [-120.4105, 47.9578], [-120.4125, 47.9619], [-120.4103, 47.9648], [-120.415, 47.9677], [-120.4125, 47.9749], [-120.4205, 47.9764], [-120.4311, 47.9803], [-120.4415, 47.9826], [-120.4507, 47.9875], [-120.4539, 47.9908], [-120.4594, 47.9916], [-120.4671, 47.9953], [-120.4806, 47.9969], [-120.4875, 48.0082], [-120.4915, 48.0108], [-120.492, 48.0151], [-120.4983, 48.0193], [-120.5069, 48.0176], [-120.513, 48.0194], [-120.5226, 48.0194], [-120.5269, 48.0254], [-120.5223, 48.0333], [-120.5222, 48.0389], [-120.5188, 48.0434], [-120.5192, 48.0505], [-120.5233, 48.0546], [-120.5305, 48.055], [-120.531, 48.0613], [-120.5501, 48.0686], [-120.5475, 48.0728], [-120.5686, 48.0797], [-120.5721, 48.0815], [-120.5761, 48.0903], [-120.5826, 48.091], [-120.5905, 48.0896], [-120.5935, 48.0926], [-120.6037, 48.0979], [-120.6106, 48.0992], [-120.6142, 48.1055], [-120.6247, 48.1095], [-120.6298, 48.1154], [-120.6353, 48.1164], [-120.6469, 48.122], [-120.6493, 48.1269], [-120.656, 48.1313], [-120.664, 48.127], [-120.6709, 48.1302], [-120.6705, 48.1361], [-120.6765, 48.1409], [-120.6894, 48.1403], [-120.6934, 48.1434], [-120.6959, 48.1519], [-120.7025, 48.1587], [-120.7121, 48.161], [-120.715, 48.1642], [-120.7223, 48.1668], [-120.7345, 48.1672], [-120.741, 48.1631], [-120.75, 48.1613], [-120.7573, 48.1612], [-120.7676, 48.1631], [-120.7717, 48.1587], [-120.7874, 48.1566], [-120.794, 48.1575], [-120.8044, 48.1621], [-120.8104, 48.1603], [-120.8142, 48.1553], [-120.8169, 48.1484]]]}, "properties": {"district": "Entiat School District (WA)", "county": "Chelan"}}, {"type": "Feature", "geometry": {"type": "Polygon", "coordinates": [[[-122.115, 47.2287], [-122.1176, 47.2266], [-122.113, 47.2236], [-122.1158, 47.2166], [-122.1125, 47.2137], [-122.1005, 47.2], [-122.0973, 47.1997], [-122.0948, 47.195], [-122.0878, 47.1941], [-122.0782, 47.1892], [-122.0659, 47.1871], [-122.0529, 47.175], [-122.0481, 47.1714], [-122.0358, 47.173], [-122.0319, 47.175], [-122.0223, 47.174], [-122.0127, 47.1761], [-122.0006, 47.1702], [-121.9939, 47.1726], [-121.9914, 47.1632], [-121.9803, 47.1645], [-121.9727, 47.1602], [-121.971, 47.157], [-121.9647, 47.156], [-121.9579, 47.1571], [-121.9516, 47.154], [-121.9499, 47.151], [-121.9506, 47.1452], [-121.9435, 47.14], [-121.9349, 47.1382], [-121.9279, 47.1448], [-121.9282, 47.1474], [-121.9179, 47.1503], [-121.9094, 47.1505], [-121.9015, 47.1557], [-121.8862, 47.1529], [-121.878, 47.1538], [-121.8741, 47.1507], [-121.8665, 47.1526], [-121.8608, 47.1507], [-121.8611, 47.1475], [-121.8489, 47.1471], [-121.8461, 47.1444], [-121.8403, 47.1432], [-121.8316, 47.149], [-121.8193, 47.1588], [-121.8144, 47.159], [-121.8104, 47.1639], [-121.8064, 47.1653], [-121.8033, 47.1692], [-121.7965, 47.1731], [-121.7827, 47.1723], [-121.7781, 47.1734], [-121.7756, 47.1679], [-121.7698, 47.1654], [-121.7617, 47.1673], [-121.7495, 47.1621], [-121.7425, 47.1642], [-121.7386, 47.1607], [-121.7292, 47.158], [-121.7199, 47.1512], [-121.7051, 47.152], [-121.6842, 47.1498], [-121.675, 47.1549], [-121.6687, 47.1559], [-121.6638, 47.1599], [-121.6558, 47.1586], [-121.6493, 47.1551], [-121.6438, 47.1556], [-121.6376, 47.1533], [-121.631, 47.1535], [-121.6244, 47.1513], [-121.6118, 47.1432], [-121.6096, 47.1384], [-121.6011, 47.1318], [-121.5937, 47.1218], [-121.5817, 47.1186], [-121.576, 47.1202], [-121.5708, 47.1193], [-121.5599, 47.1196], [-121.5512, 47.1229], [-121.5354, 47.1226], [-121.5315, 47.1246], [-121.5172, 47.1224], [-121.5091, 47.1223], [-121.5067, 47.1187], [-121.4977, 47.1166], [-121.4906, 47.1168], [-121.4863, 47.1124], [-121.4811, 47.1109], [-121.4758, 47.1033], [-121.4661, 47.0961], [-121.4586, 47.0927], [-121.4547, 47.0894], [-121.4499, 47.0884], [-121.4418, 47.0844], [-121.4282, 47.0873], [-121.4174, 47.0884], [-121.412, 47.0907], [-121.4068, 47.0886], [-121.3923, 47.0889], [-121.38, 47.0872], [-121.3797, 47.0875], [-121.3834, 47.0951], [-121.391, 47.0921], [-121.4025, 47.098], [-121.3995, 47.1051], [-121.4028, 47.1064], [-121.4081, 47.1181], [-121.4027, 47.1218], [-121.3982, 47.1271], [-121.3949, 47.1287], [-121.394, 47.1328], [-121.3886, 47.1335], [-121.3813, 47.1373], [-121.3735, 47.1381], [-121.3647, 47.1418], [-121.3539, 47.1405], [-121.3496, 47.1375], [-121.3379, 47.135], [-121.335, 47.1327], [-121.3206, 47.1353], [-121.3155, 47.1338], [-121.3034, 47.1389], [-121.3014, 47.1448], [-121.2976, 47.1486], [-121.3019, 47.1561], [-121.3067, 47.1623], [-121.3134, 47.1657], [-121.3178, 47.173], [-121.3063, 47.1877], [-121.3062, 47.191], [-121.3116, 47.1994], [-121.3091, 47.2028], [-121.3176, 47.2121], [-121.325, 47.2159], [-121.3352, 47.2192], [-121.3462, 47.2187], [-121.3651, 47.2244], [-121.3656, 47.2269], [-121.3584, 47.2344], [-121.3595, 47.2411], [-121.3519, 47.2426], [-121.3454, 47.2467], [-121.3398, 47.2472], [-121.337, 47.2535], [-121.3321, 47.2589], [-121.3358, 47.2606], [-121.3412, 47.2813], [-121.3437, 47.2826], [-121.354, 47.2838], [-121.3605, 47.2863], [-121.3611, 47.2917], [-121.3671, 47.2909], [-121.3732, 47.285], [-121.3787, 47.2863], [-121.3848, 47.2851], [-121.3908, 47.2861], [-121.3939, 47.2887], [-121.4035, 47.2885], [-121.4117, 47.2899], [-121.415, 47.2932], [-121.4192, 47.2904], [-121.4192, 47.287], [-121.4275, 47.2891], [-121.4328, 47.2942], [-121.4327, 47.305], [-121.4359, 47.3068], [-121.4444, 47.3082], [-121.445, 47.3109], [-121.4386, 47.3174], [-121.44, 47.322], [-121.4359, 47.3287], [-121.4317, 47.3297], [-121.4306, 47.3346], [-121.4384, 47.3437], [-121.4447, 47.3438], [-121.462, 47.3436], [-121.462, 47.3392], [-121.4973, 47.3391], [-121.5012, 47.3394], [-121.6547, 47.3397], [-121.7171, 47.3407], [-121.7201, 47.3427], [-121.7205, 47.3135], [-121.7413, 47.3136], [-121.7629, 47.3146], [-121.8483, 47.3145], [-121.8484, 47.3587], [-121.8479, 47.3865], [-121.8802, 47.3871], [-121.912, 47.3871], [-121.9119, 47.3435], [-121.9324, 47.3436], [-121.9327, 47.3274], [-121.9744, 47.3274], [-121.9743, 47.3289], [-121.9957, 47.3295], [-122.0281, 47.3295], [-122.0281, 47.3233], [-122.0389, 47.3224], [-122.0384, 47.3013], [-122.0383, 47.2868], [-121.9953, 47.2868], [-121.996, 47.2803], [-122.0021, 47.2776], [-122.0069, 47.2779], [-122.0103, 47.2833], [-122.0168, 47.2828], [-122.0167, 47.2707], [-122.0326, 47.2713], [-122.0327, 47.2675], [-122.038, 47.2676], [-122.0379, 47.2713], [-122.0598, 47.2713], [-122.061, 47.2775], [-122.0588, 47.2832], [-122.0622, 47.2855], [-122.0723, 47.2836], [-122.0812, 47.2844], [-122.081, 47.2573], [-122.0802, 47.2501], [-122.1017, 47.25], [-122.1016, 47.2282], [-122.115, 47.2287]]]}, "properties": {"district": "Enumclaw School District (WA)", "county": "King"}}, {"type": "Feature", "geometry": {"type": "Polygon", "coordinates": [[[-119.7479, 47.4683], [-119.7474, 47.4393], [-119.7471, 47.4101], [-119.7473, 47.3916], [-119.7472, 47.3445], [-119.7475, 47.3082], [-119.7013, 47.3084], [-119.6832, 47.3088], [-119.6835, 47.2649], [-119.6823, 47.2529], [-119.6848, 47.2527], [-119.6859, 47.2395], [-119.7022, 47.2338], [-119.7064, 47.2279], [-119.7082, 47.2191], [-119.7052, 47.2067], [-119.7144, 47.2055], [-119.715, 47.1506], [-119.715, 47.1328], [-119.6603, 47.1333], [-119.6361, 47.1333], [-119.6284, 47.1235], [-119.6266, 47.1172], [-119.6208, 47.1128], [-119.6187, 47.1091], [-119.6209, 47.104], [-119.5665, 47.104], [-119.5661, 47.1405], [-119.5341, 47.1405], [-119.5337, 47.1626], [-119.5229, 47.1626], [-119.5209, 47.1756], [-119.5137, 47.1775], [-119.5014, 47.1774], [-119.5116, 47.1925], [-119.4687, 47.1918], [-119.4472, 47.1918], [-119.4242, 47.1912], [-119.4276, 47.1953], [-119.4307, 47.2033], [-119.4313, 47.2108], [-119.428, 47.2212], [-119.4309, 47.229], [-119.435, 47.232], [-119.4464, 47.236], [-119.4496, 47.2405], [-119.4547, 47.2441], [-119.4588, 47.2496], [-119.4562, 47.2556], [-119.455, 47.2637], [-119.4479, 47.2677], [-119.362, 47.2668], [-119.3426, 47.2656], [-119.3319, 47.2656], [-119.3317, 47.2805], [-119.3305, 47.295], [-119.3305, 47.3702], [-119.3105, 47.3579], [-119.309, 47.3512], [-119.3019, 47.3399], [-119.2986, 47.3376], [-119.2984, 47.3824], [-119.2985, 47.4104], [-119.2773, 47.41], [-119.2773, 47.4246], [-119.256, 47.4242], [-119.2559, 47.4388], [-119.267, 47.4385], [-119.2809, 47.4354], [-119.287, 47.4349], [-119.2934, 47.4327], [-119.3074, 47.431], [-119.3153, 47.4325], [-119.3229, 47.4318], [-119.3496, 47.4328], [-119.3579, 47.4349], [-119.3661, 47.4308], [-119.3731, 47.426], [-119.3734, 47.4117], [-119.405, 47.4122], [-119.4053, 47.3833], [-119.4265, 47.3836], [-119.4265, 47.3764], [-119.4477, 47.3764], [-119.4476, 47.3837], [-119.4691, 47.3836], [-119.4692, 47.3692], [-119.4797, 47.3691], [-119.4796, 47.3546], [-119.5334, 47.3541], [-119.5334, 47.3835], [-119.5329, 47.4191], [-119.5334, 47.47], [-119.6195, 47.4697], [-119.705, 47.4689], [-119.705, 47.4834], [-119.726, 47.4832], [-119.7259, 47.4705], [-119.7305, 47.4683], [-119.7479, 47.4683]]]}, "properties": {"district": "Ephrata School District (WA)", "county": "Grant"}}, {"type": "Feature", "geometry": {"type": "Polygon", "coordinates": [[[-122.981, 46.5538], [-122.981, 46.5322], [-122.9599, 46.5324], [-122.9598, 46.5181], [-122.918, 46.518], [-122.918, 46.5325], [-122.9075, 46.5325], [-122.9075, 46.5398], [-122.9075, 46.547], [-122.9141, 46.547], [-122.9141, 46.5506], [-122.9285, 46.5506], [-122.9285, 46.5618], [-122.9337, 46.5618], [-122.9336, 46.5579], [-122.9442, 46.5579], [-122.9442, 46.5619], [-122.9704, 46.562], [-122.9702, 46.5541], [-122.981, 46.5538]]]}, "properties": {"district": "Evaline School District (WA)", "county": "Lewis"}}, {"type": "Feature", "geometry": {"type": "Polygon", "coordinates": [[[-122.2633, 48.02], [-122.2911, 47.9932], [-122.2911, 47.9639], [-122.2487, 47.9638], [-122.2488, 47.9495], [-122.2455, 47.9496], [-122.2428, 47.9441], [-122.236, 47.9383], [-122.2334, 47.9328], [-122.2337, 47.9219], [-122.2325, 47.9172], [-122.2288, 47.9146], [-122.2234, 47.9147], [-122.223, 47.8927], [-122.2173, 47.8928], [-122.2174, 47.8782], [-122.2231, 47.8783], [-122.2232, 47.8638], [-122.2279, 47.8638], [-122.2255, 47.8566], [-122.2255, 47.8493], [-122.2232, 47.8475], [-122.2229, 47.8347], [-122.2276, 47.8348], [-122.2276, 47.8265], [-122.2212, 47.8219], [-122.202, 47.8225], [-122.202, 47.8283], [-122.2074, 47.8284], [-122.2072, 47.8347], [-122.1533, 47.8342], [-122.153, 47.863], [-122.1477, 47.8631], [-122.1475, 47.8744], [-122.1594, 47.8777], [-122.1746, 47.8778], [-122.1746, 47.8815], [-122.1704, 47.8824], [-122.1707, 47.8902], [-122.1746, 47.8954], [-122.1745, 47.8997], [-122.1691, 47.8997], [-122.1691, 47.9031], [-122.1745, 47.9033], [-122.1745, 47.907], [-122.18, 47.907], [-122.1798, 47.918], [-122.1824, 47.9217], [-122.1742, 47.9216], [-122.1686, 47.9286], [-122.1797, 47.9288], [-122.1797, 47.9321], [-122.1852, 47.9324], [-122.1852, 47.936], [-122.1693, 47.9349], [-122.1696, 47.939], [-122.1775, 47.9468], [-122.1817, 47.9481], [-122.1915, 47.9484], [-122.1862, 47.9599], [-122.1889, 47.9649], [-122.1874, 47.9741], [-122.1826, 47.9788], [-122.1623, 47.9782], [-122.1627, 47.9637], [-122.1517, 47.9637], [-122.1515, 47.971], [-122.1362, 47.971], [-122.1398, 47.9761], [-122.1439, 47.9776], [-122.1448, 47.9855], [-122.1402, 47.9875], [-122.1389, 47.9927], [-122.1514, 47.9929], [-122.1543, 48.0054], [-122.1537, 48.0114], [-122.1509, 48.0173], [-122.1538, 48.0218], [-122.1668, 48.0214], [-122.1781, 48.0246], [-122.1822, 48.031], [-122.1927, 48.0347], [-122.2097, 48.0327], [-122.2203, 48.0262], [-122.2229, 48.0233], [-122.2388, 48.0267], [-122.2621, 48.0211], [-122.2633, 48.02]]]}, "properties": {"district": "Everett School District (WA)", "county": "Snohomish"}}, {"type": "Feature", "geometry": {"type": "Polygon", "coordinates": [[[-122.5994, 45.6825], [-122.5994, 45.6788], [-122.5889, 45.6789], [-122.589, 45.6716], [-122.5838, 45.6717], [-122.5839, 45.6644], [-122.5787, 45.6643], [-122.5787, 45.6506], [-122.5736, 45.6507], [-122.5729, 45.6452], [-122.5812, 45.6448], [-122.5811, 45.6329], [-122.5916, 45.6328], [-122.5915, 45.6245], [-122.581, 45.6227], [-122.5764, 45.6243], [-122.5755, 45.6132], [-122.5812, 45.6103], [-122.5823, 45.6041], [-122.5459, 45.5962], [-122.5237, 45.5896], [-122.4923, 45.5833], [-122.4758, 45.5787], [-122.4759, 45.6067], [-122.4657, 45.6067], [-122.4657, 45.6287], [-122.447, 45.6285], [-122.445, 45.6359], [-122.445, 45.6504], [-122.4348, 45.6505], [-122.4347, 45.6577], [-122.4399, 45.6577], [-122.4398, 45.6649], [-122.4346, 45.6649], [-122.4346, 45.6722], [-122.4036, 45.6724], [-122.4036, 45.6797], [-122.3935, 45.6798], [-122.3935, 45.6943], [-122.4348, 45.6941], [-122.4346, 45.6977], [-122.4555, 45.6975], [-122.4555, 45.6939], [-122.4607, 45.694], [-122.4606, 45.6902], [-122.4762, 45.6902], [-122.4763, 45.6939], [-122.4867, 45.6939], [-122.4867, 45.6865], [-122.4957, 45.6865], [-122.4955, 45.6793], [-122.5058, 45.6793], [-122.506, 45.6937], [-122.5165, 45.6938], [-122.5667, 45.6933], [-122.5805, 45.6941], [-122.5811, 45.6979], [-122.5893, 45.6978], [-122.589, 45.6861], [-122.5942, 45.6861], [-122.5942, 45.6826], [-122.5994, 45.6825]]]}, "properties": {"district": "Evergreen School District (Clark) (WA)", "county": "Clark"}}, {"type": "Feature", "geometry": {"type": "Polygon", "coordinates": [[[-118.1929, 48.395], [-118.1876, 48.3874], [-118.1858, 48.3782], [-118.1816, 48.3718], [-118.1802, 48.3637], [-118.1794, 48.3426], [-118.18, 48.3348], [-118.176, 48.3264], [-118.1756, 48.3195], [-118.1689, 48.3124], [-118.1649, 48.3045], [-118.1587, 48.301], [-118.1545, 48.2959], [-118.1508, 48.2823], [-118.1483, 48.2778], [-118.1441, 48.2751], [-118.1398, 48.2673], [-118.1415, 48.2602], [-118.1493, 48.2434], [-118.128, 48.2434], [-118.1277, 48.2506], [-118.0849, 48.2506], [-118.0848, 48.2671], [-118.0727, 48.267], [-118.0729, 48.2815], [-118.0404, 48.2815], [-118.0401, 48.2958], [-118.0294, 48.296], [-118.0296, 48.3074], [-118.0307, 48.3111], [-118.0416, 48.3111], [-118.0417, 48.3218], [-118.0307, 48.3217], [-118.0308, 48.3509], [-118.0634, 48.3509], [-118.0641, 48.3946], [-118.0848, 48.3943], [-118.1173, 48.3948], [-118.1173, 48.4019], [-118.1228, 48.4019], [-118.1228, 48.3984], [-118.1283, 48.3984], [-118.1282, 48.3949], [-118.1496, 48.3946], [-118.1719, 48.3951], [-118.1929, 48.395]]]}, "properties": {"district": "Evergreen School District (Stevens) (WA)", "county": "Stevens"}}, {"type": "Feature", "geometry": {"type": "Polygon", "coordinates": [[[-122.4372, 47.3337], [-122.3557, 47.2775], [-122.3348, 47.2631], [-122.3349, 47.2574], [-122.3169, 47.2575], [-122.3101, 47.2633], [-122.3033, 47.2645], [-122.2925, 47.2644], [-122.2924, 47.2687], [-122.2819, 47.2684], [-122.2819, 47.2716], [-122.2634, 47.2718], [-122.2607, 47.2759], [-122.2605, 47.303], [-122.2732, 47.3038], [-122.2787, 47.3125], [-122.271, 47.3151], [-122.2709, 47.3295], [-122.2591, 47.3296], [-122.2497, 47.3333], [-122.2497, 47.3405], [-122.2542, 47.3404], [-122.2568, 47.3449], [-122.2655, 47.3452], [-122.2652, 47.3704], [-122.2757, 47.3722], [-122.2759, 47.3939], [-122.2914, 47.3938], [-122.2922, 47.3757], [-122.3132, 47.3761], [-122.3559, 47.3753], [-122.3735, 47.3655], [-122.4151, 47.3444], [-122.4372, 47.3337]]]}, "properties": {"district": "Federal Way School District (WA)", "county": "King"}}, {"type": "Feature", "geometry": {"type": "Polygon", "coordinates": [[[-122.6069, 48.9861], [-122.6158, 48.9857], [-122.6488, 48.986], [-122.6488, 48.9751], [-122.671, 48.9752], [-122.6711, 48.9572], [-122.7151, 48.9573], [-122.7155, 48.9303], [-122.7155, 48.892], [-122.7152, 48.8775], [-122.7207, 48.8775], [-122.7208, 48.8739], [-122.7263, 48.8739], [-122.7265, 48.8545], [-122.7363, 48.847], [-122.8879, 48.8264], [-122.9208, 48.8124], [-122.921, 48.804], [-122.8782, 48.7905], [-122.8611, 48.7873], [-122.8372, 48.7807], [-122.8123, 48.7718], [-122.7993, 48.7643], [-122.7881, 48.7565], [-122.7784, 48.7465], [-122.7731, 48.7396], [-122.757, 48.7258], [-122.7489, 48.7226], [-122.706, 48.6707], [-122.7033, 48.6639], [-122.7042, 48.6572], [-122.7087, 48.6498], [-122.7137, 48.6451], [-122.6609, 48.6453], [-122.6399, 48.634], [-122.6256, 48.6287], [-122.6078, 48.6261], [-122.6014, 48.6259], [-122.5937, 48.7246], [-122.5996, 48.7247], [-122.5936, 48.7391], [-122.5897, 48.7452], [-122.5832, 48.7499], [-122.575, 48.7505], [-122.5686, 48.7524], [-122.5739, 48.782], [-122.5841, 48.7892], [-122.5898, 48.7892], [-122.5923, 48.7958], [-122.5846, 48.8037], [-122.5819, 48.8086], [-122.584, 48.8143], [-122.58, 48.8189], [-122.552, 48.8189], [-122.5516, 48.804], [-122.5244, 48.8041], [-122.5244, 48.8078], [-122.5163, 48.8078], [-122.5163, 48.8043], [-122.5053, 48.8043], [-122.5051, 48.8315], [-122.5215, 48.8315], [-122.5218, 48.8407], [-122.5357, 48.8409], [-122.5357, 48.8479], [-122.5299, 48.848], [-122.5298, 48.8769], [-122.56, 48.8771], [-122.5641, 48.8806], [-122.5569, 48.885], [-122.5542, 48.8923], [-122.5442, 48.8984], [-122.5482, 48.9032], [-122.542, 48.9065], [-122.542, 48.9132], [-122.5799, 48.9137], [-122.5807, 48.9208], [-122.5804, 48.9426], [-122.5855, 48.9426], [-122.5852, 48.9756], [-122.5962, 48.9755], [-122.5961, 48.9826], [-122.607, 48.9824], [-122.6069, 48.9861]]]}, "properties": {"district": "Ferndale School District (WA)", "county": "Whatcom"}}, {"type": "Feature", "geometry": {"type": "Polygon", "coordinates": [[[-122.3557, 47.2775], [-122.3559, 47.2574], [-122.3991, 47.2578], [-122.3996, 47.2404], [-122.3943, 47.2377], [-122.388, 47.2345], [-122.3555, 47.2218], [-122.3401, 47.2132], [-122.3386, 47.2163], [-122.3465, 47.2239], [-122.3522, 47.2228], [-122.3519, 47.2281], [-122.3364, 47.2279], [-122.3364, 47.2353], [-122.3078, 47.2356], [-122.3072, 47.2428], [-122.2939, 47.2427], [-122.2939, 47.25], [-122.2609, 47.2501], [-122.2621, 47.2574], [-122.2631, 47.259], [-122.2634, 47.2718], [-122.2819, 47.2716], [-122.2819, 47.2684], [-122.2924, 47.2687], [-122.2925, 47.2644], [-122.3033, 47.2645], [-122.3101, 47.2633], [-122.3169, 47.2575], [-122.3349, 47.2574], [-122.3348, 47.2631], [-122.3557, 47.2775]]]}, "properties": {"district": "Fife School District (WA)", "county": "Pierce"}}, {"type": "Feature", "geometry": {"type": "Polygon", "coordinates": [[[-119.0544, 46.1987], [-119.0547, 46.1834], [-119.0757, 46.1835], [-119.0758, 46.1542], [-119.0865, 46.1543], [-119.0864, 46.1396], [-119.055, 46.1394], [-119.0557, 46.1103], [-119.0452, 46.1103], [-119.0457, 46.0816], [-119.0561, 46.0816], [-119.0569, 46.0379], [-119.1101, 46.0382], [-119.1201, 46.0377], [-119.1202, 46.0236], [-119.1411, 46.0237], [-119.1415, 46.0094], [-119.1626, 46.0098], [-119.1835, 46.0096], [-119.2045, 46.0101], [-119.2041, 45.9956], [-119.2043, 45.9293], [-119.1955, 45.9279], [-119.1692, 45.9277], [-119.1263, 45.9328], [-119.0933, 45.9427], [-119.0615, 45.9585], [-119.0272, 45.9691], [-119.0087, 45.9792], [-118.9873, 45.9999], [-118.9617, 46.0193], [-118.9527, 46.0233], [-118.9417, 46.027], [-118.9412, 46.03], [-118.9441, 46.0386], [-118.947, 46.0436], [-118.9472, 46.0514], [-118.942, 46.0653], [-118.942, 46.0729], [-118.9465, 46.0829], [-118.9581, 46.0989], [-118.9626, 46.1079], [-118.9678, 46.1156], [-118.9671, 46.1228], [-118.9681, 46.1308], [-118.9747, 46.1395], [-118.995, 46.1594], [-119.0096, 46.1712], [-119.0142, 46.1762], [-119.0279, 46.1853], [-119.0415, 46.1927], [-119.0544, 46.1987]]]}, "properties": {"district": "Finley School District (WA)", "county": "Benton"}}, {"type": "Feature", "geometry": {"type": "Polygon", "coordinates": [[[-122.4637, 47.1413], [-122.4631, 47.134], [-122.4559, 47.1331], [-122.4426, 47.1334], [-122.4428, 47.1265], [-122.4348, 47.1252], [-122.4348, 47.1262], [-122.3828, 47.1258], [-122.3787, 47.1289], [-122.3734, 47.1256], [-122.3681, 47.1256], [-122.3681, 47.1165], [-122.3575, 47.1172], [-122.3575, 47.1217], [-122.336, 47.1221], [-122.3361, 47.1403], [-122.3573, 47.1398], [-122.3572, 47.1543], [-122.3467, 47.1548], [-122.347, 47.1844], [-122.3944, 47.1845], [-122.3944, 47.1918], [-122.421, 47.1918], [-122.421, 47.1671], [-122.4315, 47.1672], [-122.4314, 47.17], [-122.4631, 47.1702], [-122.4637, 47.1413]]]}, "properties": {"district": "Franklin Pierce School District (WA)", "county": "Pierce"}}, {"type": "Feature", "geometry": {"type": "Polygon", "coordinates": [[[-117.3798, 47.573], [-117.3798, 47.5583], [-117.3905, 47.5583], [-117.3904, 47.5509], [-117.385, 47.5509], [-117.3844, 47.5364], [-117.3684, 47.5364], [-117.3686, 47.5072], [-117.3684, 47.4779], [-117.3254, 47.4782], [-117.3254, 47.4853], [-117.3308, 47.4853], [-117.3308, 47.4889], [-117.3202, 47.4888], [-117.3202, 47.4924], [-117.3039, 47.4924], [-117.3039, 47.4997], [-117.2813, 47.4995], [-117.2812, 47.4958], [-117.2759, 47.4959], [-117.2758, 47.4922], [-117.2599, 47.4924], [-117.26, 47.4888], [-117.2492, 47.4889], [-117.2493, 47.4817], [-117.2385, 47.4818], [-117.2386, 47.4746], [-117.2494, 47.4745], [-117.2496, 47.4636], [-117.2389, 47.4637], [-117.239, 47.4492], [-117.228, 47.4491], [-117.2279, 47.4528], [-117.1957, 47.4529], [-117.1957, 47.4273], [-117.1638, 47.4274], [-117.1637, 47.4127], [-117.1368, 47.4126], [-117.1367, 47.4053], [-117.11, 47.4054], [-117.11, 47.3981], [-117.0777, 47.3981], [-117.0777, 47.4053], [-117.067, 47.4053], [-117.067, 47.4089], [-117.0564, 47.4089], [-117.0564, 47.4053], [-117.0398, 47.4052], [-117.0398, 47.4543], [-117.0402, 47.5213], [-117.0408, 47.5505], [-117.0411, 47.5798], [-117.068, 47.5798], [-117.1104, 47.5802], [-117.1536, 47.5798], [-117.1641, 47.5793], [-117.1848, 47.5797], [-117.1848, 47.5834], [-117.1955, 47.5841], [-117.1956, 47.5869], [-117.2062, 47.587], [-117.2063, 47.5798], [-117.2243, 47.5799], [-117.2248, 47.5753], [-117.2317, 47.5734], [-117.26, 47.5727], [-117.2598, 47.5798], [-117.2814, 47.5798], [-117.2816, 47.5944], [-117.2977, 47.5943], [-117.3035, 47.5943], [-117.3036, 47.5797], [-117.3469, 47.5802], [-117.347, 47.5766], [-117.3415, 47.5765], [-117.3416, 47.5728], [-117.3798, 47.573]]]}, "properties": {"district": "Freeman School District (WA)", "county": "Spokane"}}, {"type": "Feature", "geometry": {"type": "Polygon", "coordinates": [[[-117.255, 47.0204], [-117.2548, 47.0149], [-117.2655, 47.0149], [-117.2655, 47.013], [-117.2762, 47.013], [-117.2775, 46.9912], [-117.2665, 46.9913], [-117.2564, 46.9904], [-117.2561, 46.9757], [-117.2496, 46.9675], [-117.2453, 46.9657], [-117.2454, 46.9731], [-117.2347, 46.9721], [-117.2347, 46.9685], [-117.2241, 46.9686], [-117.2239, 46.9577], [-117.2131, 46.9578], [-117.2133, 46.9614], [-117.1698, 46.9613], [-117.168, 46.9587], [-117.1577, 46.9595], [-117.1583, 46.9563], [-117.1527, 46.9526], [-117.1562, 46.9499], [-117.1546, 46.9459], [-117.1484, 46.948], [-117.1433, 46.9463], [-117.1406, 46.9493], [-117.1322, 46.9538], [-117.1242, 46.9545], [-117.1172, 46.9516], [-117.1114, 46.9443], [-117.111, 46.939], [-117.1068, 46.9365], [-117.1069, 46.954], [-117.0962, 46.954], [-117.0962, 46.9613], [-117.0745, 46.9613], [-117.0745, 46.954], [-117.0636, 46.954], [-117.0633, 46.9614], [-117.0531, 46.9613], [-117.0531, 46.9576], [-117.0427, 46.9575], [-117.0396, 46.9611], [-117.04, 47.0344], [-117.0397, 47.0489], [-117.0743, 47.0494], [-117.0743, 47.0567], [-117.1066, 47.0563], [-117.1167, 47.0565], [-117.1171, 47.0867], [-117.1276, 47.0866], [-117.1282, 47.0942], [-117.139, 47.0942], [-117.1377, 47.0716], [-117.1714, 47.0722], [-117.182, 47.0721], [-117.1819, 47.0647], [-117.2234, 47.0642], [-117.2234, 47.0494], [-117.2437, 47.0494], [-117.2437, 47.0423], [-117.2328, 47.0422], [-117.2328, 47.035], [-117.2437, 47.0351], [-117.244, 47.0204], [-117.255, 47.0204]]]}, "properties": {"district": "Garfield School District (WA)", "county": "Whitman"}}, {"type": "Feature", "geometry": {"type": "Polygon", "coordinates": [[[-121.4272, 46.0443], [-121.4274, 46.015], [-121.4265, 46.0077], [-121.4273, 46.0004], [-121.4274, 45.9858], [-121.448, 45.9861], [-121.4478, 45.957], [-121.4459, 45.8987], [-121.4048, 45.8985], [-121.405, 45.8913], [-121.3845, 45.8911], [-121.3638, 45.8915], [-121.3325, 45.8913], [-121.3325, 45.9059], [-121.3118, 45.906], [-121.3116, 45.8987], [-121.3011, 45.8986], [-121.3015, 45.9133], [-121.2807, 45.9134], [-121.2809, 45.9279], [-121.2601, 45.9277], [-121.2396, 45.928], [-121.218, 45.9279], [-121.217, 45.9132], [-121.1957, 45.913], [-121.1964, 45.8984], [-121.1762, 45.8984], [-121.1091, 45.898], [-121.0999, 45.9017], [-121.0996, 45.9057], [-121.0964, 45.9072], [-121.0923, 45.914], [-121.0895, 45.9156], [-121.0913, 45.9202], [-121.0884, 45.9218], [-121.0882, 45.9264], [-121.091, 45.9285], [-121.0988, 45.9262], [-121.1062, 45.9268], [-121.1115, 45.9228], [-121.1149, 45.9224], [-121.1187, 45.9263], [-121.1276, 45.9274], [-121.1308, 45.9336], [-121.1311, 45.939], [-121.1265, 45.9417], [-121.1212, 45.9382], [-121.114, 45.9357], [-121.1092, 45.9411], [-121.1098, 45.949], [-121.1048, 45.9555], [-121.1057, 45.9601], [-121.102, 45.9624], [-121.1003, 45.9665], [-121.1036, 45.9698], [-121.1037, 45.9746], [-121.1112, 45.9777], [-121.1203, 45.9752], [-121.1255, 45.9789], [-121.1235, 45.985], [-121.13, 45.9906], [-121.1358, 45.9914], [-121.1426, 45.9986], [-121.1503, 46.005], [-121.1493, 46.0102], [-121.1515, 46.0146], [-121.1549, 46.0159], [-121.166, 46.031], [-121.1762, 46.0334], [-121.1798, 46.0357], [-121.1799, 46.0399], [-121.1858, 46.0402], [-121.1945, 46.0371], [-121.2023, 46.0367], [-121.2121, 46.0428], [-121.228, 46.0395], [-121.2373, 46.0447], [-121.3652, 46.0451], [-121.4169, 46.0447], [-121.4272, 46.0443]]]}, "properties": {"district": "Glenwood School District (WA)", "county": "Klickitat"}}, {"type": "Feature", "geometry": {"type": "Polygon", "coordinates": [[[-121.2373, 46.0447], [-121.228, 46.0395], [-121.2121, 46.0428], [-121.2023, 46.0367], [-121.1945, 46.0371], [-121.1858, 46.0402], [-121.1799, 46.0399], [-121.1798, 46.0357], [-121.1762, 46.0334], [-121.166, 46.031], [-121.1549, 46.0159], [-121.1515, 46.0146], [-121.1493, 46.0102], [-121.1503, 46.005], [-121.1426, 45.9986], [-121.1358, 45.9914], [-121.13, 45.9906], [-121.1235, 45.985], [-121.1255, 45.9789], [-121.1203, 45.9752], [-121.1112, 45.9777], [-121.1037, 45.9746], [-121.1036, 45.9698], [-121.1003, 45.9665], [-121.102, 45.9624], [-121.1057, 45.9601], [-121.1048, 45.9555], [-121.1098, 45.949], [-121.1092, 45.9411], [-121.114, 45.9357], [-121.1212, 45.9382], [-121.1265, 45.9417], [-121.1311, 45.939], [-121.1308, 45.9336], [-121.1276, 45.9274], [-121.1187, 45.9263], [-121.1149, 45.9224], [-121.1115, 45.9228], [-121.1062, 45.9268], [-121.0988, 45.9262], [-121.091, 45.9285], [-121.0882, 45.9264], [-121.0884, 45.9218], [-121.0913, 45.9202], [-121.0895, 45.9156], [-121.0923, 45.914], [-121.0926, 45.883], [-121.0718, 45.8829], [-121.0718, 45.8687], [-121.0508, 45.8687], [-121.0516, 45.8403], [-121.0461, 45.8426], [-121.0373, 45.8397], [-121.0286, 45.8389], [-121.0174, 45.8351], [-121.0121, 45.8358], [-121.0062, 45.8275], [-121.0003, 45.8271], [-120.9994, 45.8224], [-120.9936, 45.8211], [-120.9945, 45.8178], [-120.9888, 45.8173], [-120.9777, 45.8146], [-120.9739, 45.8165], [-120.9683, 45.814], [-120.9632, 45.8159], [-120.9512, 45.8157], [-120.9487, 45.8122], [-120.9425, 45.8092], [-120.934, 45.8074], [-120.9245, 45.8107], [-120.9226, 45.8131], [-120.9057, 45.8132], [-120.9058, 45.7957], [-120.8953, 45.7956], [-120.8953, 45.7884], [-120.8849, 45.7884], [-120.8848, 45.7956], [-120.844, 45.7955], [-120.8442, 45.7663], [-120.8439, 45.7296], [-120.8231, 45.7296], [-120.8228, 45.7078], [-120.8437, 45.7078], [-120.8438, 45.7042], [-120.8543, 45.7043], [-120.8541, 45.7007], [-120.8748, 45.7009], [-120.8748, 45.7082], [-120.885, 45.7083], [-120.8852, 45.6937], [-120.8857, 45.6502], [-120.8554, 45.6717], [-120.7886, 45.6864], [-120.7286, 45.7053], [-120.6895, 45.7157], [-120.6693, 45.7299], [-120.6351, 45.7457], [-120.6229, 45.7462], [-120.5911, 45.7465], [-120.5593, 45.7383], [-120.5227, 45.7103], [-120.5057, 45.6999], [-120.4826, 45.6944], [-120.4531, 45.6963], [-120.4536, 45.6985], [-120.4624, 45.704], [-120.4643, 45.7102], [-120.4589, 45.7128], [-120.4594, 45.7216], [-120.449, 45.722], [-120.449, 45.7258], [-120.4395, 45.7288], [-120.4243, 45.7281], [-120.4242, 45.7422], [-120.419, 45.7423], [-120.4192, 45.7569], [-120.4089, 45.7569], [-120.4089, 45.7641], [-120.3879, 45.7639], [-120.3878, 45.7713], [-120.398, 45.7716], [-120.3975, 45.7791], [-120.406, 45.7794], [-120.4492, 45.7795], [-120.4493, 45.791], [-120.4543, 45.7911], [-120.4542, 45.7948], [-120.4592, 45.7948], [-120.4593, 45.7874], [-120.4902, 45.7875], [-120.4902, 45.8094], [-120.4898, 45.8239], [-120.4908, 45.8671], [-120.5113, 45.8675], [-120.542, 45.8674], [-120.5417, 45.8887], [-120.5211, 45.9032], [-120.5211, 45.9323], [-120.4901, 45.9544], [-120.4904, 45.9684], [-120.4901, 45.9902], [-120.4903, 46.0152], [-120.49, 46.0417], [-120.5109, 46.0415], [-120.5629, 46.0417], [-120.593, 46.0408], [-120.6143, 46.041], [-120.6558, 46.0414], [-120.7598, 46.0414], [-120.8013, 46.041], [-120.9054, 46.0424], [-120.9364, 46.0421], [-120.9664, 46.0422], [-121.008, 46.043], [-121.0496, 46.0429], [-121.0687, 46.0422], [-121.0912, 46.0429], [-121.1117, 46.0442], [-121.133, 46.0445], [-121.2373, 46.0447]]]}, "properties": {"district": "Goldendale School District (WA)", "county": "Klickitat"}}, {"type": "Feature", "geometry": {"type": "Polygon", "coordinates": [[[-119.3412, 48.0498], [-119.3431, 48.0486], [-119.3435, 48.0341], [-119.3432, 47.9907], [-119.3436, 47.976], [-119.2998, 47.9762], [-119.2999, 47.9615], [-119.2983, 47.9604], [-119.2982, 47.888], [-119.2333, 47.8877], [-119.2338, 47.873], [-119.2122, 47.8731], [-119.1049, 47.8732], [-119.1045, 47.8877], [-119.1027, 47.894], [-119.0982, 47.8993], [-119.1014, 47.9024], [-119.0851, 47.9006], [-119.0839, 47.8964], [-119.0799, 47.8914], [-119.0806, 47.8892], [-119.0608, 47.8881], [-119.0607, 47.9028], [-119.0176, 47.9031], [-118.9742, 47.9036], [-118.9741, 47.9108], [-118.9374, 47.9106], [-118.9156, 47.9108], [-118.9157, 47.9181], [-118.8938, 47.918], [-118.8937, 47.9253], [-118.8722, 47.9253], [-118.8505, 47.9253], [-118.8506, 47.9034], [-118.799, 47.903], [-118.7454, 47.9032], [-118.7557, 47.9086], [-118.7699, 47.9129], [-118.7832, 47.9157], [-118.8021, 47.9179], [-118.8119, 47.9203], [-118.8231, 47.9262], [-118.8294, 47.9331], [-118.833, 47.9505], [-118.8376, 47.9549], [-118.8467, 47.9577], [-118.852, 47.9577], [-118.8517, 47.9634], [-118.8458, 47.9635], [-118.8456, 48.0501], [-118.9319, 48.0501], [-118.9744, 48.0502], [-118.9743, 48.0637], [-118.9963, 48.0631], [-119.0135, 48.0633], [-119.0177, 48.0677], [-119.0221, 48.0802], [-119.0225, 48.0931], [-119.0246, 48.1031], [-119.0289, 48.1131], [-119.0319, 48.1168], [-119.0395, 48.1219], [-119.057, 48.137], [-119.068, 48.1401], [-119.0789, 48.1397], [-119.0869, 48.1375], [-119.0983, 48.1377], [-119.1073, 48.1404], [-119.1156, 48.1457], [-119.1238, 48.1497], [-119.1353, 48.1507], [-119.1413, 48.1479], [-119.151, 48.1461], [-119.1654, 48.1372], [-119.1703, 48.1325], [-119.1793, 48.1279], [-119.1871, 48.1293], [-119.1923, 48.1286], [-119.2002, 48.1252], [-119.2084, 48.1181], [-119.2153, 48.1153], [-119.2219, 48.1165], [-119.233, 48.1133], [-119.2376, 48.1094], [-119.2469, 48.1047], [-119.2569, 48.102], [-119.2694, 48.1046], [-119.2886, 48.114], [-119.2986, 48.1155], [-119.3073, 48.1118], [-119.3171, 48.106], [-119.3275, 48.0967], [-119.3297, 48.0807], [-119.3279, 48.0703], [-119.3323, 48.0574], [-119.3351, 48.0533], [-119.3412, 48.0498]]]}, "properties": {"district": "Grand Coulee Dam School District (WA)", "county": "Grant"}}, {"type": "Feature", "geometry": {"type": "Polygon", "coordinates": [[[-119.8736, 46.3168], [-119.8948, 46.3169], [-119.9153, 46.3163], [-119.9349, 46.317], [-119.9327, 46.3142], [-119.937, 46.312], [-119.9358, 46.3092], [-119.9293, 46.3082], [-119.9251, 46.3042], [-119.9267, 46.3019], [-119.9677, 46.3021], [-119.9682, 46.2657], [-120.0098, 46.2656], [-120.0099, 46.2511], [-120.0205, 46.2512], [-120.0204, 46.2389], [-120.0068, 46.2316], [-119.9943, 46.2296], [-119.9872, 46.236], [-119.9806, 46.2361], [-119.969, 46.2317], [-119.9559, 46.2245], [-119.9354, 46.2234], [-119.925, 46.2211], [-119.9162, 46.2159], [-119.903, 46.2156], [-119.8915, 46.2124], [-119.8857, 46.2093], [-119.8762, 46.2006], [-119.8667, 46.1954], [-119.8665, 46.2146], [-119.863, 46.2146], [-119.8629, 46.2402], [-119.8523, 46.2403], [-119.8522, 46.2511], [-119.8417, 46.251], [-119.8416, 46.2584], [-119.8521, 46.2585], [-119.8523, 46.273], [-119.8627, 46.273], [-119.8627, 46.2802], [-119.8419, 46.2804], [-119.842, 46.2876], [-119.8523, 46.2877], [-119.8523, 46.3021], [-119.8737, 46.3021], [-119.8736, 46.3168]]]}, "properties": {"district": "Grandview School District (WA)", "county": "Yakima"}}, {"type": "Feature", "geometry": {"type": "Polygon", "coordinates": [[[-120.2228, 46.3714], [-120.2203, 46.369], [-120.2202, 46.3637], [-120.2112, 46.3643], [-120.2101, 46.3577], [-120.2129, 46.3552], [-120.2223, 46.3541], [-120.2211, 46.3512], [-120.2149, 46.3469], [-120.2415, 46.3461], [-120.2417, 46.3317], [-120.2726, 46.3312], [-120.2727, 46.2943], [-120.2936, 46.2947], [-120.2936, 46.287], [-120.3146, 46.2868], [-120.3138, 46.2722], [-120.3569, 46.2721], [-120.3571, 46.2649], [-120.377, 46.2648], [-120.3771, 46.2145], [-120.3675, 46.2146], [-120.3669, 46.1009], [-120.3664, 46.0416], [-120.3311, 46.0415], [-120.2998, 46.05], [-120.287, 46.0482], [-120.2512, 46.0666], [-120.2379, 46.075], [-120.2135, 46.084], [-120.2018, 46.077], [-120.1785, 46.0863], [-120.1685, 46.0862], [-120.1532, 46.1022], [-120.1412, 46.1008], [-120.1231, 46.1065], [-120.1191, 46.1092], [-120.1193, 46.1429], [-120.1188, 46.1647], [-120.1189, 46.2152], [-120.126, 46.2153], [-120.126, 46.2484], [-120.1031, 46.2486], [-120.1054, 46.2506], [-120.1025, 46.2551], [-120.1111, 46.261], [-120.1089, 46.2659], [-120.1042, 46.2648], [-120.102, 46.2574], [-120.0968, 46.2604], [-120.1014, 46.2635], [-120.0991, 46.2662], [-120.0911, 46.2664], [-120.094, 46.2701], [-120.0919, 46.2768], [-120.0922, 46.289], [-120.0965, 46.2902], [-120.0958, 46.2962], [-120.1015, 46.2957], [-120.1116, 46.3014], [-120.1115, 46.2967], [-120.1235, 46.298], [-120.1251, 46.3035], [-120.1298, 46.3071], [-120.1318, 46.311], [-120.1371, 46.3156], [-120.141, 46.3122], [-120.145, 46.3138], [-120.1452, 46.3177], [-120.1255, 46.3172], [-120.1257, 46.3456], [-120.1254, 46.4043], [-120.1254, 46.4767], [-120.1881, 46.4764], [-120.1887, 46.4476], [-120.1887, 46.3897], [-120.1936, 46.3848], [-120.1883, 46.3789], [-120.2041, 46.3788], [-120.2039, 46.3715], [-120.2228, 46.3714]]]}, "properties": {"district": "Granger School District (WA)", "county": "Yakima"}}, {"type": "Feature", "geometry": {"type": "Polygon", "coordinates": [[[-121.7494, 48.2108], [-121.8158, 48.2108], [-121.8391, 48.2104], [-121.8395, 48.1803], [-121.9255, 48.1812], [-121.9477, 48.1811], [-121.9475, 48.1671], [-121.9257, 48.1669], [-121.9267, 48.1523], [-121.9479, 48.1524], [-121.9584, 48.1532], [-121.9887, 48.1525], [-121.9889, 48.1381], [-122.0205, 48.138], [-122.0207, 48.133], [-122.0348, 48.1393], [-122.0434, 48.1416], [-122.0431, 48.1469], [-122.049, 48.1484], [-122.0526, 48.152], [-122.0669, 48.1523], [-122.0752, 48.1517], [-122.077, 48.1447], [-122.0772, 48.1305], [-122.0757, 48.1084], [-122.054, 48.1086], [-122.054, 48.1013], [-122.054, 48.0942], [-122.0316, 48.0942], [-122.032, 48.065], [-122.0324, 48.0578], [-122.0124, 48.0574], [-122.0116, 48.043], [-122.0105, 48.0362], [-121.9578, 48.0364], [-121.9588, 48.0226], [-121.9669, 48.0226], [-121.9674, 48.0082], [-121.9476, 48.008], [-121.9476, 48.0009], [-121.9314, 48.0007], [-121.9314, 48.008], [-121.9152, 48.008], [-121.9152, 48.0007], [-121.9043, 47.9976], [-121.9044, 48.008], [-121.8721, 48.008], [-121.8394, 48.0076], [-121.8182, 48.0083], [-121.797, 48.008], [-121.7968, 47.9791], [-121.7112, 47.979], [-121.6787, 47.9796], [-121.5858, 47.9791], [-121.568, 47.9795], [-121.4942, 47.9794], [-121.4942, 47.965], [-121.45, 47.9649], [-121.3311, 47.9649], [-121.1954, 47.9649], [-121.1954, 47.9794], [-121.1679, 47.9794], [-121.1685, 47.9883], [-121.1643, 47.99], [-121.1281, 47.99], [-121.1213, 47.9963], [-121.1182, 47.9971], [-121.1185, 48.0068], [-121.123, 48.0087], [-121.1285, 48.0138], [-121.1292, 48.0198], [-121.1474, 48.0295], [-121.149, 48.0342], [-121.1533, 48.0397], [-121.1503, 48.042], [-121.1442, 48.0423], [-121.1305, 48.0452], [-121.1282, 48.0481], [-121.122, 48.051], [-121.116, 48.058], [-121.1098, 48.0567], [-121.1052, 48.0578], [-121.1016, 48.0627], [-121.0901, 48.0649], [-121.0846, 48.0619], [-121.0807, 48.0625], [-121.0721, 48.0677], [-121.0646, 48.0701], [-121.0486, 48.0702], [-121.0412, 48.0727], [-121.0362, 48.0768], [-121.0252, 48.0782], [-121.0159, 48.0748], [-121.0112, 48.0792], [-121.0047, 48.0814], [-120.9988, 48.0883], [-120.993, 48.0899], [-120.9873, 48.0939], [-120.9805, 48.0952], [-120.9778, 48.1011], [-120.9722, 48.104], [-120.9725, 48.1085], [-120.9637, 48.1097], [-120.9562, 48.1081], [-120.9463, 48.1152], [-120.9526, 48.1172], [-120.9567, 48.1226], [-120.9583, 48.1292], [-120.9631, 48.1314], [-120.9638, 48.1356], [-121.1679, 48.1356], [-121.1679, 48.1255], [-121.324, 48.1253], [-121.3242, 48.0363], [-121.3654, 48.0363], [-121.4539, 48.0366], [-121.4532, 48.1247], [-121.5183, 48.1245], [-121.5831, 48.1245], [-121.7073, 48.1246], [-121.7075, 48.1388], [-121.7075, 48.1967], [-121.7078, 48.211], [-121.7494, 48.2108]]]}, "properties": {"district": "Granite Falls School District (WA)", "county": "Snohomish"}}, {"type": "Feature", "geometry": {"type": "Polygon", "coordinates": [[[-122.9939, 47.3609], [-122.994, 47.3164], [-122.9722, 47.3161], [-122.9081, 47.3156], [-122.9086, 47.2919], [-122.9061, 47.2869], [-122.8882, 47.2903], [-122.8763, 47.2952], [-122.8701, 47.2962], [-122.8649, 47.2998], [-122.8629, 47.3067], [-122.8134, 47.3068], [-122.8081, 47.3155], [-122.8048, 47.3249], [-122.8037, 47.3334], [-122.8078, 47.3456], [-122.8031, 47.3531], [-122.8138, 47.3565], [-122.817, 47.3602], [-122.8657, 47.3603], [-122.8665, 47.3456], [-122.9082, 47.3457], [-122.9084, 47.3753], [-122.9509, 47.3748], [-122.9509, 47.3606], [-122.9939, 47.3609]]]}, "properties": {"district": "Grapeview School District (WA)", "county": "Mason"}}, {"type": "Feature", "geometry": {"type": "Polygon", "coordinates": [[[-117.5932, 47.6864], [-117.5931, 47.6574], [-117.5823, 47.6574], [-117.5824, 47.6718], [-117.5641, 47.6718], [-117.5678, 47.6657], [-117.5614, 47.6633], [-117.5613, 47.6574], [-117.5556, 47.6574], [-117.5556, 47.661], [-117.5451, 47.6612], [-117.5451, 47.6648], [-117.5182, 47.6648], [-117.5178, 47.6719], [-117.4856, 47.6717], [-117.4858, 47.679], [-117.4911, 47.6791], [-117.4912, 47.6864], [-117.4961, 47.6865], [-117.4968, 47.6983], [-117.4924, 47.7006], [-117.4946, 47.7043], [-117.5, 47.7071], [-117.5013, 47.7138], [-117.4989, 47.7191], [-117.5018, 47.7209], [-117.5097, 47.7205], [-117.5146, 47.7246], [-117.511, 47.73], [-117.5609, 47.7297], [-117.5609, 47.7262], [-117.561, 47.7154], [-117.583, 47.7156], [-117.5825, 47.6901], [-117.5851, 47.6865], [-117.5932, 47.6864]]]}, "properties": {"district": "Great Northern School District (WA)", "county": "Spokane"}}, {"type": "Feature", "geometry": {"type": "Polygon", "coordinates": [[[-122.4318, 45.9757], [-122.4422, 45.9758], [-122.4464, 45.9832], [-122.4524, 45.985], [-122.4788, 45.9879], [-122.4847, 45.9836], [-122.4896, 45.9835], [-122.4939, 45.9868], [-122.4984, 45.9863], [-122.4975, 45.9805], [-122.5064, 45.9803], [-122.5107, 45.9849], [-122.5179, 45.9828], [-122.523, 45.9841], [-122.5345, 45.9792], [-122.5318, 45.974], [-122.5383, 45.9702], [-122.5469, 45.967], [-122.5498, 45.9626], [-122.5546, 45.9598], [-122.5574, 45.9538], [-122.5646, 45.9517], [-122.572, 45.9526], [-122.578, 45.9547], [-122.5854, 45.9528], [-122.5903, 45.9484], [-122.601, 45.9448], [-122.606, 45.94], [-122.6157, 45.9357], [-122.62, 45.9368], [-122.6272, 45.9356], [-122.6389, 45.9375], [-122.6391, 45.9271], [-122.6328, 45.9339], [-122.6188, 45.9356], [-122.6186, 45.9285], [-122.6109, 45.9263], [-122.603, 45.9267], [-122.603, 45.9241], [-122.5771, 45.9248], [-122.5767, 45.91], [-122.5663, 45.9102], [-122.5559, 45.9102], [-122.5562, 45.9172], [-122.5302, 45.9172], [-122.5303, 45.9245], [-122.525, 45.9244], [-122.525, 45.9208], [-122.5145, 45.9208], [-122.5145, 45.9172], [-122.4935, 45.9171], [-122.4934, 45.9385], [-122.4518, 45.9388], [-122.4525, 45.9639], [-122.4318, 45.9638], [-122.4318, 45.9757]]]}, "properties": {"district": "Green Mountain School District (WA)", "county": "Clark"}}, {"type": "Feature", "geometry": {"type": "Polygon", "coordinates": [[[-123.2019, 47.0851], [-123.201, 47.0681], [-123.1802, 47.0681], [-123.1589, 47.0687], [-123.1378, 47.0684], [-123.1369, 47.0533], [-123.1165, 47.0564], [-123.0934, 47.0531], [-123.0746, 47.0533], [-123.0749, 47.0463], [-123.08, 47.046], [-123.0804, 47.0417], [-123.0756, 47.0401], [-123.058, 47.0408], [-123.0549, 47.0427], [-123.0541, 47.0536], [-123.0335, 47.0535], [-123.0125, 47.0541], [-123.0126, 47.0469], [-123.0022, 47.0469], [-123.0022, 47.0519], [-122.999, 47.0558], [-123.0013, 47.0582], [-123.009, 47.0614], [-123.0113, 47.0655], [-123.0097, 47.0734], [-123.0077, 47.0762], [-123.0013, 47.0783], [-122.9692, 47.0944], [-122.9566, 47.1017], [-122.9505, 47.1078], [-122.9509, 47.1116], [-122.9548, 47.1188], [-122.9545, 47.1245], [-122.9474, 47.1343], [-122.938, 47.1426], [-122.9218, 47.1546], [-122.9098, 47.165], [-122.9075, 47.1649], [-122.9113, 47.176], [-122.9223, 47.1794], [-122.9301, 47.18], [-122.9361, 47.1834], [-122.9363, 47.1895], [-122.9399, 47.1899], [-122.947, 47.1856], [-122.9475, 47.1779], [-122.9528, 47.1701], [-122.9612, 47.1644], [-122.9691, 47.1615], [-122.9844, 47.1589], [-122.9954, 47.1549], [-123.0024, 47.1513], [-123.0105, 47.1433], [-123.0154, 47.1238], [-123.0214, 47.1181], [-123.0273, 47.1158], [-123.0341, 47.115], [-123.0482, 47.116], [-123.0606, 47.114], [-123.0737, 47.1062], [-123.0747, 47.1044], [-123.075, 47.0848], [-123.0961, 47.0854], [-123.1278, 47.0854], [-123.1802, 47.0845], [-123.2019, 47.0851]]]}, "properties": {"district": "Griffin School District (WA)", "county": "Thurston"}}, {"type": "Feature", "geometry": {"type": "Polygon", "coordinates": [[[-118.5705, 47.5802], [-118.5709, 47.5512], [-118.5708, 47.5083], [-118.5719, 47.4947], [-118.5392, 47.4944], [-118.5391, 47.4576], [-118.507, 47.4577], [-118.5069, 47.4503], [-118.4855, 47.4506], [-118.4639, 47.4501], [-118.4646, 47.4065], [-118.4336, 47.4065], [-118.4338, 47.3771], [-118.4549, 47.3773], [-118.455, 47.37], [-118.4446, 47.37], [-118.4443, 47.348], [-118.4428, 47.3266], [-118.4448, 47.3198], [-118.4223, 47.319], [-118.4226, 47.3042], [-118.3797, 47.3046], [-118.3477, 47.3046], [-118.3373, 47.3041], [-118.3155, 47.3042], [-118.316, 47.2895], [-118.2945, 47.2896], [-118.2949, 47.2612], [-118.2733, 47.2612], [-118.273, 47.2896], [-118.2518, 47.2896], [-118.252, 47.2755], [-118.2301, 47.2756], [-118.2304, 47.2611], [-118.2088, 47.2612], [-118.2084, 47.2898], [-118.2304, 47.2897], [-118.2298, 47.3043], [-118.2083, 47.3048], [-118.208, 47.3194], [-118.2294, 47.3193], [-118.2295, 47.3339], [-118.2188, 47.334], [-118.2186, 47.3622], [-118.2079, 47.362], [-118.2077, 47.3765], [-118.1863, 47.3769], [-118.1864, 47.3624], [-118.1435, 47.3629], [-118.1437, 47.3774], [-118.122, 47.3778], [-118.1216, 47.4068], [-118.09, 47.4069], [-118.0901, 47.4288], [-118.0796, 47.4288], [-118.0793, 47.4506], [-118.0898, 47.4506], [-118.0895, 47.4579], [-118.095, 47.458], [-118.0949, 47.4653], [-118.0676, 47.4652], [-118.0679, 47.4798], [-118.0626, 47.4798], [-118.063, 47.4872], [-118.0787, 47.4869], [-118.079, 47.4941], [-118.111, 47.4946], [-118.1111, 47.5092], [-118.1431, 47.5095], [-118.1645, 47.5088], [-118.1645, 47.5236], [-118.1857, 47.5226], [-118.186, 47.5299], [-118.1967, 47.5294], [-118.1971, 47.5528], [-118.2076, 47.5507], [-118.2078, 47.5579], [-118.1971, 47.5601], [-118.1972, 47.5673], [-118.208, 47.5652], [-118.208, 47.5727], [-118.2305, 47.5724], [-118.2309, 47.5797], [-118.2703, 47.5796], [-118.2814, 47.5805], [-118.3351, 47.5806], [-118.3357, 47.5952], [-118.3571, 47.5953], [-118.4001, 47.5955], [-118.4216, 47.5948], [-118.4213, 47.5805], [-118.4642, 47.5807], [-118.5474, 47.5806], [-118.5705, 47.5802]]]}, "properties": {"district": "Harrington School District (WA)", "county": "Lincoln"}}, {"type": "Feature", "geometry": {"type": "Polygon", "coordinates": [[[-120.6201, 46.6219], [-120.5936, 46.6218], [-120.5938, 46.6309], [-120.6043, 46.6309], [-120.6095, 46.6328], [-120.6096, 46.6373], [-120.6205, 46.6382], [-120.6254, 46.64], [-120.6308, 46.6455], [-120.6309, 46.6528], [-120.6362, 46.6546], [-120.6362, 46.6583], [-120.6414, 46.6583], [-120.6435, 46.6655], [-120.6572, 46.6655], [-120.6571, 46.6766], [-120.6624, 46.6766], [-120.6624, 46.6803], [-120.6678, 46.6803], [-120.6678, 46.684], [-120.6731, 46.684], [-120.6732, 46.6877], [-120.6785, 46.6877], [-120.6784, 46.6951], [-120.6891, 46.6949], [-120.6891, 46.7004], [-120.6918, 46.7022], [-120.7051, 46.7058], [-120.7052, 46.7112], [-120.7103, 46.7112], [-120.7105, 46.7202], [-120.7158, 46.7202], [-120.7159, 46.7276], [-120.7212, 46.7277], [-120.7213, 46.7312], [-120.7319, 46.7312], [-120.732, 46.7331], [-120.7426, 46.733], [-120.7428, 46.736], [-120.7533, 46.736], [-120.7534, 46.7386], [-120.7622, 46.7386], [-120.7622, 46.7423], [-120.7831, 46.7423], [-120.7831, 46.7387], [-120.7882, 46.7388], [-120.7885, 46.7313], [-120.794, 46.7314], [-120.7939, 46.7239], [-120.8149, 46.7244], [-120.815, 46.7172], [-120.8256, 46.7174], [-120.8256, 46.6957], [-120.8666, 46.6952], [-120.8873, 46.6952], [-120.887, 46.6516], [-120.95, 46.6518], [-120.9803, 46.6508], [-120.9805, 46.6532], [-120.9986, 46.6531], [-120.9956, 46.6502], [-121.0126, 46.6496], [-121.0118, 46.6367], [-121.0117, 46.5788], [-120.9822, 46.5786], [-120.9604, 46.5788], [-120.9499, 46.5781], [-120.9094, 46.5785], [-120.8665, 46.5784], [-120.866, 46.5929], [-120.8452, 46.5928], [-120.8448, 46.6072], [-120.8239, 46.6074], [-120.8242, 46.6219], [-120.7827, 46.6223], [-120.7622, 46.6219], [-120.7201, 46.6219], [-120.6777, 46.6207], [-120.6569, 46.6218], [-120.6573, 46.6074], [-120.6359, 46.6075], [-120.636, 46.622], [-120.6201, 46.6219]]]}, "properties": {"district": "Highland School District (WA)", "county": "Yakima"}}, {"type": "Feature", "geometry": {"type": "Polygon", "coordinates": [[[-122.4077, 47.4822], [-122.4101, 47.4767], [-122.4095, 47.4578], [-122.4041, 47.4453], [-122.3922, 47.4326], [-122.3522, 47.3975], [-122.3484, 47.3885], [-122.348, 47.3823], [-122.351, 47.3781], [-122.3559, 47.3753], [-122.3132, 47.3761], [-122.2922, 47.3757], [-122.2914, 47.3938], [-122.2925, 47.4009], [-122.2865, 47.401], [-122.2866, 47.4155], [-122.2813, 47.4155], [-122.2816, 47.4242], [-122.2704, 47.4306], [-122.2682, 47.4438], [-122.2668, 47.4451], [-122.2645, 47.4596], [-122.2927, 47.4597], [-122.2887, 47.4667], [-122.2899, 47.4727], [-122.2947, 47.4803], [-122.2972, 47.4887], [-122.2963, 47.5043], [-122.2926, 47.507], [-122.2937, 47.5102], [-122.2994, 47.5122], [-122.3108, 47.5134], [-122.3134, 47.515], [-122.3233, 47.5153], [-122.3303, 47.514], [-122.3325, 47.5172], [-122.3714, 47.5174], [-122.3706, 47.5039], [-122.3756, 47.4964], [-122.3818, 47.4919], [-122.4077, 47.4822]]]}, "properties": {"district": "Highline School District (WA)", "county": "King"}}, {"type": "Feature", "geometry": {"type": "Polygon", "coordinates": [[[-122.2502, 45.7509], [-122.3116, 45.7518], [-122.3526, 45.7518], [-122.3729, 45.7514], [-122.373, 45.7585], [-122.3908, 45.7583], [-122.4232, 45.7589], [-122.4234, 45.7663], [-122.4451, 45.7664], [-122.445, 45.7737], [-122.4606, 45.7737], [-122.4607, 45.7628], [-122.4658, 45.7629], [-122.4658, 45.7592], [-122.4953, 45.7597], [-122.5165, 45.7592], [-122.5165, 45.7228], [-122.506, 45.7229], [-122.5061, 45.7157], [-122.5009, 45.7156], [-122.5009, 45.7084], [-122.5061, 45.7084], [-122.506, 45.6937], [-122.5058, 45.6793], [-122.4955, 45.6793], [-122.4957, 45.6865], [-122.4867, 45.6865], [-122.4867, 45.6939], [-122.4763, 45.6939], [-122.4762, 45.6902], [-122.4606, 45.6902], [-122.4607, 45.694], [-122.4555, 45.6939], [-122.4555, 45.6975], [-122.4346, 45.6977], [-122.4348, 45.6941], [-122.3935, 45.6943], [-122.3728, 45.6942], [-122.3724, 45.7156], [-122.3528, 45.716], [-122.3113, 45.7157], [-122.2492, 45.7157], [-122.2497, 45.7303], [-122.2495, 45.7441], [-122.2502, 45.7509]]]}, "properties": {"district": "Hockinson School District (WA)", "county": "Clark"}}, {"type": "Feature", "geometry": {"type": "Polygon", "coordinates": [[[-123.5059, 47.5177], [-123.5059, 47.4463], [-123.5061, 47.4318], [-123.506, 47.3591], [-123.5051, 47.3441], [-123.477, 47.3449], [-123.3766, 47.3448], [-123.3767, 47.3147], [-123.3778, 47.3008], [-123.3777, 47.2872], [-123.3565, 47.2875], [-123.3562, 47.2585], [-123.3078, 47.2584], [-123.1646, 47.2584], [-123.1646, 47.3019], [-123.0792, 47.3017], [-123.0207, 47.3017], [-122.9941, 47.3019], [-122.994, 47.3164], [-122.9939, 47.3609], [-122.9938, 47.3791], [-123.0026, 47.3765], [-123.0084, 47.3689], [-123.0159, 47.3626], [-123.0243, 47.3573], [-123.0344, 47.3551], [-123.0438, 47.3549], [-123.0716, 47.3596], [-123.0901, 47.3634], [-123.1281, 47.3633], [-123.1288, 47.3746], [-123.1284, 47.385], [-123.1263, 47.3969], [-123.1185, 47.4152], [-123.113, 47.4238], [-123.1002, 47.4417], [-123.0916, 47.4514], [-123.0819, 47.4604], [-123.0441, 47.4998], [-123.0384, 47.5202], [-123.0293, 47.5331], [-122.9963, 47.5645], [-122.9895, 47.5716], [-122.9806, 47.587], [-122.9744, 47.5948], [-122.9677, 47.5995], [-122.9506, 47.6063], [-122.9869, 47.6068], [-123.0556, 47.6072], [-123.0833, 47.6069], [-123.0993, 47.6074], [-123.2504, 47.6075], [-123.367, 47.6075], [-123.377, 47.6069], [-123.377, 47.6046], [-123.5059, 47.6046], [-123.5059, 47.5177]]]}, "properties": {"district": "Hood Canal School District (WA)", "county": "Mason"}}, {"type": "Feature", "geometry": {"type": "Polygon", "coordinates": [[[-124.0448, 47.1726], [-124.0454, 47.1574], [-124.0459, 47.1281], [-124.0874, 47.129], [-124.0894, 47.085], [-124.0899, 46.9739], [-124.0901, 46.9317], [-124.079, 46.9347], [-124.0481, 46.9386], [-124.0316, 46.9399], [-123.9913, 46.944], [-123.9223, 46.9514], [-123.9223, 46.952], [-123.8605, 46.9516], [-123.8523, 46.9516], [-123.8522, 46.9806], [-123.8604, 46.9806], [-123.8601, 46.9955], [-123.8414, 46.995], [-123.8418, 47.0232], [-123.8403, 47.0514], [-123.8194, 47.0517], [-123.8184, 47.0659], [-123.8184, 47.0807], [-123.8387, 47.0808], [-123.8396, 47.124], [-123.839, 47.1526], [-123.8411, 47.1685], [-123.8409, 47.1834], [-123.8397, 47.198], [-123.8397, 47.2127], [-123.8782, 47.2138], [-123.9189, 47.2138], [-123.9403, 47.2149], [-123.9614, 47.2148], [-123.9817, 47.2156], [-123.9992, 47.2155], [-124.0047, 47.2046], [-124.0042, 47.2001], [-124.007, 47.1964], [-124.0005, 47.1928], [-123.9996, 47.1904], [-124.0042, 47.1843], [-124.0119, 47.1809], [-124.0089, 47.1741], [-124.0061, 47.1724], [-124.0448, 47.1726]]]}, "properties": {"district": "Hoquiam School District (WA)", "county": "Grays Harbor"}}, {"type": "Feature", "geometry": {"type": "Polygon", "coordinates": [[[-118.4551, 48.3968], [-118.4553, 48.3473], [-118.455, 48.3097], [-118.4585, 48.3096], [-118.4585, 48.2544], [-118.4581, 48.2385], [-118.4584, 48.1607], [-118.458, 48.0701], [-118.458, 48.0032], [-118.4586, 47.9632], [-118.4656, 47.9633], [-118.4658, 47.8822], [-118.4609, 47.8803], [-118.457, 47.8749], [-118.4578, 47.8595], [-118.4562, 47.8545], [-118.4458, 47.8455], [-118.4334, 47.8398], [-118.4241, 47.8385], [-118.4188, 47.8357], [-118.3927, 47.8307], [-118.3835, 47.8304], [-118.3748, 47.8331], [-118.3682, 47.833], [-118.3571, 47.8416], [-118.3569, 47.8477], [-118.3541, 47.8649], [-118.3481, 47.877], [-118.3499, 47.8826], [-118.3475, 47.887], [-118.3409, 47.8943], [-118.34, 47.9002], [-118.3502, 47.9163], [-118.3561, 47.9293], [-118.3524, 47.9536], [-118.3487, 47.9718], [-118.3521, 47.9748], [-118.3706, 47.9856], [-118.3754, 47.9999], [-118.3797, 48.0048], [-118.3887, 48.0117], [-118.4011, 48.0229], [-118.4008, 48.0287], [-118.3966, 48.0317], [-118.3797, 48.0394], [-118.3695, 48.0426], [-118.3589, 48.0494], [-118.3471, 48.0505], [-118.3395, 48.0498], [-118.3161, 48.0416], [-118.2998, 48.0415], [-118.2755, 48.0406], [-118.2704, 48.0429], [-118.2656, 48.0513], [-118.2667, 48.0567], [-118.2579, 48.0598], [-118.2501, 48.0551], [-118.2452, 48.0547], [-118.2382, 48.0582], [-118.2335, 48.0635], [-118.2336, 48.0704], [-118.2353, 48.0755], [-118.2341, 48.0812], [-118.2313, 48.0848], [-118.2313, 48.0895], [-118.2375, 48.1048], [-118.2432, 48.1083], [-118.2533, 48.1125], [-118.2547, 48.1174], [-118.2545, 48.1276], [-118.2486, 48.1343], [-118.2426, 48.1355], [-118.2333, 48.1347], [-118.2212, 48.1381], [-118.2075, 48.1383], [-118.2005, 48.1412], [-118.194, 48.1492], [-118.1913, 48.1599], [-118.1923, 48.1671], [-118.196, 48.1791], [-118.1966, 48.1906], [-118.1943, 48.194], [-118.1879, 48.1971], [-118.1895, 48.2076], [-118.1945, 48.2129], [-118.1881, 48.2175], [-118.1653, 48.2304], [-118.1545, 48.2379], [-118.1493, 48.2434], [-118.1415, 48.2602], [-118.1398, 48.2673], [-118.1441, 48.2751], [-118.1483, 48.2778], [-118.1508, 48.2823], [-118.1545, 48.2959], [-118.1587, 48.301], [-118.1649, 48.3045], [-118.1689, 48.3124], [-118.1756, 48.3195], [-118.176, 48.3264], [-118.18, 48.3348], [-118.1794, 48.3426], [-118.1802, 48.3637], [-118.1816, 48.3718], [-118.1858, 48.3782], [-118.1876, 48.3874], [-118.1929, 48.395], [-118.2005, 48.4034], [-118.2035, 48.4097], [-118.2031, 48.4154], [-118.2004, 48.4263], [-118.2035, 48.4339], [-118.2029, 48.4422], [-118.2119, 48.4497], [-118.2122, 48.4577], [-118.2105, 48.464], [-118.2065, 48.4703], [-118.1892, 48.4816], [-118.2511, 48.4812], [-118.3679, 48.4816], [-118.3761, 48.4813], [-118.4554, 48.4815], [-118.455, 48.4192], [-118.4551, 48.3968]]]}, "properties": {"district": "Inchelium School District (WA)", "county": "Ferry"}}, {"type": "Feature", "geometry": {"type": "Polygon", "coordinates": [[[-121.1521, 47.8668], [-121.328, 47.8668], [-121.328, 47.8628], [-121.4565, 47.8627], [-121.5205, 47.8634], [-121.5827, 47.8633], [-121.585, 47.864], [-121.5849, 47.8349], [-121.5845, 47.8275], [-121.585, 47.8066], [-121.5845, 47.7771], [-121.5727, 47.7776], [-121.5405, 47.7778], [-121.497, 47.7778], [-121.4555, 47.7784], [-121.4555, 47.7806], [-121.3355, 47.78], [-121.3007, 47.7796], [-121.2628, 47.7796], [-121.1957, 47.7791], [-121.1956, 47.7801], [-121.1192, 47.7799], [-121.1203, 47.7843], [-121.1117, 47.7878], [-121.1094, 47.7928], [-121.1052, 47.7957], [-121.0926, 47.8007], [-121.0924, 47.8051], [-121.0847, 47.8077], [-121.0817, 47.816], [-121.0707, 47.8266], [-121.0709, 47.8302], [-121.0802, 47.8341], [-121.0857, 47.8328], [-121.0958, 47.8327], [-121.1069, 47.829], [-121.1188, 47.831], [-121.1237, 47.8384], [-121.1334, 47.8397], [-121.1343, 47.843], [-121.1469, 47.8435], [-121.1535, 47.8453], [-121.1532, 47.851], [-121.1472, 47.8575], [-121.1521, 47.8668]]]}, "properties": {"district": "Index School District (WA)", "county": "Snohomish"}}, {"type": "Feature", "geometry": {"type": "Polygon", "coordinates": [[[-122.1698, 47.54], [-122.1698, 47.5238], [-122.1619, 47.5237], [-122.1592, 47.5209], [-122.1593, 47.5164], [-122.1485, 47.5163], [-122.1484, 47.4884], [-122.143, 47.4884], [-122.1429, 47.4848], [-122.1298, 47.4847], [-122.1296, 47.4702], [-122.1216, 47.4673], [-122.1087, 47.4677], [-122.1062, 47.4694], [-122.0796, 47.4698], [-122.0796, 47.4661], [-122.0743, 47.4661], [-122.0742, 47.4553], [-122.069, 47.4552], [-122.069, 47.4481], [-122.0637, 47.448], [-122.0637, 47.4444], [-122.0584, 47.4443], [-122.0584, 47.4371], [-122.0373, 47.437], [-122.0372, 47.4443], [-121.9943, 47.4439], [-121.9943, 47.4294], [-121.9727, 47.4291], [-121.9726, 47.4437], [-121.9513, 47.4431], [-121.951, 47.4544], [-121.9499, 47.4575], [-121.9082, 47.4569], [-121.9084, 47.4856], [-121.8794, 47.4858], [-121.8443, 47.4851], [-121.845, 47.4997], [-121.8764, 47.5002], [-121.8769, 47.5075], [-121.8872, 47.5076], [-121.8872, 47.5146], [-121.8979, 47.5146], [-121.8978, 47.5218], [-121.9086, 47.5219], [-121.9088, 47.5434], [-121.9194, 47.5434], [-121.9196, 47.5543], [-121.9316, 47.5544], [-121.9315, 47.5579], [-121.9715, 47.5584], [-121.9717, 47.5657], [-121.9707, 47.5845], [-121.9707, 47.6011], [-121.9923, 47.6014], [-122.1106, 47.6024], [-122.109, 47.5981], [-122.1104, 47.592], [-122.1098, 47.5849], [-122.112, 47.5804], [-122.1107, 47.5703], [-122.1222, 47.5744], [-122.1267, 47.5745], [-122.1268, 47.5562], [-122.1314, 47.5518], [-122.1328, 47.5453], [-122.1643, 47.5455], [-122.166, 47.539], [-122.1698, 47.54]]]}, "properties": {"district": "Issaquah School District (WA)", "county": "King"}}, {"type": "Feature", "geometry": {"type": "MultiPolygon", "coordinates": [[[[-118.6516, 46.7359], [-118.6517, 46.7073], [-118.6936, 46.7073], [-118.6932, 46.6488], [-118.6509, 46.6487], [-118.6503, 46.6346], [-118.65, 46.6054], [-118.6713, 46.6056], [-118.6711, 46.5907], [-118.6921, 46.5909], [-118.692, 46.5762], [-118.713, 46.5763], [-118.7122, 46.5619], [-118.6799, 46.5617], [-118.6796, 46.5297], [-118.638, 46.5292], [-118.638, 46.5365], [-118.6172, 46.5364], [-118.6175, 46.5142], [-118.6047, 46.5141], [-118.5968, 46.5206], [-118.5924, 46.5259], [-118.5821, 46.5311], [-118.5654, 46.5349], [-118.5603, 46.5392], [-118.5515, 46.5524], [-118.548, 46.5559], [-118.53, 46.5656], [-118.528, 46.5677], [-118.5145, 46.5715], [-118.5011, 46.5739], [-118.4965, 46.5755], [-118.4844, 46.5852], [-118.4759, 46.5951], [-118.4673, 46.5986], [-118.4526, 46.597], [-118.4446, 46.5925], [-118.4232, 46.5837], [-118.4153, 46.5821], [-118.3976, 46.5804], [-118.3897, 46.5806], [-118.3792, 46.5879], [-118.3617, 46.598], [-118.3225, 46.6068], [-118.3092, 46.6064], [-118.2872, 46.5949], [-118.2786, 46.5932], [-118.2739, 46.5938], [-118.2577, 46.5996], [-118.2511, 46.6012], [-118.2443, 46.6007], [-118.2286, 46.5934], [-118.2245, 46.591], [-118.2157, 46.5889], [-118.2109, 46.5966], [-118.2111, 46.6008], [-118.2077, 46.6059], [-118.2086, 46.6093], [-118.1983, 46.6117], [-118.1998, 46.6242], [-118.2165, 46.6333], [-118.2146, 46.6387], [-118.2194, 46.6406], [-118.2255, 46.6466], [-118.2275, 46.6532], [-118.2308, 46.657], [-118.2249, 46.6664], [-118.2237, 46.6738], [-118.2175, 46.6793], [-118.2229, 46.6896], [-118.2337, 46.7067], [-118.3175, 46.7072], [-118.3589, 46.707], [-118.3589, 46.7144], [-118.3694, 46.7145], [-118.3695, 46.7181], [-118.3642, 46.7181], [-118.3642, 46.7218], [-118.339, 46.7219], [-118.3392, 46.7373], [-118.3589, 46.7366], [-118.4016, 46.7366], [-118.4439, 46.7369], [-118.5055, 46.7366], [-118.5694, 46.7365], [-118.6516, 46.7359]]], [[[-118.6796, 46.5297], [-118.7215, 46.5304], [-118.7418, 46.5305], [-118.7413, 46.4721], [-118.7107, 46.4716], [-118.7108, 46.4862], [-118.69, 46.4859], [-118.6899, 46.5005], [-118.6794, 46.5004], [-118.6796, 46.5297]]]]}, "properties": {"district": "Kahlotus School District (WA)", "county": "Franklin"}}, {"type": "Feature", "geometry": {"type": "Polygon", "coordinates": [[[-122.8831, 46.0539], [-122.8781, 46.0313], [-122.8562, 46.0145], [-122.8376, 45.9808], [-122.814, 45.961], [-122.8118, 45.9531], [-122.742, 45.953], [-122.7422, 45.9675], [-122.7296, 45.9684], [-122.6993, 45.9672], [-122.6998, 46.0035], [-122.6804, 46.0036], [-122.6807, 46.0111], [-122.6693, 46.0108], [-122.6693, 46.0251], [-122.659, 46.0252], [-122.6481, 46.0225], [-122.6388, 46.0222], [-122.638, 46.0408], [-122.6177, 46.0404], [-122.5556, 46.0406], [-122.5555, 46.0477], [-122.5344, 46.0477], [-122.5345, 46.0549], [-122.5131, 46.0549], [-122.513, 46.0693], [-122.4923, 46.0694], [-122.4923, 46.0683], [-122.473, 46.0683], [-122.4731, 46.0971], [-122.4922, 46.097], [-122.493, 46.1266], [-122.4742, 46.1265], [-122.3537, 46.1265], [-122.2989, 46.1266], [-122.2679, 46.1281], [-122.246, 46.1281], [-122.2465, 46.1569], [-122.2467, 46.2006], [-122.2455, 46.2113], [-122.3207, 46.2121], [-122.3207, 46.2242], [-122.3593, 46.2246], [-122.3747, 46.2242], [-122.3873, 46.2251], [-122.3909, 46.2263], [-122.3993, 46.2253], [-122.4346, 46.2257], [-122.5236, 46.2272], [-122.5403, 46.2273], [-122.5402, 46.1415], [-122.6277, 46.141], [-122.6977, 46.1417], [-122.6983, 46.1313], [-122.6981, 46.1176], [-122.6995, 46.066], [-122.7007, 46.0611], [-122.721, 46.0606], [-122.7313, 46.0611], [-122.7312, 46.0683], [-122.7628, 46.0692], [-122.7835, 46.0684], [-122.7837, 46.0542], [-122.8605, 46.0544], [-122.8831, 46.0539]]]}, "properties": {"district": "Kalama School District (WA)", "county": "Cowlitz"}}, {"type": "Feature", "geometry": {"type": "Polygon", "coordinates": [[[-118.8456, 48.0501], [-118.8458, 47.9635], [-118.8517, 47.9634], [-118.852, 47.9577], [-118.8467, 47.9577], [-118.8376, 47.9549], [-118.833, 47.9505], [-118.8294, 47.9331], [-118.8231, 47.9262], [-118.8119, 47.9203], [-118.8021, 47.9179], [-118.7832, 47.9157], [-118.7699, 47.9129], [-118.7557, 47.9086], [-118.7454, 47.9032], [-118.7355, 47.9005], [-118.7303, 47.9002], [-118.7149, 47.902], [-118.7117, 47.9033], [-118.71, 47.9098], [-118.7111, 47.9192], [-118.7076, 47.9336], [-118.6975, 47.9405], [-118.6884, 47.9427], [-118.6779, 47.941], [-118.662, 47.9374], [-118.652, 47.9271], [-118.6414, 47.926], [-118.6343, 47.9299], [-118.6248, 47.9276], [-118.6138, 47.9289], [-118.607, 47.9312], [-118.5981, 47.9292], [-118.5846, 47.9325], [-118.5704, 47.9323], [-118.5634, 47.9276], [-118.541, 47.9204], [-118.5335, 47.9149], [-118.5321, 47.9105], [-118.5346, 47.9012], [-118.5422, 47.8926], [-118.544, 47.8886], [-118.5426, 47.8806], [-118.5369, 47.8768], [-118.5313, 47.8749], [-118.5079, 47.8753], [-118.5011, 47.8738], [-118.4757, 47.8771], [-118.4658, 47.8822], [-118.4656, 47.9633], [-118.4586, 47.9632], [-118.458, 48.0032], [-118.458, 48.0701], [-118.4584, 48.1607], [-118.4581, 48.2385], [-118.4585, 48.2544], [-118.4585, 48.3096], [-118.455, 48.3097], [-118.4553, 48.3473], [-118.4551, 48.3968], [-118.5439, 48.3964], [-118.564, 48.3962], [-118.585, 48.3965], [-118.6508, 48.3963], [-118.7185, 48.3965], [-118.8445, 48.3965], [-118.845, 48.3099], [-118.8458, 48.3099], [-118.8458, 48.252], [-118.8454, 48.2382], [-118.8457, 48.1657], [-118.8458, 48.1079], [-118.8456, 48.0501]]]}, "properties": {"district": "Keller School District (WA)", "county": "Ferry"}}, {"type": "Feature", "geometry": {"type": "Polygon", "coordinates": [[[-122.9895, 46.2283], [-122.9895, 46.2139], [-122.974, 46.2138], [-122.9746, 46.2066], [-122.9798, 46.2066], [-122.98, 46.1921], [-122.9651, 46.192], [-122.9601, 46.1886], [-122.9603, 46.1702], [-122.9579, 46.169], [-122.9251, 46.1689], [-122.923, 46.1592], [-122.9146, 46.1592], [-122.9135, 46.1502], [-122.9233, 46.1502], [-122.9241, 46.1445], [-122.9148, 46.1427], [-122.9207, 46.1295], [-122.9207, 46.1248], [-122.9179, 46.1205], [-122.9113, 46.1172], [-122.9007, 46.1149], [-122.8944, 46.1117], [-122.8917, 46.1074], [-122.8936, 46.1039], [-122.8997, 46.1014], [-122.9304, 46.0933], [-122.9041, 46.0837], [-122.8845, 46.0603], [-122.8831, 46.0539], [-122.8605, 46.0544], [-122.7837, 46.0542], [-122.7835, 46.0684], [-122.7628, 46.0692], [-122.7312, 46.0683], [-122.7313, 46.0611], [-122.721, 46.0606], [-122.7007, 46.0611], [-122.6995, 46.066], [-122.6981, 46.1176], [-122.6983, 46.1313], [-122.6977, 46.1417], [-122.6277, 46.141], [-122.5402, 46.1415], [-122.5403, 46.2273], [-122.5236, 46.2272], [-122.4346, 46.2257], [-122.3993, 46.2253], [-122.3909, 46.2263], [-122.3873, 46.2251], [-122.3747, 46.2242], [-122.3593, 46.2246], [-122.3207, 46.2242], [-122.3207, 46.2121], [-122.2455, 46.2113], [-122.242, 46.2116], [-122.2412, 46.2544], [-122.241, 46.2829], [-122.2413, 46.298], [-122.2411, 46.3275], [-122.2402, 46.3708], [-122.2395, 46.3854], [-122.241, 46.3854], [-122.3022, 46.3856], [-122.3022, 46.3223], [-122.3033, 46.3115], [-122.3034, 46.2986], [-122.3242, 46.2985], [-122.3243, 46.2694], [-122.3649, 46.2701], [-122.3651, 46.2542], [-122.4064, 46.2556], [-122.4597, 46.2555], [-122.4699, 46.2561], [-122.5216, 46.2559], [-122.5534, 46.2562], [-122.5535, 46.227], [-122.5748, 46.2272], [-122.5998, 46.2267], [-122.6355, 46.2269], [-122.6578, 46.2276], [-122.6681, 46.2272], [-122.6685, 46.2418], [-122.6804, 46.2416], [-122.7105, 46.2424], [-122.7514, 46.2424], [-122.7512, 46.257], [-122.8245, 46.2572], [-122.8245, 46.25], [-122.8348, 46.25], [-122.8349, 46.2572], [-122.8655, 46.2573], [-122.8656, 46.2173], [-122.8759, 46.2174], [-122.8758, 46.221], [-122.9274, 46.221], [-122.9275, 46.2281], [-122.9379, 46.2281], [-122.9379, 46.2353], [-122.9275, 46.2354], [-122.9276, 46.2426], [-122.9687, 46.2425], [-122.9687, 46.2352], [-122.9636, 46.2352], [-122.9636, 46.2315], [-122.9686, 46.2282], [-122.9895, 46.2283]]]}, "properties": {"district": "Kelso School District (WA)", "county": "Cowlitz"}}, {"type": "Feature", "geometry": {"type": "Polygon", "coordinates": [[[-119.3712, 46.1302], [-119.3695, 46.1277], [-119.37, 46.1015], [-119.3916, 46.1005], [-119.4125, 46.1004], [-119.4127, 46.0858], [-119.4541, 46.0863], [-119.4547, 46.0717], [-119.4759, 46.0718], [-119.4765, 46.0426], [-119.4556, 46.0424], [-119.4552, 45.9978], [-119.4557, 45.9827], [-119.4555, 45.9682], [-119.4561, 45.9385], [-119.4666, 45.9386], [-119.4667, 45.9242], [-119.4562, 45.9242], [-119.4563, 45.9157], [-119.4504, 45.9174], [-119.3645, 45.9215], [-119.3324, 45.9308], [-119.3226, 45.9331], [-119.2861, 45.9374], [-119.2571, 45.9399], [-119.2256, 45.9328], [-119.2043, 45.9293], [-119.2041, 45.9956], [-119.2045, 46.0101], [-119.1835, 46.0096], [-119.1626, 46.0098], [-119.1415, 46.0094], [-119.1411, 46.0237], [-119.1202, 46.0236], [-119.1201, 46.0377], [-119.1101, 46.0382], [-119.0569, 46.0379], [-119.0561, 46.0816], [-119.0457, 46.0816], [-119.0452, 46.1103], [-119.0557, 46.1103], [-119.055, 46.1394], [-119.0864, 46.1396], [-119.0865, 46.1543], [-119.0758, 46.1542], [-119.0757, 46.1835], [-119.0547, 46.1834], [-119.0544, 46.1987], [-119.0911, 46.2118], [-119.1012, 46.2171], [-119.1132, 46.2216], [-119.1328, 46.2255], [-119.1486, 46.2269], [-119.1594, 46.2267], [-119.1733, 46.2286], [-119.1871, 46.2328], [-119.2034, 46.2353], [-119.2104, 46.2389], [-119.2279, 46.253], [-119.2368, 46.2611], [-119.2338, 46.2485], [-119.2434, 46.2459], [-119.2444, 46.2126], [-119.2893, 46.2132], [-119.3481, 46.2133], [-119.3484, 46.2019], [-119.3479, 46.1874], [-119.3482, 46.129], [-119.3684, 46.131], [-119.3712, 46.1302]]]}, "properties": {"district": "Kennewick School District (WA)", "county": "Benton"}}, {"type": "Feature", "geometry": {"type": "Polygon", "coordinates": [[[-122.2704, 47.4306], [-122.2816, 47.4242], [-122.2813, 47.4155], [-122.2866, 47.4155], [-122.2865, 47.401], [-122.2925, 47.4009], [-122.2914, 47.3938], [-122.2759, 47.3939], [-122.2757, 47.3722], [-122.2652, 47.3704], [-122.2655, 47.3452], [-122.2568, 47.3449], [-122.2542, 47.3404], [-122.2497, 47.3405], [-122.2388, 47.3403], [-122.2388, 47.3537], [-122.2095, 47.3541], [-122.2098, 47.349], [-122.2056, 47.3435], [-122.1549, 47.3435], [-122.1549, 47.3368], [-122.1446, 47.3367], [-122.1443, 47.3295], [-122.0912, 47.3291], [-122.0925, 47.3148], [-122.0818, 47.3148], [-122.0814, 47.3013], [-122.0384, 47.3013], [-122.0389, 47.3224], [-122.0281, 47.3233], [-122.0325, 47.3232], [-122.0389, 47.327], [-122.0378, 47.3435], [-122.0592, 47.3436], [-122.0591, 47.3664], [-122.0625, 47.3727], [-122.0698, 47.3727], [-122.0698, 47.3762], [-122.0806, 47.3762], [-122.0804, 47.387], [-122.103, 47.3871], [-122.1016, 47.3907], [-122.1014, 47.4159], [-122.1121, 47.416], [-122.1121, 47.4194], [-122.1014, 47.4194], [-122.1011, 47.4589], [-122.1166, 47.4592], [-122.1218, 47.4593], [-122.1239, 47.4623], [-122.1324, 47.4595], [-122.1511, 47.4596], [-122.1537, 47.459], [-122.1542, 47.445], [-122.1755, 47.4451], [-122.1758, 47.4303], [-122.1984, 47.4301], [-122.2704, 47.4306]]]}, "properties": {"district": "Kent School District (WA)", "county": "King"}}, {"type": "Feature", "geometry": {"type": "Polygon", "coordinates": [[[-118.4418, 48.7409], [-118.4418, 48.6536], [-118.4775, 48.6536], [-118.4776, 48.568], [-118.4769, 48.5588], [-118.4766, 48.5134], [-118.4766, 48.4816], [-118.4554, 48.4815], [-118.3761, 48.4813], [-118.3679, 48.4816], [-118.2511, 48.4812], [-118.1892, 48.4816], [-118.2065, 48.4703], [-118.2105, 48.464], [-118.2122, 48.4577], [-118.2119, 48.4497], [-118.2029, 48.4422], [-118.2035, 48.4339], [-118.2004, 48.4263], [-118.2031, 48.4154], [-118.2035, 48.4097], [-118.2005, 48.4034], [-118.1929, 48.395], [-118.1719, 48.3951], [-118.1496, 48.3946], [-118.1282, 48.3949], [-118.1283, 48.3984], [-118.1228, 48.3984], [-118.1228, 48.4019], [-118.1173, 48.4019], [-118.1173, 48.3948], [-118.0848, 48.3943], [-118.0844, 48.4237], [-118.0648, 48.4237], [-118.0641, 48.4529], [-118.0639, 48.4814], [-118.0657, 48.4885], [-118.0657, 48.5102], [-118.0226, 48.5102], [-118.0225, 48.5535], [-118.0007, 48.5536], [-118.0009, 48.5674], [-117.9764, 48.5676], [-117.9763, 48.5816], [-117.9874, 48.5818], [-117.9876, 48.5925], [-117.9988, 48.5929], [-117.9986, 48.5965], [-117.993, 48.5963], [-117.9931, 48.6036], [-117.9875, 48.6033], [-117.9875, 48.6069], [-117.9821, 48.6067], [-117.982, 48.6031], [-117.972, 48.6034], [-117.972, 48.5961], [-117.9591, 48.5979], [-117.9593, 48.6414], [-117.9548, 48.6552], [-117.998, 48.6552], [-117.9979, 48.6701], [-117.9987, 48.6777], [-117.9772, 48.6774], [-117.9776, 48.6848], [-117.9557, 48.6848], [-117.9556, 48.7142], [-117.9774, 48.716], [-117.9774, 48.7301], [-117.9788, 48.7442], [-117.9557, 48.7443], [-117.9549, 48.7554], [-117.9605, 48.7555], [-117.9603, 48.7629], [-117.955, 48.763], [-117.9554, 48.8023], [-117.9554, 48.8034], [-117.9893, 48.8019], [-117.9896, 48.817], [-117.9982, 48.8137], [-118.0057, 48.8101], [-118.0128, 48.8038], [-118.0115, 48.7979], [-118.0082, 48.7916], [-118.0098, 48.7805], [-118.0127, 48.7757], [-118.0183, 48.7729], [-118.0292, 48.7699], [-118.0427, 48.7642], [-118.0523, 48.7575], [-118.0594, 48.7471], [-118.0573, 48.7367], [-118.0493, 48.7254], [-118.035, 48.7081], [-118.0289, 48.6999], [-118.0248, 48.6912], [-118.0282, 48.6805], [-118.0385, 48.675], [-118.0573, 48.6727], [-118.0828, 48.6724], [-118.103, 48.6738], [-118.1164, 48.674], [-118.1185, 48.6793], [-118.1143, 48.6839], [-118.121, 48.7023], [-118.1182, 48.7083], [-118.1207, 48.713], [-118.1193, 48.7189], [-118.1258, 48.7247], [-118.1261, 48.7277], [-118.1179, 48.7345], [-118.1184, 48.7376], [-118.1248, 48.7367], [-118.1288, 48.7399], [-118.13, 48.7447], [-118.1227, 48.7458], [-118.1223, 48.7499], [-118.1294, 48.7551], [-118.1734, 48.7551], [-118.1734, 48.7406], [-118.2864, 48.7404], [-118.3252, 48.7407], [-118.4418, 48.7409]]]}, "properties": {"district": "Kettle Falls School District (WA)", "county": "Stevens"}}, {"type": "Feature", "geometry": {"type": "Polygon", "coordinates": [[[-119.6157, 46.4754], [-119.64, 46.4757], [-119.6395, 46.4039], [-119.6185, 46.4039], [-119.6182, 46.3893], [-119.597, 46.3891], [-119.5967, 46.3745], [-119.5752, 46.374], [-119.5752, 46.3603], [-119.5541, 46.3601], [-119.5567, 46.3456], [-119.5557, 46.3166], [-119.5767, 46.3171], [-119.5973, 46.3167], [-119.5981, 46.3021], [-119.6189, 46.3023], [-119.6193, 46.2659], [-119.6216, 46.2572], [-119.6217, 46.2426], [-119.6014, 46.243], [-119.5802, 46.2426], [-119.5369, 46.2427], [-119.5165, 46.2424], [-119.4955, 46.2433], [-119.4956, 46.2287], [-119.4971, 46.2136], [-119.4966, 46.2019], [-119.4536, 46.2016], [-119.4325, 46.2003], [-119.4331, 46.1297], [-119.4124, 46.1295], [-119.3746, 46.1309], [-119.3712, 46.1302], [-119.3684, 46.131], [-119.3482, 46.129], [-119.3479, 46.1874], [-119.3484, 46.2019], [-119.3481, 46.2133], [-119.3493, 46.2134], [-119.3476, 46.2283], [-119.3695, 46.2279], [-119.4118, 46.228], [-119.4114, 46.2424], [-119.4325, 46.2423], [-119.4336, 46.2567], [-119.4305, 46.2718], [-119.4301, 46.2864], [-119.4304, 46.3105], [-119.4291, 46.3445], [-119.4274, 46.3736], [-119.4494, 46.3732], [-119.5122, 46.3737], [-119.554, 46.3744], [-119.5535, 46.4463], [-119.5538, 46.4608], [-119.5531, 46.4753], [-119.6157, 46.4754]]]}, "properties": {"district": "Kiona-Benton City School District (WA)", "county": "Benton"}}, {"type": "Feature", "geometry": {"type": "Polygon", "coordinates": [[[-120.2594, 47.2618], [-120.2587, 47.2477], [-120.2583, 47.2194], [-120.259, 47.2049], [-120.2593, 47.1756], [-120.2592, 47.0943], [-120.2602, 47.0592], [-120.2603, 47.0452], [-120.3643, 47.0458], [-120.3643, 47.031], [-120.3697, 47.031], [-120.3694, 47.0458], [-120.391, 47.0456], [-120.4136, 47.0448], [-120.4295, 47.0449], [-120.4292, 47.0375], [-120.424, 47.0375], [-120.4235, 47.0266], [-120.4343, 47.0266], [-120.4341, 47.0228], [-120.4393, 47.0227], [-120.4393, 47.019], [-120.4444, 47.0188], [-120.4442, 47.0152], [-120.4233, 47.0154], [-120.423, 47.0078], [-120.4333, 47.0078], [-120.4329, 47.0003], [-120.4434, 47.0002], [-120.444, 46.9932], [-120.4541, 46.993], [-120.456, 46.9782], [-120.4672, 46.9781], [-120.4671, 46.9705], [-120.4555, 46.9707], [-120.4559, 46.9561], [-120.4663, 46.9559], [-120.466, 46.9412], [-120.4554, 46.9412], [-120.4551, 46.9118], [-120.4498, 46.9117], [-120.4502, 46.9265], [-120.4342, 46.9265], [-120.4341, 46.9191], [-120.4227, 46.9192], [-120.423, 46.9266], [-120.4015, 46.9268], [-120.4012, 46.9119], [-120.3842, 46.9119], [-120.3831, 46.8257], [-120.3823, 46.8104], [-120.3819, 46.7801], [-120.3822, 46.7375], [-120.2548, 46.7366], [-120.213, 46.7363], [-120.1709, 46.7364], [-120.1285, 46.7362], [-120.0849, 46.7368], [-120.0015, 46.7375], [-119.973, 46.7371], [-119.9707, 46.7473], [-119.97, 46.755], [-119.9597, 46.7632], [-119.9511, 46.7678], [-119.9431, 46.7747], [-119.9286, 46.7963], [-119.9274, 46.7984], [-119.9256, 46.8114], [-119.9275, 46.8171], [-119.9336, 46.8247], [-119.944, 46.8355], [-119.9523, 46.8427], [-119.9639, 46.8556], [-119.9649, 46.8588], [-119.9658, 46.8893], [-119.9632, 46.9188], [-119.9653, 46.9274], [-119.9641, 46.935], [-119.9661, 46.9438], [-119.9696, 46.9475], [-119.9784, 46.9611], [-119.9861, 46.971], [-120.0011, 46.9936], [-120.0025, 47.0012], [-120.0019, 47.0102], [-120.0058, 47.0163], [-120.0073, 47.0337], [-120.0112, 47.0394], [-120.033, 47.0543], [-120.039, 47.0609], [-120.0419, 47.0671], [-120.0429, 47.0735], [-120.0405, 47.0813], [-120.0345, 47.0936], [-120.0261, 47.1069], [-120.0189, 47.1104], [-120.012, 47.1119], [-120.0081, 47.1189], [-120.0021, 47.1262], [-120, 47.1367], [-120.0012, 47.1459], [-120.0078, 47.1554], [-120.0106, 47.1613], [-120.0105, 47.1723], [-120.0042, 47.1827], [-120.0038, 47.1869], [-120.0059, 47.1973], [-120.0056, 47.2027], [-120.0026, 47.2123], [-120.0071, 47.2201], [-120.0119, 47.2241], [-120.0191, 47.2266], [-120.0316, 47.2266], [-120.0472, 47.2255], [-120.0614, 47.2239], [-120.0729, 47.2248], [-120.0776, 47.227], [-120.0885, 47.2372], [-120.0926, 47.2433], [-120.0963, 47.2546], [-120.0945, 47.2622], [-120.1316, 47.2619], [-120.1529, 47.2622], [-120.2182, 47.2623], [-120.2594, 47.2618]]]}, "properties": {"district": "Kittitas School District (WA)", "county": "Kittitas"}}, {"type": "Feature", "geometry": {"type": "Polygon", "coordinates": [[[-121.1964, 45.8984], [-121.1971, 45.8691], [-121.1962, 45.8691], [-121.1964, 45.8404], [-121.1864, 45.8404], [-121.1864, 45.8261], [-121.1753, 45.8257], [-121.1753, 45.8109], [-121.1963, 45.8113], [-121.196, 45.7964], [-121.2176, 45.7966], [-121.2175, 45.7605], [-121.1965, 45.7603], [-121.1968, 45.7822], [-121.1759, 45.782], [-121.1759, 45.7967], [-121.1655, 45.7965], [-121.1649, 45.8111], [-121.1138, 45.8108], [-121.0719, 45.8106], [-121.0719, 45.825], [-121.0517, 45.8252], [-121.0516, 45.8403], [-121.0508, 45.8687], [-121.0718, 45.8687], [-121.0718, 45.8829], [-121.0926, 45.883], [-121.0923, 45.914], [-121.0964, 45.9072], [-121.0996, 45.9057], [-121.0999, 45.9017], [-121.1091, 45.898], [-121.1762, 45.8984], [-121.1964, 45.8984]]]}, "properties": {"district": "Klickitat School District (WA)", "county": "Klickitat"}}, {"type": "Feature", "geometry": {"type": "Polygon", "coordinates": [[[-122.6391, 45.9271], [-122.6392, 45.9131], [-122.6754, 45.9134], [-122.6755, 45.9171], [-122.6806, 45.9171], [-122.6806, 45.9098], [-122.7012, 45.91], [-122.7013, 45.8955], [-122.7218, 45.8952], [-122.7219, 45.8728], [-122.7207, 45.8671], [-122.7138, 45.8672], [-122.7111, 45.8733], [-122.7033, 45.8689], [-122.6952, 45.867], [-122.6824, 45.8626], [-122.6823, 45.859], [-122.6927, 45.859], [-122.6926, 45.8554], [-122.7029, 45.8554], [-122.6978, 45.8425], [-122.6926, 45.8446], [-122.6823, 45.8446], [-122.6824, 45.8338], [-122.672, 45.8339], [-122.672, 45.8488], [-122.6692, 45.8467], [-122.6648, 45.8376], [-122.6436, 45.8375], [-122.6439, 45.8332], [-122.6378, 45.8294], [-122.6301, 45.8265], [-122.6271, 45.8239], [-122.6283, 45.8201], [-122.6217, 45.8162], [-122.6155, 45.8176], [-122.6083, 45.8131], [-122.6001, 45.8117], [-122.5998, 45.8234], [-122.6051, 45.8233], [-122.6052, 45.8304], [-122.5999, 45.8306], [-122.6001, 45.8485], [-122.579, 45.8489], [-122.5791, 45.8597], [-122.5581, 45.86], [-122.5563, 45.8664], [-122.5562, 45.8738], [-122.5665, 45.8737], [-122.5663, 45.9102], [-122.5767, 45.91], [-122.5771, 45.9248], [-122.603, 45.9241], [-122.603, 45.9267], [-122.6109, 45.9263], [-122.6186, 45.9285], [-122.6188, 45.9356], [-122.6328, 45.9339], [-122.6391, 45.9271]]]}, "properties": {"district": "La Center School District (WA)", "county": "Clark"}}, {"type": "Feature", "geometry": {"type": "Polygon", "coordinates": [[[-122.591, 48.4176], [-122.585, 48.4149], [-122.5839, 48.4104], [-122.5773, 48.406], [-122.5771, 48.4025], [-122.5807, 48.3962], [-122.5771, 48.3912], [-122.5748, 48.3813], [-122.5699, 48.3738], [-122.5609, 48.368], [-122.5539, 48.3543], [-122.5374, 48.3391], [-122.5013, 48.3517], [-122.4981, 48.3535], [-122.4713, 48.3633], [-122.469, 48.36], [-122.4637, 48.359], [-122.4476, 48.3613], [-122.4407, 48.3586], [-122.4278, 48.3579], [-122.4215, 48.363], [-122.4168, 48.3647], [-122.4222, 48.37], [-122.4222, 48.3846], [-122.411, 48.3847], [-122.4114, 48.392], [-122.401, 48.3921], [-122.4009, 48.4066], [-122.4331, 48.4064], [-122.4331, 48.4208], [-122.4438, 48.4207], [-122.4441, 48.4575], [-122.4742, 48.4578], [-122.4763, 48.4663], [-122.4836, 48.4714], [-122.4957, 48.4697], [-122.5148, 48.4688], [-122.528, 48.4688], [-122.5278, 48.4549], [-122.5478, 48.4549], [-122.5494, 48.4505], [-122.5579, 48.4401], [-122.5725, 48.4273], [-122.591, 48.4176]]]}, "properties": {"district": "La Conner School District (WA)", "county": "Skagit"}}, {"type": "Feature", "geometry": {"type": "Polygon", "coordinates": [[[-118.1027, 46.8248], [-118.1349, 46.8255], [-118.1364, 46.7962], [-118.1378, 46.7816], [-118.1491, 46.7821], [-118.1793, 46.7825], [-118.1796, 46.7679], [-118.1691, 46.7677], [-118.1697, 46.7466], [-118.1791, 46.7469], [-118.1987, 46.739], [-118.2055, 46.7397], [-118.2203, 46.7368], [-118.2272, 46.7366], [-118.2335, 46.7339], [-118.2403, 46.738], [-118.2492, 46.7326], [-118.246, 46.7288], [-118.2411, 46.7188], [-118.2337, 46.7067], [-118.2229, 46.6896], [-118.2175, 46.6793], [-118.2237, 46.6738], [-118.2249, 46.6664], [-118.2308, 46.657], [-118.2275, 46.6532], [-118.2255, 46.6466], [-118.2194, 46.6406], [-118.2146, 46.6387], [-118.2165, 46.6333], [-118.1998, 46.6242], [-118.1983, 46.6117], [-118.2086, 46.6093], [-118.2077, 46.6059], [-118.2111, 46.6008], [-118.2109, 46.5966], [-118.2157, 46.5889], [-118.2111, 46.5876], [-118.193, 46.5718], [-118.1834, 46.5661], [-118.1788, 46.5605], [-118.1726, 46.5569], [-118.1653, 46.5551], [-118.1583, 46.5549], [-118.1431, 46.5578], [-118.1185, 46.5568], [-118.1104, 46.5584], [-118.1044, 46.5616], [-118.1001, 46.5702], [-118.0929, 46.5745], [-118.0833, 46.5751], [-118.0691, 46.5747], [-118.056, 46.5771], [-118.0483, 46.5793], [-118.0352, 46.5852], [-118.0121, 46.5879], [-118, 46.5884], [-117.989, 46.5868], [-117.9801, 46.5878], [-117.9581, 46.5918], [-117.9529, 46.5921], [-117.9319, 46.5881], [-117.9091, 46.5848], [-117.8919, 46.5854], [-117.885, 46.5878], [-117.8819, 46.5922], [-117.8782, 46.6089], [-117.874, 46.6156], [-117.8695, 46.6195], [-117.8616, 46.6231], [-117.8519, 46.6247], [-117.8291, 46.6221], [-117.8199, 46.6222], [-117.8007, 46.6256], [-117.79, 46.631], [-117.7801, 46.6384], [-117.7725, 46.6454], [-117.7669, 46.6526], [-117.7637, 46.6588], [-117.7603, 46.6755], [-117.7562, 46.6844], [-117.7754, 46.6844], [-117.7751, 46.6918], [-117.7857, 46.6918], [-117.7849, 46.7065], [-117.7743, 46.7066], [-117.7741, 46.7139], [-117.7688, 46.7139], [-117.7686, 46.7176], [-117.7633, 46.7176], [-117.7632, 46.7213], [-117.7209, 46.7214], [-117.6993, 46.7211], [-117.6983, 46.7369], [-117.677, 46.7369], [-117.6772, 46.7514], [-117.6765, 46.7665], [-117.6558, 46.7666], [-117.6561, 46.7443], [-117.6345, 46.7445], [-117.6348, 46.7518], [-117.6326, 46.7922], [-117.6098, 46.7925], [-117.6092, 46.8108], [-117.6317, 46.8107], [-117.6298, 46.8258], [-117.6293, 46.8404], [-117.6725, 46.8402], [-117.6736, 46.8254], [-117.7371, 46.8255], [-117.7365, 46.8402], [-117.7578, 46.8402], [-117.7552, 46.8918], [-117.7659, 46.8919], [-117.7664, 46.8845], [-117.8205, 46.8847], [-117.8493, 46.8843], [-117.8461, 46.8898], [-117.8432, 46.8993], [-117.8526, 46.8992], [-117.8527, 46.8844], [-117.8634, 46.8843], [-117.8633, 46.899], [-117.8833, 46.8992], [-117.8825, 46.9122], [-117.8939, 46.9124], [-117.9, 46.9089], [-117.9078, 46.907], [-117.9122, 46.9074], [-117.9178, 46.9119], [-117.9281, 46.9118], [-117.9296, 46.9066], [-117.9276, 46.8997], [-117.9309, 46.8976], [-117.9294, 46.8925], [-117.9322, 46.8876], [-117.9383, 46.8854], [-117.9474, 46.8781], [-117.9492, 46.8686], [-117.9587, 46.8677], [-117.9661, 46.8687], [-117.9709, 46.8672], [-117.9766, 46.8633], [-117.9871, 46.862], [-117.9884, 46.8581], [-117.9993, 46.8499], [-118.0041, 46.8484], [-118.0051, 46.8436], [-118.0029, 46.8386], [-117.9922, 46.8381], [-117.9924, 46.8319], [-117.9969, 46.8297], [-117.9991, 46.8252], [-117.9975, 46.8225], [-118.0067, 46.8186], [-118.0129, 46.8146], [-118.0182, 46.8154], [-118.0199, 46.8122], [-118.0164, 46.8041], [-118.0179, 46.7991], [-118.0124, 46.7908], [-118.0156, 46.7849], [-118.0198, 46.783], [-118.0258, 46.7878], [-118.0359, 46.785], [-118.0411, 46.7793], [-118.0403, 46.794], [-118.0828, 46.7949], [-118.0816, 46.8094], [-118.1034, 46.81], [-118.1027, 46.8248]]]}, "properties": {"district": "Lacrosse School District (WA)", "county": "Whitman"}}, {"type": "Feature", "geometry": {"type": "Polygon", "coordinates": [[[-120.9637, 48.2107], [-120.9523, 48.2091], [-120.947, 48.201], [-120.9327, 48.1971], [-120.9255, 48.1918], [-120.9193, 48.1904], [-120.9206, 48.1873], [-120.9174, 48.1798], [-120.9105, 48.1736], [-120.9074, 48.1632], [-120.8972, 48.1661], [-120.8912, 48.1653], [-120.8817, 48.1696], [-120.8811, 48.1764], [-120.874, 48.1795], [-120.8642, 48.1805], [-120.859, 48.1778], [-120.8583, 48.171], [-120.8522, 48.1663], [-120.8462, 48.1572], [-120.8391, 48.154], [-120.8279, 48.1521], [-120.8169, 48.1484], [-120.8142, 48.1553], [-120.8104, 48.1603], [-120.8044, 48.1621], [-120.794, 48.1575], [-120.7874, 48.1566], [-120.7717, 48.1587], [-120.7676, 48.1631], [-120.7573, 48.1612], [-120.75, 48.1613], [-120.741, 48.1631], [-120.7345, 48.1672], [-120.7223, 48.1668], [-120.715, 48.1642], [-120.7121, 48.161], [-120.7025, 48.1587], [-120.6959, 48.1519], [-120.6934, 48.1434], [-120.6894, 48.1403], [-120.6765, 48.1409], [-120.6705, 48.1361], [-120.6709, 48.1302], [-120.664, 48.127], [-120.656, 48.1313], [-120.6493, 48.1269], [-120.6469, 48.122], [-120.6353, 48.1164], [-120.6298, 48.1154], [-120.6247, 48.1095], [-120.6142, 48.1055], [-120.6106, 48.0992], [-120.6037, 48.0979], [-120.5935, 48.0926], [-120.5905, 48.0896], [-120.5826, 48.091], [-120.5761, 48.0903], [-120.5721, 48.0815], [-120.5686, 48.0797], [-120.5475, 48.0728], [-120.5501, 48.0686], [-120.531, 48.0613], [-120.5305, 48.055], [-120.5233, 48.0546], [-120.5192, 48.0505], [-120.5188, 48.0434], [-120.5222, 48.0389], [-120.5223, 48.0333], [-120.5269, 48.0254], [-120.5226, 48.0194], [-120.513, 48.0194], [-120.5069, 48.0176], [-120.4983, 48.0193], [-120.492, 48.0151], [-120.4915, 48.0108], [-120.4875, 48.0082], [-120.4806, 47.9969], [-120.4671, 47.9953], [-120.4594, 47.9916], [-120.4539, 47.9908], [-120.4507, 47.9875], [-120.4415, 47.9826], [-120.4311, 47.9803], [-120.4205, 47.9764], [-120.4125, 47.9749], [-120.415, 47.9677], [-120.4103, 47.9648], [-120.4125, 47.9619], [-120.4105, 47.9578], [-120.4138, 47.9517], [-120.4131, 47.9491], [-120.4181, 47.9466], [-120.4189, 47.9398], [-120.4076, 47.9355], [-120.4013, 47.9355], [-120.3842, 47.9275], [-120.3819, 47.9213], [-120.3826, 47.9182], [-120.3736, 47.9145], [-120.3704, 47.9092], [-120.364, 47.9067], [-120.3618, 47.9027], [-120.35, 47.8974], [-120.3361, 47.8885], [-120.3316, 47.8814], [-120.3394, 47.879], [-120.3387, 47.864], [-120.3186, 47.864], [-120.3182, 47.8492], [-120.2977, 47.8492], [-120.2977, 47.8348], [-120.2905, 47.8344], [-120.2582, 47.8344], [-120.2576, 47.835], [-120.2224, 47.8356], [-120.2156, 47.8362], [-120.2156, 47.7929], [-120.2161, 47.7772], [-120.1946, 47.7766], [-120.1965, 47.7686], [-120.1848, 47.7686], [-120.185, 47.7615], [-120.1617, 47.7679], [-120.1431, 47.7742], [-120.1309, 47.7766], [-120.1159, 47.7744], [-120.1071, 47.771], [-120.0936, 47.7635], [-120.0936, 47.7578], [-120.0935, 47.7507], [-120.0704, 47.7505], [-120.0182, 47.7505], [-120.0182, 47.7579], [-120.004, 47.7578], [-119.9961, 47.7591], [-119.9859, 47.7578], [-119.9857, 47.7721], [-119.9539, 47.7722], [-119.9557, 47.7792], [-119.9509, 47.7814], [-119.9526, 47.7864], [-119.9433, 47.7865], [-119.9441, 47.79], [-119.9429, 47.8045], [-119.9432, 47.8156], [-119.9347, 47.8162], [-119.9098, 47.8156], [-119.8778, 47.8158], [-119.8779, 47.8231], [-119.878, 47.8588], [-119.9251, 47.8592], [-119.9193, 47.8623], [-119.915, 47.8677], [-119.9084, 47.8794], [-119.9091, 47.8838], [-119.9147, 47.8942], [-119.9151, 47.9014], [-119.9046, 47.9105], [-119.9045, 47.9205], [-119.8937, 47.9205], [-119.8939, 47.9276], [-119.8883, 47.9276], [-119.8883, 47.9312], [-119.9015, 47.9312], [-119.9097, 47.9379], [-119.9097, 47.9604], [-119.9269, 47.9605], [-119.9269, 47.9748], [-119.9483, 47.9749], [-119.9484, 47.9892], [-119.9699, 47.9892], [-119.9699, 47.9963], [-119.9912, 47.9964], [-119.9911, 47.9892], [-120.0119, 47.9891], [-120.0117, 47.9605], [-120.0486, 47.9606], [-120.0934, 47.9605], [-120.0937, 47.9168], [-120.0933, 47.9017], [-120.0922, 47.8973], [-120.0775, 47.8792], [-120.0905, 47.8745], [-120.0922, 47.8729], [-120.0935, 47.8643], [-120.0936, 47.8531], [-120.122, 47.862], [-120.1376, 47.8651], [-120.1622, 47.8675], [-120.1743, 47.8724], [-120.1819, 47.8807], [-120.1987, 47.888], [-120.203, 47.8965], [-120.2029, 47.9013], [-120.2075, 47.9068], [-120.2048, 47.9104], [-120.2054, 47.9184], [-120.2034, 47.9247], [-120.2047, 47.9326], [-120.1973, 47.9457], [-120.1976, 47.9613], [-120.2045, 47.9746], [-120.2146, 47.9849], [-120.2264, 47.9927], [-120.2341, 47.9957], [-120.2392, 47.9961], [-120.2489, 47.9999], [-120.2581, 48.0018], [-120.2722, 48.0068], [-120.2952, 48.0136], [-120.3095, 48.0172], [-120.3244, 48.022], [-120.341, 48.0293], [-120.3525, 48.0326], [-120.3715, 48.0364], [-120.3838, 48.0402], [-120.4055, 48.0435], [-120.418, 48.0462], [-120.4295, 48.0499], [-120.4572, 48.0623], [-120.4678, 48.0708], [-120.4755, 48.0806], [-120.4959, 48.1006], [-120.5015, 48.1072], [-120.5017, 48.1133], [-120.5057, 48.1253], [-120.5037, 48.1383], [-120.505, 48.1434], [-120.5131, 48.1517], [-120.522, 48.1563], [-120.5316, 48.1656], [-120.5399, 48.1804], [-120.55, 48.1906], [-120.5543, 48.1933], [-120.559, 48.195], [-120.5734, 48.1976], [-120.582, 48.2001], [-120.5904, 48.2044], [-120.6042, 48.2127], [-120.609, 48.217], [-120.612, 48.222], [-120.6738, 48.222], [-120.6766, 48.2161], [-120.6849, 48.2112], [-120.7033, 48.21], [-120.7163, 48.2122], [-120.7238, 48.2151], [-120.7311, 48.222], [-120.7383, 48.226], [-120.738, 48.2281], [-120.7589, 48.2335], [-120.7654, 48.2319], [-120.7786, 48.2385], [-120.7822, 48.2443], [-120.787, 48.2444], [-120.7992, 48.2411], [-120.8137, 48.244], [-120.817, 48.2403], [-120.8252, 48.2421], [-120.8728, 48.2439], [-120.8829, 48.2313], [-120.8929, 48.2235], [-120.9007, 48.2199], [-120.9154, 48.2173], [-120.9378, 48.2121], [-120.9637, 48.2107]]]}, "properties": {"district": "Lake Chelan School District (WA)", "county": "Chelan"}}, {"type": "Feature", "geometry": {"type": "Polygon", "coordinates": [[[-124.1793, 47.5336], [-124.161, 47.5295], [-124.1404, 47.5241], [-124.14, 47.4488], [-124.1397, 47.4326], [-124.1177, 47.4322], [-124.0928, 47.4325], [-123.9938, 47.4325], [-123.9884, 47.4328], [-123.946, 47.4325], [-123.895, 47.4324], [-123.9059, 47.4227], [-123.9293, 47.4037], [-123.9411, 47.3921], [-123.9716, 47.3652], [-124.0013, 47.3438], [-124.0127, 47.3352], [-124.0193, 47.3289], [-124.0541, 47.2985], [-124.0546, 47.2594], [-124.0459, 47.2593], [-124.0462, 47.2118], [-124.0458, 47.1863], [-124.0448, 47.1726], [-124.0061, 47.1724], [-124.0089, 47.1741], [-124.0119, 47.1809], [-124.0042, 47.1843], [-123.9996, 47.1904], [-124.0005, 47.1928], [-124.007, 47.1964], [-124.0042, 47.2001], [-124.0047, 47.2046], [-123.9992, 47.2155], [-123.9817, 47.2156], [-123.9614, 47.2148], [-123.9403, 47.2149], [-123.9189, 47.2138], [-123.8782, 47.2138], [-123.8397, 47.2127], [-123.8398, 47.2413], [-123.8387, 47.2571], [-123.8433, 47.2571], [-123.8418, 47.2721], [-123.8409, 47.3158], [-123.8389, 47.3303], [-123.8402, 47.337], [-123.8398, 47.3445], [-123.7755, 47.3445], [-123.7394, 47.345], [-123.7392, 47.3162], [-123.7396, 47.3017], [-123.7179, 47.3017], [-123.6958, 47.2993], [-123.6952, 47.2844], [-123.6966, 47.2717], [-123.696, 47.2564], [-123.6944, 47.2564], [-123.6522, 47.2583], [-123.6521, 47.2396], [-123.6099, 47.2393], [-123.5546, 47.2408], [-123.5553, 47.2582], [-123.5688, 47.2582], [-123.5684, 47.316], [-123.5694, 47.3303], [-123.5269, 47.329], [-123.5053, 47.3294], [-123.5051, 47.3441], [-123.506, 47.3591], [-123.5061, 47.4318], [-123.5059, 47.4463], [-123.5059, 47.5177], [-123.6326, 47.5177], [-123.7967, 47.5177], [-123.9242, 47.5179], [-124.0302, 47.5182], [-124.0467, 47.5185], [-124.0465, 47.5337], [-124.1324, 47.5335], [-124.1543, 47.5338], [-124.1793, 47.5336]]]}, "properties": {"district": "Lake Quinault School District (WA)", "county": "Grays Harbor"}}, {"type": "Feature", "geometry": {"type": "Polygon", "coordinates": [[[-122.1389, 47.9927], [-122.1402, 47.9875], [-122.1448, 47.9855], [-122.1439, 47.9776], [-122.1398, 47.9761], [-122.1362, 47.971], [-122.109, 47.971], [-122.1091, 47.9637], [-122.0986, 47.9637], [-122.0986, 47.9564], [-122.0772, 47.9563], [-122.0766, 47.9842], [-122.0711, 47.9853], [-122.071, 47.9928], [-122.0657, 47.9927], [-122.0655, 48.0006], [-122.0438, 48.0004], [-122.0437, 48.0042], [-122.038, 48.0042], [-122.0376, 48.0154], [-122.027, 48.0134], [-122.027, 48.019], [-122.0213, 48.019], [-122.0213, 48.0224], [-122.0102, 48.022], [-122.0105, 48.0362], [-122.0116, 48.043], [-122.0124, 48.0574], [-122.0324, 48.0578], [-122.032, 48.065], [-122.0757, 48.0649], [-122.0756, 48.0576], [-122.1089, 48.0572], [-122.1088, 48.0534], [-122.1195, 48.0536], [-122.1194, 48.05], [-122.13, 48.0502], [-122.1303, 48.0357], [-122.1295, 48.0071], [-122.1393, 48.0051], [-122.1368, 47.9971], [-122.1389, 47.9927]]]}, "properties": {"district": "Lake Stevens School District (WA)", "county": "Snohomish"}}, {"type": "Feature", "geometry": {"type": "Polygon", "coordinates": [[[-122.2744, 47.7335], [-122.2719, 47.7204], [-122.2691, 47.7141], [-122.2607, 47.7023], [-122.251, 47.6936], [-122.2434, 47.6895], [-122.2316, 47.6891], [-122.2304, 47.6842], [-122.2297, 47.6687], [-122.2308, 47.665], [-122.2358, 47.6606], [-122.242, 47.6578], [-122.2121, 47.6575], [-122.2073, 47.6494], [-122.207, 47.6434], [-122.1963, 47.6429], [-122.1891, 47.6346], [-122.1868, 47.6364], [-122.1872, 47.6464], [-122.1645, 47.6462], [-122.1643, 47.6534], [-122.1434, 47.6535], [-122.143, 47.646], [-122.1109, 47.6461], [-122.1109, 47.6312], [-122.0869, 47.6311], [-122.0875, 47.6253], [-122.0936, 47.6195], [-122.1076, 47.6117], [-122.1117, 47.6053], [-122.1106, 47.6024], [-121.9923, 47.6014], [-121.9921, 47.619], [-122.003, 47.6199], [-122.003, 47.6306], [-122.0139, 47.6314], [-122.0138, 47.6459], [-121.9921, 47.6443], [-121.9922, 47.6809], [-122.0029, 47.6807], [-122.0029, 47.6868], [-122.0136, 47.6869], [-122.0141, 47.7164], [-122.0346, 47.7166], [-122.0332, 47.7324], [-122.0548, 47.733], [-122.0883, 47.7329], [-122.0905, 47.7291], [-122.0997, 47.7289], [-122.0968, 47.7254], [-122.0996, 47.7217], [-122.0996, 47.7145], [-122.1086, 47.7146], [-122.1159, 47.7127], [-122.1157, 47.7181], [-122.1316, 47.7183], [-122.1319, 47.7112], [-122.1428, 47.7113], [-122.1426, 47.7187], [-122.1534, 47.7186], [-122.153, 47.7329], [-122.164, 47.7331], [-122.2143, 47.733], [-122.2465, 47.7335], [-122.2698, 47.7335], [-122.2744, 47.7335]]]}, "properties": {"district": "Lake Washington School District (WA)", "county": "King"}}, {"type": "Feature", "geometry": {"type": "Polygon", "coordinates": [[[-122.2912, 48.181], [-122.2916, 48.1665], [-122.3027, 48.1667], [-122.3034, 48.1522], [-122.3142, 48.1523], [-122.3143, 48.1233], [-122.1843, 48.1229], [-122.1832, 48.136], [-122.1727, 48.1358], [-122.1723, 48.1523], [-122.1722, 48.1596], [-122.18, 48.1597], [-122.18, 48.167], [-122.1883, 48.1678], [-122.1919, 48.1707], [-122.1932, 48.1766], [-122.197, 48.1815], [-122.2269, 48.181], [-122.2268, 48.1883], [-122.2374, 48.1882], [-122.2375, 48.181], [-122.2482, 48.181], [-122.2485, 48.1665], [-122.2701, 48.1665], [-122.2696, 48.181], [-122.2912, 48.181]]]}, "properties": {"district": "Lakewood School District (WA)", "county": "Snohomish"}}, {"type": "Feature", "geometry": {"type": "Polygon", "coordinates": [[[-117.9609, 47.2606], [-117.9603, 47.2358], [-117.9604, 47.2211], [-118.0246, 47.2203], [-118.024, 47.1627], [-118.0243, 47.0898], [-117.9811, 47.09], [-117.9809, 47.0611], [-118.0027, 47.0608], [-118.0028, 47.0462], [-118.0242, 47.0462], [-118.0243, 47.0171], [-117.96, 47.0171], [-117.9596, 47.061], [-117.9382, 47.0612], [-117.8954, 47.0608], [-117.8741, 47.0613], [-117.8423, 47.0611], [-117.8416, 47.0756], [-117.8531, 47.0754], [-117.8531, 47.09], [-117.8532, 47.1191], [-117.8121, 47.1193], [-117.8125, 47.1339], [-117.8019, 47.134], [-117.802, 47.156], [-117.7912, 47.156], [-117.7919, 47.1929], [-117.7705, 47.1933], [-117.7707, 47.2076], [-117.7279, 47.2083], [-117.7281, 47.2228], [-117.7494, 47.2227], [-117.7492, 47.2602], [-117.7707, 47.26], [-117.8236, 47.2602], [-117.9609, 47.2606]]]}, "properties": {"district": "Lamont School District (WA)", "county": "Whitman"}}, {"type": "Feature", "geometry": {"type": "Polygon", "coordinates": [[[-117.4232, 47.5657], [-117.4435, 47.5655], [-117.4433, 47.58], [-117.455, 47.5801], [-117.4545, 47.5511], [-117.4327, 47.551], [-117.4328, 47.5474], [-117.4383, 47.5474], [-117.4384, 47.5438], [-117.433, 47.5438], [-117.4335, 47.522], [-117.4441, 47.522], [-117.4445, 47.5079], [-117.4551, 47.5082], [-117.4551, 47.4935], [-117.4499, 47.4934], [-117.4503, 47.4788], [-117.4557, 47.479], [-117.4562, 47.3833], [-117.451, 47.3833], [-117.451, 47.3761], [-117.4564, 47.376], [-117.4563, 47.3613], [-117.4778, 47.3614], [-117.4779, 47.3106], [-117.4885, 47.3106], [-117.4886, 47.296], [-117.4779, 47.2959], [-117.4509, 47.296], [-117.451, 47.2887], [-117.4347, 47.2888], [-117.4348, 47.2705], [-117.4237, 47.2705], [-117.4236, 47.2808], [-117.4175, 47.2805], [-117.4124, 47.2773], [-117.4119, 47.2999], [-117.4014, 47.2999], [-117.4018, 47.2779], [-117.3803, 47.2779], [-117.3805, 47.2669], [-117.3704, 47.2669], [-117.368, 47.2632], [-117.3591, 47.2633], [-117.359, 47.2669], [-117.339, 47.267], [-117.3407, 47.2744], [-117.3265, 47.2745], [-117.3226, 47.2769], [-117.3154, 47.2769], [-117.3154, 47.2744], [-117.3265, 47.2742], [-117.3268, 47.2598], [-117.261, 47.2598], [-117.215, 47.2596], [-117.1931, 47.2597], [-117.1524, 47.2594], [-117.0886, 47.2595], [-117.0883, 47.2741], [-117.078, 47.2741], [-117.0776, 47.3034], [-117.0563, 47.3032], [-117.0562, 47.3069], [-117.0456, 47.3069], [-117.0456, 47.3106], [-117.0399, 47.3105], [-117.0398, 47.3472], [-117.0398, 47.4052], [-117.0564, 47.4053], [-117.0564, 47.4089], [-117.067, 47.4089], [-117.067, 47.4053], [-117.0777, 47.4053], [-117.0777, 47.3981], [-117.11, 47.3981], [-117.11, 47.4054], [-117.1367, 47.4053], [-117.1368, 47.4126], [-117.1637, 47.4127], [-117.1638, 47.4274], [-117.1957, 47.4273], [-117.1957, 47.4529], [-117.2279, 47.4528], [-117.228, 47.4491], [-117.239, 47.4492], [-117.2389, 47.4637], [-117.2496, 47.4636], [-117.2494, 47.4745], [-117.2386, 47.4746], [-117.2385, 47.4818], [-117.2493, 47.4817], [-117.2492, 47.4889], [-117.26, 47.4888], [-117.2599, 47.4924], [-117.2758, 47.4922], [-117.2759, 47.4959], [-117.2812, 47.4958], [-117.2813, 47.4995], [-117.3039, 47.4997], [-117.3039, 47.4924], [-117.3202, 47.4924], [-117.3202, 47.4888], [-117.3308, 47.4889], [-117.3308, 47.4853], [-117.3254, 47.4853], [-117.3254, 47.4782], [-117.3684, 47.4779], [-117.3686, 47.5072], [-117.3684, 47.5364], [-117.3844, 47.5364], [-117.385, 47.5509], [-117.3904, 47.5509], [-117.3905, 47.5583], [-117.3798, 47.5583], [-117.3798, 47.573], [-117.3797, 47.5803], [-117.3904, 47.5803], [-117.3902, 47.5876], [-117.4225, 47.5874], [-117.4232, 47.5657]]]}, "properties": {"district": "Liberty School District (WA)", "county": "Spokane"}}, {"type": "Feature", "geometry": {"type": "Polygon", "coordinates": [[[-118.9813, 47.0719], [-118.9815, 47.0486], [-118.9739, 47.0497], [-118.9692, 47.0478], [-118.9626, 47.0508], [-118.9589, 47.049], [-118.9529, 47.0497], [-118.9486, 47.0479], [-118.951, 47.044], [-118.958, 47.0433], [-118.9656, 47.0393], [-118.9652, 47.0326], [-118.9686, 47.0293], [-118.9791, 47.0243], [-118.9809, 47.0215], [-118.981, 47.0086], [-118.9738, 47.0085], [-118.966, 46.993], [-118.9607, 46.9922], [-118.9586, 46.9869], [-118.9497, 46.9834], [-118.9437, 46.9743], [-118.9516, 46.9701], [-118.9541, 46.9565], [-118.9402, 46.9554], [-118.9399, 46.9261], [-118.9188, 46.9258], [-118.9189, 46.9113], [-118.8768, 46.9115], [-118.8781, 46.8083], [-118.8779, 46.7648], [-118.8566, 46.7645], [-118.7724, 46.7643], [-118.751, 46.7647], [-118.7512, 46.779], [-118.7301, 46.779], [-118.7301, 46.7646], [-118.7134, 46.7652], [-118.6935, 46.7653], [-118.6936, 46.758], [-118.6304, 46.758], [-118.6303, 46.7506], [-118.662, 46.7503], [-118.6938, 46.7504], [-118.6939, 46.7359], [-118.6516, 46.7359], [-118.5694, 46.7365], [-118.5055, 46.7366], [-118.5053, 46.7662], [-118.5046, 46.7955], [-118.4835, 46.7955], [-118.4829, 46.8249], [-118.4831, 46.8394], [-118.4419, 46.8392], [-118.4419, 46.8686], [-118.3995, 46.8684], [-118.399, 46.8977], [-118.3988, 46.9131], [-118.3968, 46.9131], [-118.3968, 46.9423], [-118.4073, 46.9423], [-118.4074, 46.9496], [-118.3968, 46.9496], [-118.3968, 46.9569], [-118.4075, 46.957], [-118.4076, 46.9715], [-118.3863, 46.9717], [-118.3863, 46.9791], [-118.3969, 46.979], [-118.3969, 46.9862], [-118.4183, 46.9861], [-118.4183, 47.001], [-118.4291, 47.0011], [-118.4292, 47.0303], [-118.4506, 47.0303], [-118.4511, 47.0742], [-118.4725, 47.074], [-118.4725, 47.0448], [-118.4926, 47.044], [-118.5137, 47.044], [-118.5137, 47.0368], [-118.5348, 47.0364], [-118.5345, 47.0435], [-118.5451, 47.044], [-118.5442, 47.0512], [-118.5454, 47.0592], [-118.5555, 47.0602], [-118.5555, 47.0826], [-118.5762, 47.0811], [-118.5799, 47.0879], [-118.5798, 47.1028], [-118.6337, 47.1021], [-118.6337, 47.0876], [-118.6309, 47.0798], [-118.6311, 47.0726], [-118.6629, 47.0726], [-118.6632, 47.0437], [-118.6846, 47.0433], [-118.7051, 47.0436], [-118.7265, 47.0432], [-118.7476, 47.0433], [-118.7478, 47.0726], [-118.7475, 47.0868], [-118.8424, 47.0866], [-118.853, 47.0863], [-118.8962, 47.0864], [-118.8961, 47.0717], [-118.939, 47.0718], [-118.9499, 47.0715], [-118.9813, 47.0719]]]}, "properties": {"district": "Lind School District (WA)", "county": "Adams"}}, {"type": "Feature", "geometry": {"type": "Polygon", "coordinates": [[[-123.2183, 46.3697], [-123.2171, 46.3559], [-123.2175, 46.3415], [-123.2162, 46.3262], [-123.2149, 46.298], [-123.2151, 46.2835], [-123.2161, 46.2697], [-123.2168, 46.242], [-123.2159, 46.2134], [-123.2141, 46.2062], [-123.2131, 46.1725], [-123.1664, 46.189], [-123.1159, 46.1853], [-123.105, 46.1777], [-123.0511, 46.1536], [-123.0434, 46.1476], [-123.0338, 46.1443], [-123.0221, 46.1391], [-123.0094, 46.136], [-123.0042, 46.1338], [-122.9627, 46.1048], [-122.9304, 46.0933], [-122.8997, 46.1014], [-122.8936, 46.1039], [-122.8917, 46.1074], [-122.8944, 46.1117], [-122.9007, 46.1149], [-122.9113, 46.1172], [-122.9179, 46.1205], [-122.9207, 46.1248], [-122.9207, 46.1295], [-122.9148, 46.1427], [-122.9241, 46.1445], [-122.9233, 46.1502], [-122.9135, 46.1502], [-122.9146, 46.1592], [-122.923, 46.1592], [-122.9251, 46.1689], [-122.9579, 46.169], [-122.9603, 46.1702], [-122.9601, 46.1886], [-122.9651, 46.192], [-122.98, 46.1921], [-122.9798, 46.2066], [-122.9746, 46.2066], [-122.974, 46.2138], [-122.9895, 46.2139], [-122.9895, 46.2283], [-122.9895, 46.2354], [-123.0206, 46.2356], [-123.0201, 46.2429], [-123.0302, 46.2432], [-123.0298, 46.2574], [-123.0311, 46.2682], [-123.0299, 46.3007], [-123.0508, 46.3], [-123.0718, 46.3002], [-123.0725, 46.3291], [-123.0832, 46.3292], [-123.0945, 46.328], [-123.1138, 46.3282], [-123.1142, 46.3427], [-123.1345, 46.3426], [-123.1344, 46.3569], [-123.1549, 46.3567], [-123.1549, 46.3704], [-123.1853, 46.3699], [-123.2183, 46.3697]]]}, "properties": {"district": "Longview School District (WA)", "county": "Cowlitz"}}, {"type": "Feature", "geometry": {"type": "Polygon", "coordinates": [[[-117.6499, 48.1357], [-117.6513, 48.1211], [-117.6527, 48.0924], [-117.6627, 48.0926], [-117.6625, 48.063], [-117.6826, 48.0631], [-117.6827, 48.0558], [-117.693, 48.0557], [-117.6931, 48.0192], [-117.6713, 48.0187], [-117.6291, 48.0191], [-117.6085, 48.019], [-117.6085, 48.0261], [-117.6055, 48.0298], [-117.5871, 48.0297], [-117.5869, 48.0333], [-117.5369, 48.0332], [-117.5371, 48.0479], [-117.565, 48.0481], [-117.5651, 48.0841], [-117.5864, 48.0842], [-117.587, 48.1205], [-117.5647, 48.1205], [-117.5645, 48.128], [-117.5133, 48.1275], [-117.5133, 48.1349], [-117.4376, 48.1347], [-117.4372, 48.1623], [-117.4376, 48.1662], [-117.4375, 48.1945], [-117.5025, 48.1947], [-117.545, 48.1947], [-117.55, 48.1918], [-117.5649, 48.1918], [-117.5644, 48.1776], [-117.5859, 48.1779], [-117.5854, 48.1497], [-117.6282, 48.1501], [-117.6282, 48.1357], [-117.6499, 48.1357]]]}, "properties": {"district": "Loon Lake School District (WA)", "county": "Stevens"}}, {"type": "Feature", "geometry": {"type": "Polygon", "coordinates": [[[-122.9519, 48.5286], [-122.9491, 48.5239], [-122.9482, 48.5144], [-122.9522, 48.4998], [-122.9529, 48.4857], [-122.952, 48.4706], [-122.9507, 48.4623], [-122.9505, 48.4509], [-122.9482, 48.4209], [-122.9464, 48.405], [-122.944, 48.3914], [-122.9404, 48.3524], [-122.8776, 48.3667], [-122.8631, 48.3704], [-122.8553, 48.3714], [-122.8364, 48.3709], [-122.8146, 48.3694], [-122.7834, 48.3689], [-122.7713, 48.3699], [-122.7639, 48.3715], [-122.7567, 48.3748], [-122.7495, 48.3803], [-122.7446, 48.3873], [-122.7412, 48.3972], [-122.7397, 48.4055], [-122.7352, 48.4059], [-122.7337, 48.4126], [-122.734, 48.4186], [-122.737, 48.4294], [-122.7494, 48.4605], [-122.7522, 48.4653], [-122.7559, 48.4805], [-122.7523, 48.4868], [-122.7434, 48.4965], [-122.7433, 48.5022], [-122.7401, 48.5089], [-122.741, 48.5188], [-122.7445, 48.526], [-122.7956, 48.5295], [-122.8063, 48.5296], [-122.827, 48.5338], [-122.834, 48.5417], [-122.8381, 48.5516], [-122.8439, 48.5589], [-122.8538, 48.5691], [-122.8594, 48.5727], [-122.8676, 48.5751], [-122.8763, 48.5761], [-122.8944, 48.5746], [-122.9014, 48.5688], [-122.9054, 48.5629], [-122.9091, 48.5601], [-122.9343, 48.547], [-122.9337, 48.5429], [-122.936, 48.5387], [-122.945, 48.5311], [-122.9519, 48.5286]]]}, "properties": {"district": "Lopez School District (WA)", "county": "San Juan"}}, {"type": "Feature", "geometry": {"type": "Polygon", "coordinates": [[[-121.3325, 45.8913], [-121.3221, 45.8914], [-121.3218, 45.8695], [-121.301, 45.8693], [-121.3016, 45.8554], [-121.3011, 45.8263], [-121.3221, 45.8265], [-121.3222, 45.812], [-121.3428, 45.8119], [-121.3427, 45.7974], [-121.3528, 45.7976], [-121.3636, 45.7965], [-121.3623, 45.739], [-121.3625, 45.7176], [-121.3836, 45.7174], [-121.3835, 45.6992], [-121.3726, 45.703], [-121.3377, 45.7048], [-121.3123, 45.6998], [-121.2873, 45.6869], [-121.249, 45.6778], [-121.2158, 45.6712], [-121.2004, 45.6498], [-121.1952, 45.6296], [-121.1965, 45.6166], [-121.1837, 45.6064], [-121.1679, 45.6061], [-121.1456, 45.6079], [-121.1394, 45.612], [-121.1318, 45.6097], [-121.1224, 45.6161], [-121.1172, 45.6182], [-121.1201, 45.6232], [-121.0849, 45.6479], [-121.0714, 45.6509], [-121.0932, 45.651], [-121.0929, 45.6656], [-121.0516, 45.6657], [-121.0517, 45.6948], [-121.0723, 45.6948], [-121.0724, 45.7091], [-121.093, 45.7092], [-121.0929, 45.7237], [-121.1141, 45.7239], [-121.1133, 45.7785], [-121.1138, 45.8108], [-121.1649, 45.8111], [-121.1655, 45.7965], [-121.1759, 45.7967], [-121.1759, 45.782], [-121.1968, 45.7822], [-121.1965, 45.7603], [-121.2175, 45.7605], [-121.2176, 45.7966], [-121.196, 45.7964], [-121.1963, 45.8113], [-121.1753, 45.8109], [-121.1753, 45.8257], [-121.1864, 45.8261], [-121.1864, 45.8404], [-121.1964, 45.8404], [-121.1962, 45.8691], [-121.1971, 45.8691], [-121.1964, 45.8984], [-121.1957, 45.913], [-121.217, 45.9132], [-121.218, 45.9279], [-121.2396, 45.928], [-121.2601, 45.9277], [-121.2809, 45.9279], [-121.2807, 45.9134], [-121.3015, 45.9133], [-121.3011, 45.8986], [-121.3116, 45.8987], [-121.3118, 45.906], [-121.3325, 45.9059], [-121.3325, 45.8913]]]}, "properties": {"district": "Lyle School District (WA)", "county": "Klickitat"}}, {"type": "Feature", "geometry": {"type": "Polygon", "coordinates": [[[-122.6069, 48.9861], [-122.607, 48.9824], [-122.5961, 48.9826], [-122.5962, 48.9755], [-122.5852, 48.9756], [-122.5855, 48.9426], [-122.5804, 48.9426], [-122.5807, 48.9208], [-122.5799, 48.9137], [-122.542, 48.9132], [-122.542, 48.9065], [-122.5364, 48.9122], [-122.5305, 48.9105], [-122.5229, 48.9116], [-122.5119, 48.9105], [-122.509, 48.9143], [-122.4962, 48.9146], [-122.4856, 48.9201], [-122.4856, 48.9027], [-122.4648, 48.9027], [-122.4652, 48.8916], [-122.4088, 48.8916], [-122.4092, 48.8697], [-122.3979, 48.8695], [-122.3869, 48.8695], [-122.3863, 48.8932], [-122.3861, 48.9227], [-122.3788, 48.9229], [-122.3747, 48.9284], [-122.3751, 48.9419], [-122.3742, 48.9711], [-122.3633, 48.971], [-122.3624, 48.9933], [-122.3632, 49.0023], [-122.4763, 49.0023], [-122.6056, 49.0022], [-122.6069, 48.9861]]]}, "properties": {"district": "Lynden School District (WA)", "county": "Whatcom"}}, {"type": "Feature", "geometry": {"type": "Polygon", "coordinates": [[[-120.1031, 46.2486], [-120.126, 46.2484], [-120.126, 46.2153], [-120.1189, 46.2152], [-120.1188, 46.1647], [-120.1193, 46.1429], [-120.1191, 46.1092], [-120.1231, 46.1065], [-120.1139, 46.1063], [-120.1138, 46.0844], [-120.0933, 46.0843], [-120.0935, 46.0774], [-120.0524, 46.0772], [-120.0523, 46.0699], [-120.0315, 46.0698], [-120.0315, 46.0411], [-119.9901, 46.041], [-119.9282, 46.0403], [-119.8658, 46.0409], [-119.8657, 46.0521], [-119.8656, 46.1271], [-119.8662, 46.1562], [-119.8667, 46.1954], [-119.8762, 46.2006], [-119.8857, 46.2093], [-119.8915, 46.2124], [-119.903, 46.2156], [-119.9162, 46.2159], [-119.925, 46.2211], [-119.9354, 46.2234], [-119.9559, 46.2245], [-119.969, 46.2317], [-119.9806, 46.2361], [-119.9872, 46.236], [-119.9943, 46.2296], [-120.0068, 46.2316], [-120.0204, 46.2389], [-120.0224, 46.2378], [-120.0405, 46.2358], [-120.0478, 46.2337], [-120.0518, 46.2377], [-120.061, 46.2392], [-120.0588, 46.2456], [-120.0668, 46.247], [-120.0753, 46.2435], [-120.0762, 46.2524], [-120.084, 46.2495], [-120.0938, 46.2531], [-120.0992, 46.2489], [-120.1031, 46.2486]]]}, "properties": {"district": "Mabton School District (WA)", "county": "Yakima"}}, {"type": "Feature", "geometry": {"type": "Polygon", "coordinates": [[[-119.9046, 47.9105], [-119.9151, 47.9014], [-119.9147, 47.8942], [-119.9091, 47.8838], [-119.9084, 47.8794], [-119.915, 47.8677], [-119.9193, 47.8623], [-119.9251, 47.8592], [-119.878, 47.8588], [-119.8779, 47.8231], [-119.8564, 47.8231], [-119.8563, 47.8012], [-119.8351, 47.801], [-119.835, 47.7866], [-119.8134, 47.7866], [-119.8136, 47.7357], [-119.7494, 47.7358], [-119.7281, 47.7355], [-119.6853, 47.7356], [-119.6854, 47.6993], [-119.6848, 47.6559], [-119.6422, 47.6556], [-119.5777, 47.656], [-119.5783, 47.7024], [-119.5782, 47.7285], [-119.5025, 47.7287], [-119.5023, 47.7359], [-119.4913, 47.7359], [-119.4913, 47.7431], [-119.5023, 47.7431], [-119.5023, 47.7503], [-119.4913, 47.7504], [-119.4911, 47.772], [-119.4704, 47.7722], [-119.4059, 47.7718], [-119.4057, 47.801], [-119.3627, 47.8009], [-119.3627, 47.8154], [-119.3624, 47.8372], [-119.3732, 47.8372], [-119.3732, 47.8444], [-119.4055, 47.8445], [-119.4053, 47.8591], [-119.4483, 47.859], [-119.4479, 47.888], [-119.4904, 47.8881], [-119.4908, 47.9174], [-119.5129, 47.917], [-119.5559, 47.9172], [-119.5557, 47.9316], [-119.6247, 47.9315], [-119.6639, 47.9315], [-119.6639, 47.917], [-119.6854, 47.917], [-119.6852, 47.9027], [-119.7284, 47.9027], [-119.7286, 47.9608], [-119.7551, 47.9608], [-119.7551, 47.9897], [-119.7768, 47.9897], [-119.777, 48.0038], [-119.7987, 48.0039], [-119.7985, 47.9607], [-119.8561, 47.9607], [-119.8706, 47.9605], [-119.8681, 47.9587], [-119.8597, 47.9424], [-119.8634, 47.937], [-119.8825, 47.923], [-119.8893, 47.9172], [-119.9046, 47.9105]]]}, "properties": {"district": "Mansfield School District (WA)", "county": "Douglas"}}, {"type": "Feature", "geometry": {"type": "Polygon", "coordinates": [[[-120.4266, 48.2518], [-120.4774, 48.2147], [-120.4842, 48.2159], [-120.4985, 48.208], [-120.51, 48.2086], [-120.5174, 48.2052], [-120.5222, 48.2046], [-120.5336, 48.206], [-120.5442, 48.2034], [-120.548, 48.1983], [-120.5543, 48.1933], [-120.55, 48.1906], [-120.5399, 48.1804], [-120.5316, 48.1656], [-120.522, 48.1563], [-120.5131, 48.1517], [-120.505, 48.1434], [-120.5037, 48.1383], [-120.5057, 48.1253], [-120.5017, 48.1133], [-120.5015, 48.1072], [-120.4959, 48.1006], [-120.4755, 48.0806], [-120.4678, 48.0708], [-120.4572, 48.0623], [-120.4295, 48.0499], [-120.418, 48.0462], [-120.4055, 48.0435], [-120.3838, 48.0402], [-120.3715, 48.0364], [-120.3525, 48.0326], [-120.341, 48.0293], [-120.3244, 48.022], [-120.3095, 48.0172], [-120.2952, 48.0136], [-120.2722, 48.0068], [-120.2581, 48.0018], [-120.2489, 47.9999], [-120.2392, 47.9961], [-120.2341, 47.9957], [-120.2264, 47.9927], [-120.2146, 47.9849], [-120.2045, 47.9746], [-120.1976, 47.9613], [-120.1973, 47.9457], [-120.2047, 47.9326], [-120.2034, 47.9247], [-120.2054, 47.9184], [-120.2048, 47.9104], [-120.2075, 47.9068], [-120.2029, 47.9013], [-120.203, 47.8965], [-120.1987, 47.888], [-120.1819, 47.8807], [-120.1743, 47.8724], [-120.1622, 47.8675], [-120.1376, 47.8651], [-120.122, 47.862], [-120.0936, 47.8531], [-120.0935, 47.8643], [-120.0922, 47.8729], [-120.0905, 47.8745], [-120.0775, 47.8792], [-120.0922, 47.8973], [-120.0933, 47.9017], [-120.0937, 47.9168], [-120.0934, 47.9605], [-120.0486, 47.9606], [-120.0538, 47.9617], [-120.0612, 47.9665], [-120.0664, 47.9663], [-120.0699, 47.971], [-120.0631, 47.9788], [-120.0638, 47.9815], [-120.0811, 47.993], [-120.0781, 47.9998], [-120.0831, 48.0109], [-120.0902, 48.018], [-120.095, 48.0205], [-120.1082, 48.0231], [-120.1195, 48.0271], [-120.1218, 48.0322], [-120.1344, 48.0333], [-120.1464, 48.0373], [-120.1467, 48.0428], [-120.1501, 48.0445], [-120.1474, 48.0484], [-120.1474, 48.0531], [-120.1394, 48.0542], [-120.135, 48.0524], [-120.1328, 48.0572], [-120.1404, 48.0615], [-120.1439, 48.0654], [-120.1563, 48.0659], [-120.1584, 48.0689], [-120.1645, 48.0683], [-120.1831, 48.074], [-120.1851, 48.0779], [-120.2029, 48.0772], [-120.2131, 48.079], [-120.2185, 48.0842], [-120.2251, 48.0847], [-120.2295, 48.0886], [-120.2354, 48.0894], [-120.2354, 48.0934], [-120.2408, 48.0966], [-120.2445, 48.101], [-120.2504, 48.1031], [-120.2586, 48.1104], [-120.2662, 48.1111], [-120.2722, 48.1156], [-120.2733, 48.1185], [-120.2801, 48.1234], [-120.2883, 48.1251], [-120.2904, 48.1291], [-120.2986, 48.1297], [-120.3036, 48.1268], [-120.3096, 48.127], [-120.3181, 48.1243], [-120.327, 48.129], [-120.3263, 48.1314], [-120.3338, 48.1388], [-120.3416, 48.1429], [-120.3486, 48.1443], [-120.3526, 48.1483], [-120.3543, 48.1554], [-120.3613, 48.1576], [-120.3623, 48.1648], [-120.361, 48.1725], [-120.3567, 48.1761], [-120.3556, 48.1832], [-120.3519, 48.1873], [-120.3508, 48.1932], [-120.3463, 48.2], [-120.3479, 48.2052], [-120.3542, 48.2134], [-120.354, 48.2169], [-120.3574, 48.2194], [-120.3735, 48.2178], [-120.3787, 48.2183], [-120.385, 48.222], [-120.3914, 48.2288], [-120.385, 48.2332], [-120.3869, 48.2381], [-120.3923, 48.2427], [-120.4037, 48.2447], [-120.4122, 48.2483], [-120.421, 48.2495], [-120.4266, 48.2518]]]}, "properties": {"district": "Manson School District (WA)", "county": "Chelan"}}, {"type": "Feature", "geometry": {"type": "Polygon", "coordinates": [[[-123.5546, 47.2408], [-123.5544, 47.212], [-123.5754, 47.2111], [-123.5749, 47.1965], [-123.5542, 47.1973], [-123.5541, 47.1826], [-123.5748, 47.182], [-123.575, 47.1676], [-123.5727, 47.1677], [-123.573, 47.1542], [-123.5515, 47.1542], [-123.551, 47.1403], [-123.551, 47.1046], [-123.5506, 47.0971], [-123.5513, 47.0832], [-123.4682, 47.0824], [-123.4512, 47.083], [-123.4308, 47.0829], [-123.4096, 47.0833], [-123.3888, 47.0825], [-123.3854, 47.0895], [-123.3851, 47.1258], [-123.3684, 47.1258], [-123.3681, 47.1549], [-123.3288, 47.1554], [-123.308, 47.1567], [-123.3074, 47.1699], [-123.3077, 47.1914], [-123.3078, 47.2584], [-123.3562, 47.2585], [-123.3565, 47.2875], [-123.3777, 47.2872], [-123.3778, 47.3008], [-123.3767, 47.3147], [-123.3766, 47.3448], [-123.477, 47.3449], [-123.5051, 47.3441], [-123.5053, 47.3294], [-123.5269, 47.329], [-123.5694, 47.3303], [-123.5684, 47.316], [-123.5688, 47.2582], [-123.5553, 47.2582], [-123.5546, 47.2408]]]}, "properties": {"district": "Mary M Knight School District (WA)", "county": "Mason"}}, {"type": "Feature", "geometry": {"type": "Polygon", "coordinates": [[[-118.0179, 48.1354], [-118.0192, 48.1354], [-118.0181, 48.0988], [-118.0176, 48.0917], [-118.0171, 48.0623], [-118.0162, 48.0557], [-118.0172, 48.0473], [-118.0164, 48.0155], [-118.0158, 48.0055], [-118.0182, 48.0022], [-117.9498, 48.0021], [-117.9136, 48.0025], [-117.8652, 48.0022], [-117.8651, 47.9765], [-117.8653, 47.9184], [-117.8541, 47.9185], [-117.8542, 47.8898], [-117.8318, 47.8899], [-117.8323, 47.8752], [-117.8431, 47.8756], [-117.8428, 47.8617], [-117.8583, 47.8616], [-117.8653, 47.8605], [-117.8654, 47.8511], [-117.8642, 47.8445], [-117.8591, 47.843], [-117.8523, 47.8388], [-117.8412, 47.8373], [-117.8274, 47.8327], [-117.818, 47.8213], [-117.8116, 47.8175], [-117.806, 47.8122], [-117.7905, 47.8114], [-117.7858, 47.8174], [-117.7825, 47.8256], [-117.7671, 47.8318], [-117.7585, 47.8295], [-117.7542, 47.8268], [-117.7427, 47.8305], [-117.7362, 47.8375], [-117.72, 47.8448], [-117.7127, 47.8471], [-117.7037, 47.8551], [-117.6978, 47.8563], [-117.7018, 47.8651], [-117.6975, 47.8748], [-117.735, 47.875], [-117.735, 47.9044], [-117.7354, 47.9191], [-117.7147, 47.9182], [-117.7148, 47.9327], [-117.7132, 47.9473], [-117.6495, 47.9467], [-117.6492, 47.9613], [-117.672, 47.9615], [-117.6713, 48.0043], [-117.6302, 48.0046], [-117.6291, 48.0191], [-117.6713, 48.0187], [-117.6931, 48.0192], [-117.693, 48.0557], [-117.6827, 48.0558], [-117.6826, 48.0631], [-117.6625, 48.063], [-117.6627, 48.0926], [-117.6527, 48.0924], [-117.6513, 48.1211], [-117.6499, 48.1357], [-117.6934, 48.1358], [-117.6936, 48.1316], [-117.6828, 48.1317], [-117.6829, 48.128], [-117.6935, 48.128], [-117.6934, 48.1207], [-117.7151, 48.1208], [-117.715, 48.1137], [-117.7258, 48.1138], [-117.7257, 48.1101], [-117.7365, 48.1102], [-117.7364, 48.1065], [-117.7418, 48.1066], [-117.7417, 48.103], [-117.7469, 48.1031], [-117.7472, 48.0924], [-117.7578, 48.0924], [-117.7578, 48.1034], [-117.7632, 48.1034], [-117.7632, 48.0997], [-117.7902, 48.0999], [-117.7903, 48.1072], [-117.8228, 48.1072], [-117.8228, 48.1145], [-117.8869, 48.1138], [-117.8869, 48.1064], [-117.9292, 48.106], [-117.9303, 48.136], [-117.9518, 48.1361], [-118.0179, 48.1354]]]}, "properties": {"district": "Mary Walker School District (WA)", "county": "Stevens"}}, {"type": "Feature", "geometry": {"type": "Polygon", "coordinates": [[[-122.3143, 48.1233], [-122.3632, 48.1233], [-122.3906, 48.1236], [-122.3771, 48.1082], [-122.3651, 48.0986], [-122.3585, 48.0913], [-122.3503, 48.0803], [-122.3425, 48.0633], [-122.3394, 48.0495], [-122.3431, 48.0365], [-122.3303, 48.0344], [-122.3079, 48.0263], [-122.2991, 48.0213], [-122.2649, 48.0214], [-122.2633, 48.02], [-122.2621, 48.0211], [-122.2388, 48.0267], [-122.2229, 48.0233], [-122.2203, 48.0262], [-122.2097, 48.0327], [-122.1927, 48.0347], [-122.1822, 48.031], [-122.1781, 48.0246], [-122.1668, 48.0214], [-122.1538, 48.0218], [-122.1509, 48.0173], [-122.1537, 48.0114], [-122.1543, 48.0054], [-122.1514, 47.9929], [-122.1389, 47.9927], [-122.1368, 47.9971], [-122.1393, 48.0051], [-122.1295, 48.0071], [-122.1303, 48.0357], [-122.13, 48.0502], [-122.1194, 48.05], [-122.1195, 48.0536], [-122.1088, 48.0534], [-122.1089, 48.0572], [-122.0756, 48.0576], [-122.0757, 48.0649], [-122.032, 48.065], [-122.0316, 48.0942], [-122.054, 48.0942], [-122.054, 48.1013], [-122.0755, 48.1014], [-122.0755, 48.0942], [-122.0978, 48.0937], [-122.1082, 48.0918], [-122.1192, 48.0919], [-122.1193, 48.0996], [-122.1297, 48.0995], [-122.1319, 48.1064], [-122.1246, 48.1069], [-122.1248, 48.1181], [-122.1409, 48.1177], [-122.141, 48.1227], [-122.1195, 48.1227], [-122.1194, 48.1299], [-122.1411, 48.1299], [-122.1411, 48.1336], [-122.1519, 48.1338], [-122.1514, 48.1376], [-122.162, 48.1374], [-122.1618, 48.1448], [-122.1671, 48.1449], [-122.167, 48.1522], [-122.1723, 48.1523], [-122.1727, 48.1358], [-122.1832, 48.136], [-122.1843, 48.1229], [-122.3143, 48.1233]]]}, "properties": {"district": "Marysville School District (WA)", "county": "Snohomish"}}, {"type": "Feature", "geometry": {"type": "Polygon", "coordinates": [[[-123.2444, 47.0922], [-123.2763, 47.092], [-123.2762, 47.0848], [-123.3292, 47.0838], [-123.3286, 47.0561], [-123.3291, 47.0412], [-123.2974, 47.0411], [-123.2973, 47.0262], [-123.2444, 47.0266], [-123.2204, 47.025], [-123.2225, 47.0115], [-123.2239, 46.997], [-123.2217, 46.9821], [-123.2001, 46.982], [-123.2031, 46.997], [-123.2009, 47.0104], [-123.2013, 47.0247], [-123.2008, 47.0535], [-123.201, 47.0681], [-123.2019, 47.0851], [-123.2233, 47.0852], [-123.2445, 47.0848], [-123.2444, 47.0922]]]}, "properties": {"district": "Mccleary School District (WA)", "county": "Grays Harbor"}}, {"type": "Feature", "geometry": {"type": "Polygon", "coordinates": [[[-117.5347, 47.8306], [-117.5338, 47.7952], [-117.5347, 47.7871], [-117.5295, 47.7869], [-117.529, 47.7727], [-117.5074, 47.7729], [-117.5073, 47.7587], [-117.4749, 47.7588], [-117.475, 47.7494], [-117.4724, 47.7494], [-117.4725, 47.7422], [-117.4752, 47.7423], [-117.4754, 47.7336], [-117.4619, 47.7251], [-117.454, 47.7226], [-117.4324, 47.7226], [-117.4323, 47.7334], [-117.422, 47.7332], [-117.422, 47.726], [-117.4114, 47.7258], [-117.4114, 47.7294], [-117.3792, 47.7294], [-117.3792, 47.7312], [-117.3682, 47.7311], [-117.3684, 47.7438], [-117.3471, 47.7436], [-117.2829, 47.744], [-117.2776, 47.744], [-117.2776, 47.7476], [-117.283, 47.7476], [-117.2832, 47.7585], [-117.2616, 47.7585], [-117.2615, 47.7458], [-117.2589, 47.7439], [-117.2402, 47.744], [-117.2402, 47.7512], [-117.2455, 47.7512], [-117.2454, 47.7548], [-117.2186, 47.7547], [-117.2186, 47.7583], [-117.2293, 47.7584], [-117.2293, 47.7657], [-117.2347, 47.7657], [-117.2345, 47.7875], [-117.1752, 47.7876], [-117.1751, 47.802], [-117.1537, 47.8017], [-117.1534, 47.8162], [-117.1306, 47.8155], [-117.1307, 47.8442], [-117.1098, 47.8439], [-117.1101, 47.8741], [-117.0887, 47.8742], [-117.0885, 47.8884], [-117.089, 47.9173], [-117.0887, 47.9245], [-117.094, 47.9245], [-117.0943, 47.9174], [-117.1101, 47.9171], [-117.1752, 47.9172], [-117.1752, 47.9025], [-117.2178, 47.903], [-117.2179, 47.8957], [-117.2607, 47.896], [-117.2607, 47.8887], [-117.2662, 47.8888], [-117.2661, 47.8742], [-117.2715, 47.8742], [-117.2719, 47.8673], [-117.3043, 47.8672], [-117.3256, 47.8675], [-117.3258, 47.8601], [-117.3561, 47.8604], [-117.3567, 47.8677], [-117.3792, 47.8677], [-117.3793, 47.8749], [-117.4327, 47.8747], [-117.4327, 47.8819], [-117.4543, 47.8818], [-117.4545, 47.8601], [-117.5085, 47.8601], [-117.5081, 47.8383], [-117.5189, 47.8383], [-117.5186, 47.831], [-117.5347, 47.8306]]]}, "properties": {"district": "Mead School District (WA)", "county": "Spokane"}}, {"type": "Feature", "geometry": {"type": "Polygon", "coordinates": [[[-117.8008, 47.5081], [-117.8003, 47.493], [-117.8003, 47.4642], [-117.7583, 47.464], [-117.7584, 47.4783], [-117.7356, 47.4785], [-117.7358, 47.4928], [-117.7253, 47.4929], [-117.7253, 47.4965], [-117.7147, 47.4966], [-117.7147, 47.5005], [-117.6962, 47.5005], [-117.6934, 47.5043], [-117.6932, 47.5219], [-117.6664, 47.5219], [-117.6574, 47.5285], [-117.6491, 47.5327], [-117.6289, 47.5462], [-117.6326, 47.5466], [-117.6325, 47.551], [-117.6398, 47.551], [-117.6398, 47.5655], [-117.6291, 47.5656], [-117.6292, 47.58], [-117.6076, 47.5801], [-117.6076, 47.6139], [-117.6041, 47.6139], [-117.604, 47.6283], [-117.6255, 47.6284], [-117.6254, 47.643], [-117.6472, 47.6429], [-117.647, 47.6574], [-117.6579, 47.6575], [-117.6579, 47.6649], [-117.6686, 47.6649], [-117.6688, 47.6721], [-117.6792, 47.6721], [-117.6793, 47.6792], [-117.6682, 47.6791], [-117.6682, 47.6865], [-117.69, 47.6865], [-117.6899, 47.7013], [-117.7116, 47.7013], [-117.7117, 47.6796], [-117.7225, 47.6796], [-117.7226, 47.6868], [-117.744, 47.6871], [-117.744, 47.6798], [-117.7335, 47.6796], [-117.7334, 47.658], [-117.7226, 47.6579], [-117.7226, 47.6651], [-117.7116, 47.6651], [-117.7116, 47.6723], [-117.7009, 47.6722], [-117.701, 47.6577], [-117.7118, 47.6578], [-117.7119, 47.6432], [-117.7279, 47.6434], [-117.7279, 47.6324], [-117.7332, 47.6324], [-117.7334, 47.6143], [-117.7581, 47.6143], [-117.7581, 47.5948], [-117.7688, 47.5947], [-117.7692, 47.5657], [-117.7686, 47.5513], [-117.7578, 47.551], [-117.758, 47.5219], [-117.7686, 47.5219], [-117.7686, 47.5238], [-117.7846, 47.5237], [-117.7847, 47.5183], [-117.79, 47.5184], [-117.7901, 47.5148], [-117.7793, 47.5147], [-117.7794, 47.5074], [-117.7841, 47.5076], [-117.8008, 47.5081]]]}, "properties": {"district": "Medical Lake School District (WA)", "county": "Spokane"}}, {"type": "Feature", "geometry": {"type": "Polygon", "coordinates": [[[-122.2636, 47.6131], [-122.2668, 47.5874], [-122.2648, 47.5794], [-122.2599, 47.5755], [-122.2512, 47.5727], [-122.2458, 47.569], [-122.2409, 47.562], [-122.2406, 47.554], [-122.2467, 47.5444], [-122.253, 47.5395], [-122.2542, 47.5306], [-122.2512, 47.526], [-122.2461, 47.5226], [-122.2357, 47.5178], [-122.2191, 47.5237], [-122.2082, 47.5319], [-122.2034, 47.5409], [-122.2016, 47.5494], [-122.1974, 47.5494], [-122.1908, 47.5624], [-122.1948, 47.5713], [-122.1902, 47.5764], [-122.199, 47.5788], [-122.2045, 47.5838], [-122.2095, 47.5831], [-122.2147, 47.587], [-122.2204, 47.5968], [-122.2283, 47.6045], [-122.2331, 47.6065], [-122.2467, 47.609], [-122.2636, 47.6131]]]}, "properties": {"district": "Mercer Island School District (WA)", "county": "King"}}, {"type": "Feature", "geometry": {"type": "Polygon", "coordinates": [[[-122.542, 48.9065], [-122.5482, 48.9032], [-122.5442, 48.8984], [-122.5542, 48.8923], [-122.5569, 48.885], [-122.5641, 48.8806], [-122.56, 48.8771], [-122.5298, 48.8769], [-122.5299, 48.848], [-122.5357, 48.8479], [-122.5357, 48.8409], [-122.5218, 48.8407], [-122.5215, 48.8315], [-122.5051, 48.8315], [-122.5053, 48.8043], [-122.4646, 48.8039], [-122.4429, 48.8041], [-122.4429, 48.8112], [-122.4098, 48.8114], [-122.4044, 48.8114], [-122.4038, 48.8624], [-122.3982, 48.8622], [-122.3979, 48.8695], [-122.4092, 48.8697], [-122.4088, 48.8916], [-122.4652, 48.8916], [-122.4648, 48.9027], [-122.4856, 48.9027], [-122.4856, 48.9201], [-122.4962, 48.9146], [-122.509, 48.9143], [-122.5119, 48.9105], [-122.5229, 48.9116], [-122.5305, 48.9105], [-122.5364, 48.9122], [-122.542, 48.9065]]]}, "properties": {"district": "Meridian School District (WA)", "county": "Whatcom"}}, {"type": "Feature", "geometry": {"type": "Polygon", "coordinates": [[[-120.8515, 49.0003], [-120.8553, 48.9977], [-120.8512, 48.9938], [-120.8657, 48.9798], [-120.8821, 48.9779], [-120.8807, 48.9667], [-120.8734, 48.9627], [-120.8616, 48.9602], [-120.8569, 48.9567], [-120.849, 48.9559], [-120.8402, 48.95], [-120.8354, 48.9393], [-120.8297, 48.9382], [-120.8201, 48.9411], [-120.8191, 48.9443], [-120.8142, 48.946], [-120.8151, 48.9506], [-120.8064, 48.9517], [-120.801, 48.9536], [-120.8011, 48.9587], [-120.7921, 48.9594], [-120.7872, 48.9577], [-120.7749, 48.9568], [-120.7685, 48.9545], [-120.7631, 48.9485], [-120.7574, 48.9443], [-120.754, 48.9363], [-120.7546, 48.933], [-120.7589, 48.9297], [-120.7704, 48.9274], [-120.7724, 48.9242], [-120.772, 48.9167], [-120.7679, 48.9114], [-120.7714, 48.9083], [-120.771, 48.9043], [-120.7627, 48.8995], [-120.7662, 48.8932], [-120.7637, 48.8878], [-120.7702, 48.8818], [-120.7669, 48.8764], [-120.7483, 48.8668], [-120.7353, 48.8644], [-120.7361, 48.8582], [-120.7314, 48.855], [-120.7367, 48.8445], [-120.7398, 48.8414], [-120.7358, 48.8348], [-120.7374, 48.8257], [-120.7424, 48.8221], [-120.7421, 48.8113], [-120.7353, 48.8038], [-120.7372, 48.7958], [-120.734, 48.7925], [-120.7354, 48.7865], [-120.7255, 48.7734], [-120.7099, 48.7718], [-120.6995, 48.7573], [-120.6929, 48.7564], [-120.6895, 48.7457], [-120.6804, 48.7414], [-120.6782, 48.7351], [-120.6734, 48.7332], [-120.6679, 48.7336], [-120.6612, 48.7273], [-120.656, 48.7249], [-120.6598, 48.7196], [-120.6707, 48.7206], [-120.6782, 48.7178], [-120.6816, 48.7106], [-120.6801, 48.7039], [-120.6778, 48.7014], [-120.6781, 48.6962], [-120.6842, 48.6942], [-120.6955, 48.6967], [-120.7034, 48.6969], [-120.712, 48.6879], [-120.7132, 48.6823], [-120.7187, 48.6745], [-120.7173, 48.6645], [-120.7208, 48.6639], [-120.7331, 48.6662], [-120.7382, 48.6627], [-120.7498, 48.6593], [-120.7529, 48.6494], [-120.7576, 48.6446], [-120.7664, 48.6444], [-120.7717, 48.6426], [-120.7741, 48.6376], [-120.7775, 48.6353], [-120.7823, 48.6286], [-120.7883, 48.6251], [-120.7824, 48.6139], [-120.7853, 48.6083], [-120.7837, 48.6019], [-120.7738, 48.5931], [-120.7659, 48.589], [-120.7605, 48.5828], [-120.7539, 48.5806], [-120.7416, 48.5789], [-120.7307, 48.5823], [-120.7244, 48.5889], [-120.7226, 48.5961], [-120.7192, 48.5964], [-120.7122, 48.5914], [-120.7065, 48.5908], [-120.7001, 48.5838], [-120.6928, 48.5775], [-120.6885, 48.5757], [-120.6861, 48.5665], [-120.6881, 48.563], [-120.7005, 48.559], [-120.702, 48.5511], [-120.7087, 48.5418], [-120.7075, 48.5368], [-120.7021, 48.5316], [-120.6959, 48.5325], [-120.6876, 48.5305], [-120.6775, 48.531], [-120.6523, 48.5369], [-120.649, 48.5328], [-120.649, 48.5269], [-120.6558, 48.5226], [-120.6578, 48.5156], [-120.6558, 48.5117], [-120.6572, 48.5073], [-120.6477, 48.5052], [-120.63, 48.4995], [-120.63, 48.4957], [-120.6385, 48.4963], [-120.6416, 48.4926], [-120.649, 48.4896], [-120.6537, 48.4818], [-120.6514, 48.4777], [-120.6379, 48.4735], [-120.6333, 48.4681], [-120.641, 48.4666], [-120.6508, 48.4607], [-120.6548, 48.4532], [-120.6666, 48.4515], [-120.6688, 48.4497], [-120.6629, 48.4426], [-120.6528, 48.4379], [-120.6515, 48.4323], [-120.6552, 48.4301], [-120.652, 48.4233], [-120.6503, 48.4148], [-120.6417, 48.4111], [-120.6499, 48.3981], [-120.6401, 48.3971], [-120.6252, 48.3976], [-120.6211, 48.3988], [-120.6105, 48.3943], [-120.5995, 48.3857], [-120.5887, 48.3842], [-120.5842, 48.38], [-120.5673, 48.3755], [-120.5632, 48.3708], [-120.5602, 48.361], [-120.5664, 48.3581], [-120.5697, 48.3489], [-120.5775, 48.3461], [-120.5826, 48.3427], [-120.586, 48.3368], [-120.584, 48.3278], [-120.5885, 48.3235], [-120.5832, 48.3191], [-120.5653, 48.3176], [-120.5569, 48.3124], [-120.5529, 48.3112], [-120.5472, 48.3067], [-120.5273, 48.3066], [-120.5191, 48.3113], [-120.5123, 48.312], [-120.5082, 48.3103], [-120.4988, 48.2951], [-120.4943, 48.2928], [-120.4886, 48.2874], [-120.4823, 48.284], [-120.4763, 48.2784], [-120.4645, 48.2749], [-120.4632, 48.2725], [-120.4691, 48.269], [-120.4614, 48.2665], [-120.4512, 48.261], [-120.4427, 48.2602], [-120.4297, 48.2549], [-120.4266, 48.2518], [-120.421, 48.2495], [-120.4122, 48.2483], [-120.4037, 48.2447], [-120.3923, 48.2427], [-120.3869, 48.2381], [-120.385, 48.2332], [-120.3914, 48.2288], [-120.385, 48.222], [-120.2896, 48.222], [-120.2729, 48.2229], [-120.2269, 48.2228], [-120.1653, 48.2229], [-120.1434, 48.2227], [-120.1432, 48.1937], [-120.1331, 48.1937], [-120.1331, 48.1972], [-120.1226, 48.1972], [-120.1225, 48.2007], [-120.1282, 48.2006], [-120.1268, 48.2069], [-120.1193, 48.2033], [-120.1172, 48.1998], [-120.1172, 48.1938], [-120.0961, 48.1935], [-120.099, 48.1909], [-120.095, 48.1884], [-120.0967, 48.1838], [-120.0884, 48.1791], [-120.0793, 48.1791], [-120.0795, 48.1646], [-120.0353, 48.1642], [-120.0143, 48.1644], [-120.0143, 48.1633], [-119.9928, 48.1633], [-119.9929, 48.1923], [-119.9714, 48.1925], [-119.9717, 48.2212], [-119.9711, 48.2359], [-119.9714, 48.2791], [-119.8846, 48.279], [-119.8847, 48.2936], [-119.8857, 48.3088], [-119.8849, 48.3226], [-119.8852, 48.3516], [-119.8845, 48.3895], [-119.8853, 48.4106], [-119.8846, 48.4242], [-119.8847, 48.4531], [-119.8846, 48.4819], [-119.9067, 48.4818], [-119.9938, 48.4818], [-120.0135, 48.4826], [-120.0353, 48.4824], [-120.0353, 48.6119], [-120.0354, 48.6804], [-120.0354, 48.7704], [-120.0355, 48.9049], [-120.0355, 48.9994], [-120.1687, 48.9999], [-120.3618, 49.0004], [-120.5595, 49.0006], [-120.6696, 49.0001], [-120.8515, 49.0003]]]}, "properties": {"district": "Methow Valley School District (WA)", "county": "Okanogan"}}, {"type": "Feature", "geometry": {"type": "Polygon", "coordinates": [[[-121.6125, 45.8704], [-121.65, 45.8707], [-121.6702, 45.8711], [-121.6749, 45.8701], [-121.7115, 45.8701], [-121.7115, 45.7828], [-121.7138, 45.7538], [-121.7118, 45.7403], [-121.7117, 45.6947], [-121.7073, 45.6948], [-121.6684, 45.7051], [-121.6313, 45.7047], [-121.6093, 45.7096], [-121.609, 45.7542], [-121.6092, 45.7825], [-121.6088, 45.8], [-121.6085, 45.8401], [-121.6086, 45.8704], [-121.6125, 45.8704]]]}, "properties": {"district": "Mill A School District (WA)", "county": "Skamania"}}, {"type": "Feature", "geometry": {"type": "Polygon", "coordinates": [[[-122.1429, 47.8268], [-122.1435, 47.8048], [-122.1322, 47.8051], [-122.1327, 47.7974], [-122.1274, 47.7973], [-122.1276, 47.7919], [-122.1224, 47.7899], [-122.0994, 47.7904], [-122.0995, 47.7759], [-122.0876, 47.7761], [-122.0547, 47.7757], [-122.0077, 47.7754], [-121.9918, 47.7754], [-121.9701, 47.7761], [-121.9277, 47.777], [-121.8619, 47.7773], [-121.8633, 47.7915], [-121.8624, 47.8189], [-121.8635, 47.8349], [-121.8632, 47.8447], [-121.8699, 47.845], [-121.881, 47.8474], [-121.8951, 47.8543], [-121.8951, 47.8597], [-121.8632, 47.8596], [-121.8642, 47.892], [-121.9058, 47.8924], [-121.9053, 47.9214], [-121.9491, 47.9206], [-121.9697, 47.921], [-121.9697, 47.9135], [-121.991, 47.9142], [-121.9914, 47.8849], [-121.9907, 47.8775], [-122.0125, 47.8778], [-122.0124, 47.8632], [-122.0339, 47.8628], [-122.0337, 47.8477], [-122.0656, 47.8477], [-122.074, 47.8482], [-122.0454, 47.8299], [-122.0427, 47.8244], [-122.0265, 47.8191], [-122.064, 47.819], [-122.077, 47.8133], [-122.0769, 47.8191], [-122.0879, 47.8191], [-122.088, 47.8264], [-122.1429, 47.8268]]]}, "properties": {"district": "Monroe School District (WA)", "county": "Snohomish"}}, {"type": "Feature", "geometry": {"type": "Polygon", "coordinates": [[[-123.7353, 47.0658], [-123.7356, 47.0376], [-123.7363, 47.0092], [-123.7359, 46.9946], [-123.7189, 46.9944], [-123.6764, 46.9949], [-123.6759, 46.9805], [-123.6763, 46.9573], [-123.6652, 46.9556], [-123.6658, 46.9442], [-123.6552, 46.9443], [-123.6551, 46.9371], [-123.6763, 46.9371], [-123.6763, 46.9295], [-123.6661, 46.9297], [-123.6664, 46.9226], [-123.6558, 46.9225], [-123.6555, 46.9155], [-123.6771, 46.9153], [-123.6774, 46.9224], [-123.6978, 46.9226], [-123.6978, 46.908], [-123.6512, 46.9082], [-123.6085, 46.9087], [-123.5878, 46.9086], [-123.5877, 46.8674], [-123.5039, 46.8679], [-123.4832, 46.8676], [-123.4834, 46.8519], [-123.4751, 46.8514], [-123.4336, 46.8518], [-123.4337, 46.8661], [-123.4324, 46.8805], [-123.4326, 46.8949], [-123.432, 46.9094], [-123.4536, 46.9098], [-123.4744, 46.909], [-123.4911, 46.9089], [-123.4914, 46.9236], [-123.4912, 46.9521], [-123.5122, 46.9521], [-123.5117, 46.9657], [-123.4957, 46.9696], [-123.483, 46.9779], [-123.4878, 46.9799], [-123.4861, 46.9829], [-123.4918, 46.9849], [-123.4906, 46.9877], [-123.4848, 46.991], [-123.4848, 46.9945], [-123.4909, 46.9969], [-123.4954, 47.0019], [-123.4991, 47.0119], [-123.5078, 47.0132], [-123.5108, 47.018], [-123.5089, 47.0224], [-123.5105, 47.027], [-123.5187, 47.0241], [-123.5235, 47.0333], [-123.5278, 47.0369], [-123.526, 47.0429], [-123.5211, 47.0429], [-123.5211, 47.047], [-123.49, 47.0464], [-123.4899, 47.0572], [-123.4837, 47.0572], [-123.4835, 47.0679], [-123.4674, 47.0679], [-123.4682, 47.0824], [-123.5513, 47.0832], [-123.5506, 47.0971], [-123.551, 47.1046], [-123.551, 47.1403], [-123.5515, 47.1542], [-123.573, 47.1542], [-123.5727, 47.1677], [-123.575, 47.1676], [-123.5748, 47.182], [-123.5541, 47.1826], [-123.5542, 47.1973], [-123.5749, 47.1965], [-123.5754, 47.2111], [-123.5544, 47.212], [-123.5546, 47.2408], [-123.6099, 47.2393], [-123.6521, 47.2396], [-123.6522, 47.2583], [-123.6944, 47.2564], [-123.6946, 47.2387], [-123.6942, 47.21], [-123.6955, 47.1813], [-123.6954, 47.1669], [-123.7342, 47.1666], [-123.7342, 47.145], [-123.7348, 47.1382], [-123.7339, 47.1231], [-123.7344, 47.1162], [-123.7353, 47.0658]]]}, "properties": {"district": "Montesano School District (WA)", "county": "Grays Harbor"}}, {"type": "Feature", "geometry": {"type": "Polygon", "coordinates": [[[-122.4868, 46.762], [-122.4868, 46.734], [-122.4447, 46.7342], [-122.3987, 46.7338], [-122.3604, 46.7344], [-122.3601, 46.7218], [-122.36, 46.6711], [-122.3597, 46.6485], [-122.3661, 46.6484], [-122.3657, 46.6026], [-122.4019, 46.6029], [-122.4291, 46.6034], [-122.4691, 46.6037], [-122.4689, 46.5941], [-122.4688, 46.5898], [-122.4481, 46.5891], [-122.4479, 46.5751], [-122.4276, 46.5751], [-122.4273, 46.5614], [-122.3976, 46.561], [-122.3981, 46.5321], [-122.3878, 46.532], [-122.3884, 46.518], [-122.3664, 46.5176], [-122.333, 46.518], [-122.3047, 46.5178], [-122.2631, 46.5178], [-122.2419, 46.5186], [-122.242, 46.5041], [-122.2208, 46.504], [-122.2207, 46.5185], [-122.1992, 46.5179], [-122.1784, 46.5179], [-122.1785, 46.5618], [-122.1991, 46.5617], [-122.1988, 46.6169], [-122.199, 46.6483], [-122.1781, 46.6482], [-122.1689, 46.6487], [-122.1474, 46.6482], [-122.1078, 46.6484], [-122.1072, 46.6772], [-122.0718, 46.6772], [-122.0441, 46.6778], [-122.0009, 46.6775], [-121.9599, 46.6777], [-121.8552, 46.6777], [-121.855, 46.7292], [-121.8714, 46.7302], [-121.8808, 46.7326], [-121.8893, 46.7329], [-121.9017, 46.7376], [-121.9123, 46.7369], [-121.9196, 46.7397], [-121.9255, 46.7388], [-121.9312, 46.7404], [-121.9392, 46.7481], [-121.9391, 46.7359], [-122.0022, 46.7354], [-122.0025, 46.7532], [-122.0081, 46.7526], [-122.0179, 46.7467], [-122.0181, 46.7445], [-122.0247, 46.7429], [-122.0359, 46.7436], [-122.0413, 46.7425], [-122.0503, 46.7466], [-122.0572, 46.7472], [-122.0603, 46.7492], [-122.0649, 46.7469], [-122.075, 46.7506], [-122.0823, 46.7522], [-122.0918, 46.7519], [-122.0967, 46.75], [-122.1004, 46.7511], [-122.1156, 46.7489], [-122.129, 46.7547], [-122.1355, 46.7526], [-122.1391, 46.7547], [-122.1573, 46.7538], [-122.1646, 46.7574], [-122.1687, 46.7555], [-122.1779, 46.7552], [-122.1854, 46.7582], [-122.1917, 46.7622], [-122.2002, 46.7608], [-122.2031, 46.7631], [-122.224, 46.7629], [-122.2771, 46.763], [-122.3596, 46.7631], [-122.4024, 46.7628], [-122.4867, 46.7631], [-122.4868, 46.762]]]}, "properties": {"district": "Morton School District (WA)", "county": "Lewis"}}, {"type": "Feature", "geometry": {"type": "Polygon", "coordinates": [[[-119.6209, 47.104], [-119.6209, 47.0989], [-119.6334, 47.0716], [-119.6309, 47.0674], [-119.6199, 47.0643], [-119.6211, 47.0586], [-119.6218, 47.0458], [-119.6202, 47.0454], [-119.6209, 47.0014], [-119.6, 47.0015], [-119.5358, 47.0011], [-119.365, 46.9998], [-119.3652, 46.9852], [-119.28, 46.9848], [-119.2801, 46.9704], [-119.238, 46.9702], [-119.2378, 46.9883], [-119.2267, 46.99], [-119.2176, 46.9903], [-119.2112, 46.9886], [-119.1992, 46.9923], [-119.1882, 46.9946], [-119.1813, 46.9913], [-119.1727, 46.9939], [-119.1666, 46.9906], [-119.1593, 46.995], [-119.1551, 47.0003], [-119.1494, 47.0003], [-119.1494, 47.0085], [-119.1417, 47.0079], [-119.1345, 47.0131], [-119.1369, 47.016], [-119.1299, 47.018], [-119.1301, 47.0208], [-119.115, 47.0318], [-119.1169, 47.0338], [-119.1108, 47.0427], [-119.1044, 47.0429], [-119.1007, 47.0391], [-119.0923, 47.0416], [-119.0877, 47.0453], [-119.0877, 47.0494], [-119.0822, 47.0494], [-119.0816, 47.1374], [-119.0446, 47.1375], [-119.0447, 47.1524], [-119.044, 47.1664], [-119.0441, 47.2031], [-119.0654, 47.2032], [-119.0648, 47.2472], [-119.065, 47.2765], [-119.0859, 47.2762], [-119.1491, 47.2772], [-119.1489, 47.3204], [-119.1492, 47.3278], [-119.2101, 47.3287], [-119.2166, 47.332], [-119.2227, 47.3315], [-119.2399, 47.3222], [-119.2467, 47.3242], [-119.2699, 47.3261], [-119.2765, 47.3292], [-119.2804, 47.3292], [-119.2922, 47.3334], [-119.2986, 47.3376], [-119.3019, 47.3399], [-119.309, 47.3512], [-119.3105, 47.3579], [-119.3305, 47.3702], [-119.3305, 47.295], [-119.3317, 47.2805], [-119.3319, 47.2656], [-119.3426, 47.2656], [-119.362, 47.2668], [-119.4479, 47.2677], [-119.455, 47.2637], [-119.4562, 47.2556], [-119.4588, 47.2496], [-119.4547, 47.2441], [-119.4496, 47.2405], [-119.4464, 47.236], [-119.435, 47.232], [-119.4309, 47.229], [-119.428, 47.2212], [-119.4313, 47.2108], [-119.4307, 47.2033], [-119.4276, 47.1953], [-119.4242, 47.1912], [-119.4472, 47.1918], [-119.4687, 47.1918], [-119.5116, 47.1925], [-119.5014, 47.1774], [-119.5137, 47.1775], [-119.5209, 47.1756], [-119.5229, 47.1626], [-119.5337, 47.1626], [-119.5341, 47.1405], [-119.5661, 47.1405], [-119.5665, 47.104], [-119.6209, 47.104]]]}, "properties": {"district": "Moses Lake School District (WA)", "county": "Grant"}}, {"type": "Feature", "geometry": {"type": "Polygon", "coordinates": [[[-122.4689, 46.5941], [-122.4767, 46.5982], [-122.4876, 46.5941], [-122.495, 46.5923], [-122.4952, 46.5869], [-122.506, 46.5846], [-122.5119, 46.5821], [-122.5227, 46.5757], [-122.5264, 46.5704], [-122.5327, 46.5684], [-122.573, 46.5681], [-122.573, 46.5609], [-122.6051, 46.561], [-122.6054, 46.554], [-122.636, 46.5538], [-122.6361, 46.543], [-122.6466, 46.5429], [-122.6469, 46.5319], [-122.6573, 46.5319], [-122.6574, 46.5248], [-122.6782, 46.525], [-122.6783, 46.5093], [-122.6712, 46.5028], [-122.6644, 46.4984], [-122.6489, 46.4951], [-122.644, 46.5046], [-122.6443, 46.5133], [-122.6388, 46.5162], [-122.6314, 46.5098], [-122.6232, 46.5076], [-122.6157, 46.5097], [-122.616, 46.4891], [-122.6158, 46.4607], [-122.5939, 46.4599], [-122.5934, 46.4455], [-122.5938, 46.431], [-122.5727, 46.4312], [-122.5726, 46.4022], [-122.5309, 46.4018], [-122.5108, 46.402], [-122.4895, 46.4016], [-122.4895, 46.3873], [-122.4718, 46.3871], [-122.409, 46.3871], [-122.3637, 46.3873], [-122.3636, 46.3862], [-122.3457, 46.3856], [-122.3022, 46.3856], [-122.241, 46.3854], [-122.241, 46.3859], [-122.2416, 46.4005], [-122.2417, 46.4685], [-122.2512, 46.4677], [-122.2512, 46.4658], [-122.2623, 46.4662], [-122.276, 46.4694], [-122.292, 46.4766], [-122.3044, 46.4815], [-122.3041, 46.4915], [-122.3047, 46.5178], [-122.333, 46.518], [-122.3664, 46.5176], [-122.3884, 46.518], [-122.3878, 46.532], [-122.3981, 46.5321], [-122.3976, 46.561], [-122.4273, 46.5614], [-122.4276, 46.5751], [-122.4479, 46.5751], [-122.4481, 46.5891], [-122.4688, 46.5898], [-122.4689, 46.5941]]]}, "properties": {"district": "Mossyrock School District (WA)", "county": "Lewis"}}, {"type": "Feature", "geometry": {"type": "Polygon", "coordinates": [[[-121.5223, 46.3882], [-121.5223, 46.2423], [-121.5223, 46.1593], [-121.5223, 46.044], [-121.4872, 46.0439], [-121.4587, 46.0443], [-121.4272, 46.0443], [-121.4169, 46.0447], [-121.3652, 46.0451], [-121.2373, 46.0447], [-121.133, 46.0445], [-121.1117, 46.0442], [-121.0912, 46.0429], [-121.0687, 46.0422], [-121.0496, 46.0429], [-121.008, 46.043], [-120.9664, 46.0422], [-120.9364, 46.0421], [-120.9054, 46.0424], [-120.8013, 46.041], [-120.7598, 46.0414], [-120.6558, 46.0414], [-120.6143, 46.041], [-120.6148, 46.124], [-120.6144, 46.1531], [-120.6146, 46.2007], [-120.6143, 46.2148], [-120.5619, 46.2146], [-120.4999, 46.2147], [-120.4993, 46.2293], [-120.5023, 46.2438], [-120.5021, 46.3025], [-120.5228, 46.3025], [-120.5227, 46.3172], [-120.5233, 46.3901], [-120.5023, 46.3902], [-120.5023, 46.4265], [-120.523, 46.4266], [-120.5231, 46.4339], [-120.544, 46.4335], [-120.6283, 46.4334], [-120.6282, 46.4781], [-120.652, 46.4777], [-120.6913, 46.4777], [-120.7556, 46.4783], [-120.8819, 46.4784], [-120.8848, 46.4782], [-120.8853, 46.4928], [-120.8849, 46.5217], [-120.8947, 46.5198], [-120.9053, 46.5165], [-120.9082, 46.5136], [-120.9149, 46.5113], [-120.9322, 46.501], [-120.9504, 46.4923], [-120.9575, 46.4922], [-120.9706, 46.49], [-120.9848, 46.4854], [-120.9972, 46.4802], [-121.0707, 46.4804], [-121.1256, 46.4803], [-121.1256, 46.4743], [-121.2225, 46.4743], [-121.2707, 46.4743], [-121.3335, 46.4746], [-121.353, 46.4744], [-121.4344, 46.4743], [-121.4297, 46.471], [-121.4254, 46.4641], [-121.4207, 46.4631], [-121.4126, 46.4588], [-121.4146, 46.4514], [-121.4107, 46.4461], [-121.4081, 46.4388], [-121.4078, 46.4309], [-121.402, 46.4248], [-121.3968, 46.4225], [-121.3932, 46.4172], [-121.3866, 46.4106], [-121.3903, 46.4059], [-121.3899, 46.4014], [-121.3938, 46.39], [-121.397, 46.3881], [-121.4457, 46.388], [-121.4475, 46.3846], [-121.4565, 46.3886], [-121.4867, 46.3881], [-121.5223, 46.3882]]]}, "properties": {"district": "Mount Adams School District (WA)", "county": "Yakima"}}, {"type": "Feature", "geometry": {"type": "Polygon", "coordinates": [[[-122.4098, 48.8114], [-122.41, 48.7968], [-122.3882, 48.7969], [-122.3881, 48.7897], [-122.3661, 48.7896], [-122.3661, 48.7678], [-122.3055, 48.7677], [-122.2675, 48.7671], [-122.2675, 48.7307], [-122.3048, 48.7307], [-122.3052, 48.7267], [-122.3113, 48.7206], [-122.3068, 48.7181], [-122.3038, 48.7082], [-122.3058, 48.7049], [-122.3057, 48.6954], [-122.3016, 48.6883], [-122.3124, 48.6878], [-122.3349, 48.6883], [-122.3459, 48.6877], [-122.3556, 48.6884], [-122.3572, 48.6486], [-122.3518, 48.6487], [-122.352, 48.6451], [-122.2693, 48.6453], [-122.2587, 48.6457], [-122.203, 48.6457], [-122.0947, 48.6452], [-122.0724, 48.6454], [-122.0267, 48.6453], [-121.9945, 48.645], [-121.9648, 48.6443], [-121.9624, 48.6518], [-121.9628, 48.6597], [-121.9616, 48.6737], [-121.9621, 48.7166], [-121.8515, 48.7166], [-121.7384, 48.7166], [-121.7385, 48.8177], [-121.6074, 48.8177], [-121.6073, 48.7735], [-121.6067, 48.7441], [-121.6071, 48.7384], [-121.6123, 48.7337], [-121.619, 48.7323], [-121.6359, 48.7345], [-121.644, 48.7334], [-121.6466, 48.73], [-121.6531, 48.7323], [-121.6573, 48.7266], [-121.6686, 48.7221], [-121.6678, 48.7059], [-121.6762, 48.6994], [-121.686, 48.696], [-121.6802, 48.6926], [-121.6798, 48.6875], [-121.6818, 48.6809], [-121.6768, 48.6793], [-121.6734, 48.6719], [-121.6839, 48.6629], [-121.6871, 48.6592], [-121.6819, 48.6545], [-121.6823, 48.6492], [-121.69, 48.6498], [-121.6906, 48.649], [-121.6824, 48.6482], [-121.6786, 48.6535], [-121.6791, 48.661], [-121.6748, 48.6672], [-121.6702, 48.6686], [-121.6605, 48.7181], [-121.6523, 48.7234], [-121.5852, 48.7362], [-121.5848, 48.744], [-121.5854, 48.7588], [-121.5855, 48.8344], [-121.5855, 48.9068], [-121.5855, 48.9922], [-121.679, 48.9922], [-121.8085, 48.9922], [-121.8173, 48.9917], [-121.9393, 48.9916], [-121.9495, 48.9923], [-121.9721, 48.9923], [-121.9715, 49.0003], [-122.0092, 49.0011], [-122.1001, 49.002], [-122.1449, 49.0021], [-122.1449, 48.9961], [-122.1616, 48.9962], [-122.1615, 48.9925], [-122.1654, 48.9895], [-122.1762, 48.9898], [-122.1758, 48.9867], [-122.1762, 48.9354], [-122.1768, 48.9206], [-122.2221, 48.9207], [-122.223, 48.8828], [-122.2709, 48.8837], [-122.3367, 48.8838], [-122.3382, 48.8805], [-122.3339, 48.8765], [-122.3328, 48.869], [-122.3869, 48.8695], [-122.3979, 48.8695], [-122.3982, 48.8622], [-122.4038, 48.8624], [-122.4044, 48.8114], [-122.4098, 48.8114]]]}, "properties": {"district": "Mount Baker School District (WA)", "county": "Whatcom"}}, {"type": "Feature", "geometry": {"type": "Polygon", "coordinates": [[[-122.1975, 45.5672], [-122.1977, 45.5783], [-122.1928, 45.5783], [-122.1926, 45.5855], [-122.1874, 45.5856], [-122.1872, 45.5927], [-122.2078, 45.5926], [-122.2079, 45.5997], [-122.2282, 45.5997], [-122.2284, 45.5926], [-122.2388, 45.5925], [-122.2389, 45.5778], [-122.249, 45.5777], [-122.249, 45.5815], [-122.2543, 45.5816], [-122.2543, 45.5779], [-122.2596, 45.5779], [-122.2595, 45.567], [-122.2648, 45.567], [-122.2648, 45.5634], [-122.2595, 45.5634], [-122.2595, 45.5451], [-122.249, 45.5477], [-122.2413, 45.5507], [-122.2008, 45.5651], [-122.1975, 45.5672]]]}, "properties": {"district": "Mount Pleasant School District (WA)", "county": "Skamania"}}, {"type": "Feature", "geometry": {"type": "Polygon", "coordinates": [[[-122.4441, 48.4575], [-122.4438, 48.4207], [-122.4331, 48.4208], [-122.4331, 48.4064], [-122.4009, 48.4066], [-122.401, 48.3921], [-122.4114, 48.392], [-122.411, 48.3847], [-122.4222, 48.3846], [-122.4222, 48.37], [-122.4168, 48.3647], [-122.403, 48.3685], [-122.3976, 48.3688], [-122.3947, 48.3713], [-122.3922, 48.3802], [-122.3824, 48.3831], [-122.3804, 48.3865], [-122.3739, 48.3879], [-122.3627, 48.3849], [-122.3357, 48.3848], [-122.3343, 48.3812], [-122.3034, 48.381], [-122.3026, 48.3774], [-122.2702, 48.3777], [-122.2697, 48.4327], [-122.2718, 48.4338], [-122.2772, 48.4437], [-122.2813, 48.4466], [-122.2774, 48.4514], [-122.2714, 48.4553], [-122.2828, 48.4608], [-122.2888, 48.4616], [-122.2971, 48.471], [-122.3016, 48.468], [-122.3103, 48.4666], [-122.3126, 48.461], [-122.3164, 48.4589], [-122.3211, 48.4531], [-122.3222, 48.4457], [-122.3338, 48.4448], [-122.3431, 48.445], [-122.3577, 48.4476], [-122.3669, 48.4466], [-122.3675, 48.4573], [-122.4204, 48.4576], [-122.4441, 48.4575]]]}, "properties": {"district": "Mount Vernon School District (WA)", "county": "Skagit"}}, {"type": "Feature", "geometry": {"type": "Polygon", "coordinates": [[[-122.3469, 48.0294], [-122.3516, 48.0194], [-122.3521, 48.0134], [-122.3475, 48.0018], [-122.3343, 47.9817], [-122.3305, 47.9732], [-122.3285, 47.9638], [-122.3304, 47.9477], [-122.3333, 47.9332], [-122.3358, 47.9287], [-122.3488, 47.9147], [-122.3513, 47.9028], [-122.3563, 47.8943], [-122.3668, 47.8841], [-122.3762, 47.8763], [-122.3936, 47.8647], [-122.3381, 47.8644], [-122.3039, 47.8644], [-122.2279, 47.8638], [-122.2232, 47.8638], [-122.2231, 47.8783], [-122.2174, 47.8782], [-122.2173, 47.8928], [-122.223, 47.8927], [-122.2234, 47.9147], [-122.2288, 47.9146], [-122.2325, 47.9172], [-122.2337, 47.9219], [-122.2334, 47.9328], [-122.236, 47.9383], [-122.2428, 47.9441], [-122.2455, 47.9496], [-122.2488, 47.9495], [-122.2487, 47.9638], [-122.2911, 47.9639], [-122.2911, 47.9932], [-122.2633, 48.02], [-122.2649, 48.0214], [-122.2991, 48.0213], [-122.3079, 48.0263], [-122.3303, 48.0344], [-122.3431, 48.0365], [-122.3469, 48.0294]]]}, "properties": {"district": "Mukilteo School District (WA)", "county": "Snohomish"}}, {"type": "Feature", "geometry": {"type": "Polygon", "coordinates": [[[-121.4978, 46.9074], [-121.5028, 46.9013], [-121.5104, 46.8966], [-121.5142, 46.891], [-121.5133, 46.8848], [-121.5203, 46.8792], [-121.5231, 46.8728], [-121.5152, 46.871], [-121.5075, 46.8648], [-121.4973, 46.8629], [-121.4955, 46.8549], [-121.4854, 46.841], [-121.4842, 46.8343], [-121.4747, 46.8314], [-121.4702, 46.8264], [-121.4713, 46.8219], [-121.4744, 46.8204], [-121.4634, 46.8133], [-121.457, 46.8107], [-121.4582, 46.8078], [-121.455, 46.802], [-121.4425, 46.7927], [-121.4485, 46.7918], [-121.4538, 46.7882], [-121.4552, 46.7838], [-121.4525, 46.7767], [-121.4478, 46.7731], [-121.4468, 46.7677], [-121.4432, 46.7676], [-121.4386, 46.7626], [-121.4418, 46.7582], [-121.4337, 46.7592], [-121.4253, 46.7574], [-121.4238, 46.7523], [-121.4312, 46.7419], [-121.4294, 46.7393], [-121.4124, 46.7356], [-121.408, 46.7283], [-121.3949, 46.7269], [-121.3839, 46.7284], [-121.3688, 46.7262], [-121.3634, 46.723], [-121.3583, 46.7168], [-121.3581, 46.7122], [-121.3687, 46.7089], [-121.37, 46.7064], [-121.3768, 46.7047], [-121.3802, 46.6992], [-121.3745, 46.6929], [-121.3767, 46.6865], [-121.3952, 46.6872], [-121.4073, 46.6837], [-121.4132, 46.6759], [-121.4115, 46.6656], [-121.4165, 46.6595], [-121.4163, 46.6514], [-121.4137, 46.6487], [-121.3952, 46.6458], [-121.398, 46.6418], [-121.3907, 46.6396], [-121.3864, 46.636], [-121.3896, 46.6287], [-121.3867, 46.6212], [-121.3896, 46.6167], [-121.3997, 46.6119], [-121.4007, 46.6066], [-121.4055, 46.6053], [-121.4076, 46.6021], [-121.4023, 46.5943], [-121.4029, 46.5879], [-121.4057, 46.5823], [-121.413, 46.5786], [-121.3265, 46.5786], [-121.1375, 46.5786], [-121.0744, 46.5791], [-121.0324, 46.5785], [-121.0117, 46.5788], [-121.0118, 46.6367], [-121.0126, 46.6496], [-120.9956, 46.6502], [-120.9986, 46.6531], [-120.9805, 46.6532], [-120.9803, 46.6508], [-120.95, 46.6518], [-120.887, 46.6516], [-120.8873, 46.6952], [-120.8666, 46.6952], [-120.8256, 46.6957], [-120.8256, 46.7174], [-120.815, 46.7172], [-120.8149, 46.7244], [-120.7939, 46.7239], [-120.794, 46.7314], [-120.7885, 46.7313], [-120.7882, 46.7388], [-120.7831, 46.7387], [-120.7831, 46.7423], [-120.7622, 46.7423], [-120.7622, 46.7386], [-120.7534, 46.7386], [-120.7533, 46.736], [-120.7428, 46.736], [-120.7426, 46.733], [-120.732, 46.7331], [-120.7319, 46.7312], [-120.7213, 46.7312], [-120.7212, 46.7277], [-120.7159, 46.7276], [-120.7158, 46.7202], [-120.7105, 46.7202], [-120.7103, 46.7112], [-120.7052, 46.7112], [-120.7051, 46.7058], [-120.6918, 46.7022], [-120.6891, 46.7004], [-120.6891, 46.6949], [-120.6784, 46.6951], [-120.6785, 46.6877], [-120.6732, 46.6877], [-120.6731, 46.684], [-120.6678, 46.684], [-120.6678, 46.6803], [-120.6624, 46.6803], [-120.6624, 46.6766], [-120.6571, 46.6766], [-120.6572, 46.6655], [-120.6435, 46.6655], [-120.6414, 46.6583], [-120.6362, 46.6583], [-120.6362, 46.6546], [-120.6309, 46.6528], [-120.6308, 46.6455], [-120.6254, 46.64], [-120.6205, 46.6382], [-120.6096, 46.6373], [-120.6095, 46.6328], [-120.6043, 46.6309], [-120.5938, 46.6309], [-120.5936, 46.6218], [-120.6201, 46.6219], [-120.62, 46.6183], [-120.6121, 46.6165], [-120.5937, 46.6163], [-120.5809, 46.6156], [-120.5801, 46.6217], [-120.5779, 46.6253], [-120.578, 46.6313], [-120.5801, 46.6363], [-120.5742, 46.6385], [-120.5727, 46.6417], [-120.5727, 46.6508], [-120.5779, 46.6508], [-120.5781, 46.6625], [-120.5835, 46.6645], [-120.5837, 46.6801], [-120.5943, 46.6801], [-120.5948, 46.7094], [-120.616, 46.7097], [-120.6362, 46.7094], [-120.6366, 46.7385], [-120.6162, 46.7386], [-120.616, 46.742], [-120.6213, 46.7422], [-120.6209, 46.7548], [-120.6251, 46.7549], [-120.6252, 46.8258], [-120.634, 46.8258], [-120.6336, 46.8536], [-120.6339, 46.8693], [-120.6334, 46.9055], [-120.6346, 46.9121], [-120.6556, 46.9118], [-120.6766, 46.912], [-120.8143, 46.911], [-120.8667, 46.911], [-120.8873, 46.9113], [-121.0034, 46.9112], [-121.0266, 46.9113], [-121.0264, 46.9982], [-121.1208, 46.9982], [-121.1269, 47.0051], [-121.1289, 47.0092], [-121.1332, 47.0119], [-121.1358, 47.0172], [-121.1423, 47.02], [-121.1519, 47.0269], [-121.1558, 47.0272], [-121.1656, 47.0355], [-121.1685, 47.0357], [-121.179, 47.04], [-121.1789, 47.0416], [-121.1829, 47.0446], [-121.1893, 47.0425], [-121.2006, 47.0492], [-121.2102, 47.0535], [-121.2181, 47.0619], [-121.2183, 47.0654], [-121.2288, 47.0665], [-121.2377, 47.0723], [-121.2448, 47.0735], [-121.2518, 47.0763], [-121.2564, 47.0818], [-121.2721, 47.0846], [-121.2807, 47.0887], [-121.2908, 47.0861], [-121.3014, 47.0852], [-121.3066, 47.0822], [-121.3113, 47.0769], [-121.3278, 47.0752], [-121.3357, 47.0758], [-121.3413, 47.0794], [-121.3471, 47.0787], [-121.3592, 47.0707], [-121.3641, 47.0717], [-121.3672, 47.077], [-121.3763, 47.0815], [-121.3797, 47.0875], [-121.38, 47.0872], [-121.3833, 47.0848], [-121.3789, 47.0756], [-121.3754, 47.0733], [-121.3766, 47.0615], [-121.3741, 47.057], [-121.3811, 47.0504], [-121.3859, 47.0492], [-121.3863, 47.0461], [-121.3926, 47.041], [-121.3998, 47.0335], [-121.3947, 47.0233], [-121.3971, 47.0183], [-121.4038, 47.015], [-121.4093, 47.0028], [-121.4065, 46.9987], [-121.4091, 46.9952], [-121.4135, 46.9952], [-121.4193, 46.9919], [-121.4209, 46.9886], [-121.427, 46.9881], [-121.4381, 46.984], [-121.4458, 46.9802], [-121.4421, 46.9729], [-121.4551, 46.9648], [-121.4584, 46.9606], [-121.4532, 46.957], [-121.4532, 46.9516], [-121.4503, 46.9483], [-121.4522, 46.9413], [-121.4495, 46.9344], [-121.457, 46.928], [-121.4564, 46.9236], [-121.4659, 46.9202], [-121.4754, 46.9133], [-121.485, 46.9128], [-121.4917, 46.9091], [-121.4978, 46.9074]]]}, "properties": {"district": "Naches Valley School District (WA)", "county": "Yakima"}}, {"type": "Feature", "geometry": {"type": "Polygon", "coordinates": [[[-122.9608, 46.598], [-122.9607, 46.5655], [-122.9712, 46.5654], [-122.9704, 46.562], [-122.9442, 46.5619], [-122.9442, 46.5579], [-122.9336, 46.5579], [-122.9337, 46.5618], [-122.9285, 46.5618], [-122.9285, 46.5506], [-122.9141, 46.5506], [-122.9141, 46.547], [-122.9075, 46.547], [-122.9075, 46.5398], [-122.9023, 46.5397], [-122.9023, 46.5361], [-122.8918, 46.5361], [-122.8918, 46.5325], [-122.8813, 46.5324], [-122.8813, 46.5433], [-122.8655, 46.5432], [-122.8655, 46.5468], [-122.8558, 46.5468], [-122.8558, 46.5251], [-122.8035, 46.5249], [-122.8037, 46.5323], [-122.7773, 46.5322], [-122.7772, 46.5576], [-122.8238, 46.5577], [-122.8243, 46.5615], [-122.8295, 46.5616], [-122.832, 46.5584], [-122.8421, 46.5577], [-122.8453, 46.5599], [-122.8453, 46.5689], [-122.8557, 46.5689], [-122.8557, 46.5762], [-122.882, 46.5762], [-122.8819, 46.5871], [-122.8872, 46.5871], [-122.8872, 46.5981], [-122.9135, 46.598], [-122.9135, 46.6016], [-122.924, 46.6016], [-122.9238, 46.5907], [-122.9292, 46.5907], [-122.9314, 46.6009], [-122.9406, 46.6053], [-122.9502, 46.6054], [-122.9503, 46.5981], [-122.9608, 46.598]]]}, "properties": {"district": "Napavine School District (WA)", "county": "Lewis"}}, {"type": "Feature", "geometry": {"type": "Polygon", "coordinates": [[[-123.9167, 46.5321], [-123.9179, 46.481], [-123.9176, 46.4734], [-123.8973, 46.4736], [-123.8876, 46.4732], [-123.888, 46.4582], [-123.8457, 46.458], [-123.8311, 46.4575], [-123.81, 46.4577], [-123.81, 46.4393], [-123.8299, 46.4398], [-123.847, 46.4394], [-123.8481, 46.4146], [-123.8586, 46.4147], [-123.8587, 46.4073], [-123.8688, 46.4074], [-123.8698, 46.3791], [-123.8488, 46.3788], [-123.8498, 46.3319], [-123.8502, 46.2696], [-123.8501, 46.2406], [-123.8151, 46.2498], [-123.8095, 46.2501], [-123.7781, 46.2542], [-123.7415, 46.2692], [-123.6881, 46.2501], [-123.6488, 46.2588], [-123.587, 46.2559], [-123.5693, 46.2573], [-123.5688, 46.2718], [-123.5887, 46.2723], [-123.5889, 46.2853], [-123.5837, 46.2999], [-123.5845, 46.3293], [-123.5645, 46.3284], [-123.5235, 46.3281], [-123.523, 46.3475], [-123.5229, 46.3839], [-123.482, 46.3835], [-123.42, 46.3841], [-123.3583, 46.384], [-123.3584, 46.4128], [-123.3579, 46.4273], [-123.3582, 46.4413], [-123.3996, 46.4427], [-123.4213, 46.4421], [-123.4428, 46.4423], [-123.4629, 46.4415], [-123.4831, 46.4414], [-123.4831, 46.44], [-123.5235, 46.44], [-123.5652, 46.4397], [-123.5651, 46.4544], [-123.6014, 46.4541], [-123.6014, 46.4564], [-123.6428, 46.457], [-123.6855, 46.4565], [-123.685, 46.4708], [-123.7254, 46.4709], [-123.7256, 46.5062], [-123.7255, 46.5271], [-123.7457, 46.5271], [-123.7867, 46.5291], [-123.8271, 46.5297], [-123.8641, 46.531], [-123.8855, 46.5311], [-123.9167, 46.5321]]]}, "properties": {"district": "Naselle-Grays River Valley School District (WA)", "county": "Pacific"}}, {"type": "Feature", "geometry": {"type": "Polygon", "coordinates": [[[-119.2334, 48.3095], [-119.2335, 48.2506], [-119.2332, 48.1953], [-119.2334, 48.1567], [-119.233, 48.1133], [-119.2219, 48.1165], [-119.2153, 48.1153], [-119.2084, 48.1181], [-119.2002, 48.1252], [-119.1923, 48.1286], [-119.1871, 48.1293], [-119.1793, 48.1279], [-119.1703, 48.1325], [-119.1654, 48.1372], [-119.151, 48.1461], [-119.1413, 48.1479], [-119.1353, 48.1507], [-119.1238, 48.1497], [-119.1156, 48.1457], [-119.1073, 48.1404], [-119.0983, 48.1377], [-119.0869, 48.1375], [-119.0789, 48.1397], [-119.068, 48.1401], [-119.057, 48.137], [-119.0395, 48.1219], [-119.0319, 48.1168], [-119.0289, 48.1131], [-119.0246, 48.1031], [-119.0225, 48.0931], [-119.0221, 48.0802], [-119.0177, 48.0677], [-119.0135, 48.0633], [-118.9963, 48.0631], [-118.9743, 48.0637], [-118.9744, 48.0502], [-118.9319, 48.0501], [-118.8456, 48.0501], [-118.8458, 48.1079], [-118.8457, 48.1657], [-118.8454, 48.2382], [-118.8458, 48.252], [-118.8458, 48.3099], [-118.845, 48.3099], [-118.8445, 48.3965], [-118.8444, 48.4401], [-118.8435, 48.469], [-118.8439, 48.4817], [-118.8695, 48.4816], [-118.9965, 48.4818], [-119.0394, 48.4821], [-119.1049, 48.4821], [-119.1049, 48.4376], [-119.1051, 48.4252], [-119.1049, 48.3673], [-119.1052, 48.3097], [-119.1696, 48.3093], [-119.2334, 48.3095]]]}, "properties": {"district": "Nespelem School District #14 (WA)", "county": "Okanogan"}}, {"type": "Feature", "geometry": {"type": "Polygon", "coordinates": [[[-117.4376, 48.1347], [-117.4374, 48.1045], [-117.3924, 48.1043], [-117.3926, 48.0752], [-117.3495, 48.0752], [-117.3496, 48.0606], [-117.3279, 48.0607], [-117.3281, 48.0754], [-117.3062, 48.0752], [-117.3062, 48.0895], [-117.2625, 48.0896], [-117.2625, 48.0824], [-117.2408, 48.0823], [-117.2409, 48.0679], [-117.2301, 48.0679], [-117.23, 48.0751], [-117.2082, 48.0751], [-117.2081, 48.0822], [-117.1753, 48.0823], [-117.1757, 48.0603], [-117.1973, 48.0603], [-117.1972, 48.046], [-117.1758, 48.0457], [-117.1758, 48.0383], [-117.1557, 48.0383], [-117.1555, 48.0308], [-117.1759, 48.031], [-117.1762, 48.0164], [-117.1452, 48.0163], [-117.1451, 48.0022], [-117.1341, 48.0024], [-117.1345, 47.9733], [-117.1239, 47.9733], [-117.1239, 47.9588], [-117.0748, 47.9587], [-117.0423, 47.9584], [-117.042, 48.0068], [-117.0421, 48.0311], [-117.0415, 48.0695], [-117.0411, 48.1249], [-117.0386, 48.2079], [-117.0363, 48.3177], [-117.0351, 48.3852], [-117.0353, 48.4302], [-117.0354, 48.4999], [-117.0348, 48.5689], [-117.085, 48.5698], [-117.0865, 48.5263], [-117.1082, 48.5267], [-117.1086, 48.4835], [-117.1755, 48.484], [-117.1758, 48.4367], [-117.1755, 48.3971], [-117.1762, 48.3779], [-117.1748, 48.3099], [-117.1984, 48.3098], [-117.198, 48.2961], [-117.2552, 48.2958], [-117.2544, 48.2822], [-117.2516, 48.2751], [-117.2368, 48.2528], [-117.2328, 48.2449], [-117.2229, 48.2385], [-117.2136, 48.2354], [-117.198, 48.2341], [-117.1986, 48.2103], [-117.2636, 48.2105], [-117.2634, 48.2235], [-117.2842, 48.2232], [-117.3271, 48.2232], [-117.3269, 48.2052], [-117.3487, 48.2052], [-117.3487, 48.2097], [-117.3541, 48.2097], [-117.3541, 48.2052], [-117.3929, 48.2055], [-117.4375, 48.2053], [-117.4375, 48.1945], [-117.4376, 48.1662], [-117.4372, 48.1623], [-117.4376, 48.1347]]]}, "properties": {"district": "Newport School District (WA)", "county": "Pend Oreille"}}, {"type": "Feature", "geometry": {"type": "Polygon", "coordinates": [[[-117.6495, 47.9467], [-117.7132, 47.9473], [-117.7148, 47.9327], [-117.7147, 47.9182], [-117.7354, 47.9191], [-117.735, 47.9044], [-117.735, 47.875], [-117.6975, 47.8748], [-117.7018, 47.8651], [-117.6978, 47.8563], [-117.7037, 47.8551], [-117.7127, 47.8471], [-117.7129, 47.8246], [-117.7125, 47.8028], [-117.6542, 47.8026], [-117.6543, 47.8058], [-117.6477, 47.8062], [-117.6475, 47.7953], [-117.6371, 47.7951], [-117.6371, 47.7878], [-117.6048, 47.7875], [-117.6046, 47.7729], [-117.5829, 47.773], [-117.5824, 47.7443], [-117.5609, 47.7442], [-117.5609, 47.7583], [-117.5394, 47.7583], [-117.5392, 47.7442], [-117.5498, 47.744], [-117.5502, 47.7369], [-117.5663, 47.737], [-117.5664, 47.7334], [-117.5717, 47.7335], [-117.5717, 47.7298], [-117.5825, 47.7308], [-117.5879, 47.7335], [-117.588, 47.7263], [-117.5609, 47.7262], [-117.5609, 47.7297], [-117.511, 47.73], [-117.511, 47.7338], [-117.5155, 47.7372], [-117.5031, 47.7372], [-117.5075, 47.741], [-117.5086, 47.7491], [-117.5194, 47.7577], [-117.5073, 47.7587], [-117.5074, 47.7729], [-117.529, 47.7727], [-117.5295, 47.7869], [-117.5347, 47.7871], [-117.5338, 47.7952], [-117.5347, 47.8306], [-117.5346, 47.8489], [-117.5401, 47.849], [-117.5403, 47.8525], [-117.5617, 47.8524], [-117.5618, 47.8562], [-117.558, 47.8598], [-117.5513, 47.8598], [-117.5513, 47.8693], [-117.5597, 47.8697], [-117.5603, 47.8671], [-117.5728, 47.8671], [-117.5727, 47.8599], [-117.5996, 47.8599], [-117.5996, 47.8672], [-117.6052, 47.8672], [-117.6051, 47.8742], [-117.6107, 47.8742], [-117.6107, 47.8887], [-117.6267, 47.8887], [-117.6272, 47.9177], [-117.649, 47.9178], [-117.6495, 47.9467]]]}, "properties": {"district": "Nine Mile Falls School District (WA)", "county": "Spokane"}}, {"type": "Feature", "geometry": {"type": "Polygon", "coordinates": [[[-122.3632, 49.0023], [-122.3624, 48.9933], [-122.3633, 48.971], [-122.3742, 48.9711], [-122.3751, 48.9419], [-122.3747, 48.9284], [-122.3788, 48.9229], [-122.3861, 48.9227], [-122.3863, 48.8932], [-122.3869, 48.8695], [-122.3328, 48.869], [-122.3339, 48.8765], [-122.3382, 48.8805], [-122.3367, 48.8838], [-122.2709, 48.8837], [-122.223, 48.8828], [-122.2221, 48.9207], [-122.1768, 48.9206], [-122.1762, 48.9354], [-122.1758, 48.9867], [-122.1762, 48.9898], [-122.1654, 48.9895], [-122.1615, 48.9925], [-122.1616, 48.9962], [-122.1449, 48.9961], [-122.1449, 49.0021], [-122.1001, 49.002], [-122.0092, 49.0011], [-121.9715, 49.0003], [-121.9721, 48.9923], [-121.9495, 48.9923], [-121.9393, 48.9916], [-121.8173, 48.9917], [-121.8085, 48.9922], [-121.679, 48.9922], [-121.5855, 48.9922], [-121.5855, 48.9068], [-121.5855, 48.8344], [-121.5854, 48.7588], [-121.5848, 48.744], [-121.5852, 48.7362], [-121.6523, 48.7234], [-121.6605, 48.7181], [-121.6702, 48.6686], [-121.6748, 48.6672], [-121.6791, 48.661], [-121.6786, 48.6535], [-121.6824, 48.6482], [-121.6906, 48.649], [-121.685, 48.6442], [-121.6731, 48.6528], [-121.6718, 48.6591], [-121.6657, 48.6673], [-121.6595, 48.6811], [-121.6613, 48.6872], [-121.6564, 48.6929], [-121.6576, 48.698], [-121.6546, 48.7055], [-121.6563, 48.7153], [-121.6519, 48.7202], [-121.6428, 48.7191], [-121.6259, 48.7201], [-121.6175, 48.7218], [-121.6105, 48.7211], [-121.6055, 48.725], [-121.5971, 48.7274], [-121.5914, 48.7257], [-121.5791, 48.7292], [-121.5702, 48.7354], [-121.5685, 48.7398], [-121.5638, 48.7411], [-121.5635, 48.7587], [-121.5636, 48.8177], [-121.4339, 48.8176], [-121.4339, 48.9281], [-121.4339, 48.9999], [-121.527, 48.9995], [-121.613, 48.999], [-121.7411, 48.9973], [-121.7596, 48.9973], [-121.9495, 49.0003], [-122.0981, 49.0024], [-122.2157, 49.0024], [-122.3632, 49.0023]]]}, "properties": {"district": "Nooksack Valley School District (WA)", "county": "Whatcom"}}, {"type": "Feature", "geometry": {"type": "Polygon", "coordinates": [[[-124.3054, 47.2446], [-124.3017, 47.2337], [-124.2959, 47.2125], [-124.2795, 47.1744], [-124.2737, 47.1651], [-124.2725, 47.1608], [-124.2737, 47.1481], [-124.2655, 47.1278], [-124.2596, 47.1168], [-124.2513, 47.0967], [-124.2493, 47.0845], [-124.2483, 47.0708], [-124.2441, 47.0587], [-124.244, 47.0189], [-124.2415, 46.9998], [-124.2429, 46.9898], [-124.2456, 46.979], [-124.247, 46.9681], [-124.2497, 46.9563], [-124.2497, 46.9464], [-124.2466, 46.9178], [-124.2411, 46.9029], [-124.1688, 46.9135], [-124.1556, 46.9141], [-124.1443, 46.9159], [-124.1283, 46.9197], [-124.1163, 46.9241], [-124.0901, 46.9317], [-124.0899, 46.9739], [-124.0894, 47.085], [-124.0874, 47.129], [-124.0459, 47.1281], [-124.0454, 47.1574], [-124.0448, 47.1726], [-124.0458, 47.1863], [-124.0462, 47.2118], [-124.0459, 47.2593], [-124.0546, 47.2594], [-124.0541, 47.2985], [-124.083, 47.2743], [-124.1092, 47.2498], [-124.1148, 47.2452], [-124.1642, 47.2443], [-124.1782, 47.2449], [-124.2181, 47.2447], [-124.3054, 47.2446]]]}, "properties": {"district": "North Beach School District (WA)", "county": "Grays Harbor"}}, {"type": "Feature", "geometry": {"type": "Polygon", "coordinates": [[[-119.4532, 46.6792], [-119.4573, 46.6756], [-119.4544, 46.67], [-119.4429, 46.6642], [-119.4333, 46.6605], [-119.4198, 46.657], [-119.413, 46.6526], [-119.4088, 46.6469], [-119.4071, 46.6404], [-119.4081, 46.6309], [-119.4068, 46.6197], [-119.403, 46.613], [-119.398, 46.6083], [-119.379, 46.5938], [-119.3674, 46.5827], [-119.3621, 46.5791], [-119.3469, 46.5715], [-119.3324, 46.5665], [-119.3267, 46.5632], [-119.3159, 46.5532], [-119.3052, 46.5394], [-119.2752, 46.5253], [-119.2703, 46.5213], [-119.2599, 46.4966], [-119.2588, 46.4864], [-119.2632, 46.4817], [-119.2634, 46.4763], [-119.2462, 46.4763], [-119.2429, 46.4874], [-119.2482, 46.4874], [-119.248, 46.4949], [-119.2376, 46.4947], [-119.2376, 46.4984], [-119.2163, 46.5054], [-119.2163, 46.508], [-119.1986, 46.5139], [-119.1987, 46.5053], [-119.19, 46.5099], [-119.1787, 46.5083], [-119.1793, 46.5016], [-119.1755, 46.498], [-119.1788, 46.4939], [-119.177, 46.4832], [-119.1701, 46.4753], [-119.1568, 46.4718], [-119.144, 46.47], [-119.1312, 46.4668], [-119.1282, 46.4636], [-119.1216, 46.4612], [-119.1198, 46.4556], [-119.1239, 46.45], [-119.1301, 46.4493], [-119.1285, 46.4454], [-119.1122, 46.4453], [-119.1125, 46.4381], [-119.0715, 46.4381], [-119.0668, 46.434], [-119.058, 46.4346], [-119.058, 46.431], [-119.0247, 46.4312], [-118.9834, 46.4311], [-118.9299, 46.43], [-118.9089, 46.4298], [-118.9092, 46.4151], [-118.909, 46.386], [-118.8669, 46.3852], [-118.8253, 46.3853], [-118.8042, 46.3853], [-118.8042, 46.3998], [-118.7831, 46.3998], [-118.7831, 46.4289], [-118.7834, 46.4723], [-118.7677, 46.4723], [-118.7677, 46.4686], [-118.7624, 46.4686], [-118.7625, 46.4722], [-118.7413, 46.4721], [-118.7418, 46.5305], [-118.7215, 46.5304], [-118.6796, 46.5297], [-118.6799, 46.5617], [-118.7122, 46.5619], [-118.713, 46.5763], [-118.692, 46.5762], [-118.6921, 46.5909], [-118.6711, 46.5907], [-118.6713, 46.6056], [-118.65, 46.6054], [-118.6503, 46.6346], [-118.6509, 46.6487], [-118.6932, 46.6488], [-118.6936, 46.7073], [-118.6517, 46.7073], [-118.6516, 46.7359], [-118.6939, 46.7359], [-118.6938, 46.7504], [-118.662, 46.7503], [-118.6303, 46.7506], [-118.6304, 46.758], [-118.6936, 46.758], [-118.6935, 46.7653], [-118.7134, 46.7652], [-118.7301, 46.7646], [-118.7301, 46.779], [-118.7512, 46.779], [-118.751, 46.7647], [-118.7724, 46.7643], [-118.8566, 46.7645], [-118.8779, 46.7648], [-118.8781, 46.8083], [-118.9629, 46.8094], [-118.963, 46.7947], [-118.9838, 46.7948], [-118.984, 46.7804], [-119.0271, 46.7806], [-119.0271, 46.7662], [-118.9844, 46.7657], [-118.9843, 46.7365], [-119.0275, 46.7373], [-119.1124, 46.7379], [-119.1135, 46.7083], [-119.1136, 46.6795], [-119.1557, 46.679], [-119.1763, 46.6792], [-119.202, 46.6785], [-119.2409, 46.678], [-119.3246, 46.6785], [-119.3692, 46.6782], [-119.4113, 46.6782], [-119.4324, 46.6785], [-119.4532, 46.6792]]]}, "properties": {"district": "North Franklin School District (WA)", "county": "Franklin"}}, {"type": "Feature", "geometry": {"type": "Polygon", "coordinates": [[[-122.7272, 47.7798], [-122.7055, 47.7722], [-122.7067, 47.7703], [-122.7152, 47.7681], [-122.7198, 47.7609], [-122.7218, 47.7498], [-122.7269, 47.7454], [-122.7339, 47.7436], [-122.731, 47.7393], [-122.7355, 47.7372], [-122.7253, 47.73], [-122.7036, 47.7299], [-122.7036, 47.7264], [-122.6812, 47.7263], [-122.6813, 47.7084], [-122.6707, 47.7085], [-122.6713, 47.6796], [-122.666, 47.6796], [-122.6621, 47.6723], [-122.6338, 47.6721], [-122.6339, 47.6685], [-122.6032, 47.6683], [-122.5971, 47.6747], [-122.587, 47.6791], [-122.58, 47.6852], [-122.5771, 47.6909], [-122.574, 47.7023], [-122.5688, 47.7098], [-122.5521, 47.7239], [-122.5438, 47.7266], [-122.4341, 47.7264], [-122.4299, 47.7353], [-122.4271, 47.7454], [-122.4281, 47.7581], [-122.4312, 47.7665], [-122.4381, 47.7778], [-122.4422, 47.7857], [-122.4422, 47.7984], [-122.4409, 47.8025], [-122.4296, 47.8281], [-122.4327, 47.842], [-122.4444, 47.8555], [-122.4729, 47.8805], [-122.4797, 47.8897], [-122.4855, 47.902], [-122.4898, 47.915], [-122.4949, 47.9233], [-122.5018, 47.9297], [-122.5106, 47.9337], [-122.5268, 47.9381], [-122.5647, 47.9476], [-122.5777, 47.9525], [-122.5847, 47.9561], [-122.6068, 47.973], [-122.6172, 47.9683], [-122.6278, 47.9604], [-122.6345, 47.9513], [-122.6374, 47.9417], [-122.6371, 47.9357], [-122.6338, 47.922], [-122.6307, 47.9151], [-122.6263, 47.9088], [-122.6181, 47.9033], [-122.6068, 47.8989], [-122.5994, 47.8939], [-122.5956, 47.8871], [-122.5955, 47.8823], [-122.5994, 47.8748], [-122.6263, 47.8584], [-122.6536, 47.8395], [-122.7027, 47.8049], [-122.7145, 47.7956], [-122.722, 47.7877], [-122.7272, 47.7798]]]}, "properties": {"district": "North Kitsap School District (WA)", "county": "Kitsap"}}, {"type": "Feature", "geometry": {"type": "Polygon", "coordinates": [[[-123.0384, 47.5202], [-123.0441, 47.4998], [-123.0819, 47.4604], [-123.0916, 47.4514], [-123.1002, 47.4417], [-123.113, 47.4238], [-123.1185, 47.4152], [-123.1263, 47.3969], [-123.1284, 47.385], [-123.1288, 47.3746], [-123.1281, 47.3633], [-123.0901, 47.3634], [-123.0716, 47.3596], [-123.0438, 47.3549], [-123.0344, 47.3551], [-123.0243, 47.3573], [-123.0159, 47.3626], [-123.0084, 47.3689], [-123.0026, 47.3765], [-122.9938, 47.3791], [-122.9939, 47.3609], [-122.9509, 47.3606], [-122.9509, 47.3748], [-122.9084, 47.3753], [-122.9082, 47.3457], [-122.8665, 47.3456], [-122.8657, 47.3603], [-122.817, 47.3602], [-122.8138, 47.3565], [-122.8031, 47.3531], [-122.801, 47.36], [-122.8012, 47.4036], [-122.8012, 47.4326], [-122.8005, 47.4473], [-122.8009, 47.4835], [-122.8013, 47.4908], [-122.801, 47.5204], [-122.8163, 47.5207], [-122.8159, 47.5352], [-122.821, 47.5353], [-122.821, 47.5425], [-122.864, 47.543], [-122.8648, 47.5213], [-122.9397, 47.5225], [-122.9719, 47.5214], [-122.9936, 47.5203], [-123.0384, 47.5202]]]}, "properties": {"district": "North Mason School District (WA)", "county": "Mason"}}, {"type": "Feature", "geometry": {"type": "Polygon", "coordinates": [[[-123.6512, 46.9082], [-123.6517, 46.8808], [-123.6512, 46.8663], [-123.6728, 46.8665], [-123.6721, 46.8516], [-123.6508, 46.8519], [-123.6498, 46.8237], [-123.6528, 46.8237], [-123.6528, 46.7932], [-123.632, 46.7936], [-123.611, 46.7932], [-123.5882, 46.7937], [-123.5881, 46.7794], [-123.5869, 46.7723], [-123.5879, 46.7651], [-123.5885, 46.7363], [-123.5879, 46.7072], [-123.5884, 46.6927], [-123.5066, 46.6923], [-123.4839, 46.6915], [-123.4734, 46.6922], [-123.4292, 46.6924], [-123.4043, 46.692], [-123.3679, 46.6922], [-123.3704, 46.7347], [-123.3727, 46.7347], [-123.3713, 46.7643], [-123.371, 46.7921], [-123.4016, 46.7928], [-123.4326, 46.7926], [-123.4537, 46.7928], [-123.4829, 46.7929], [-123.4829, 46.8239], [-123.4834, 46.8519], [-123.4832, 46.8676], [-123.5039, 46.8679], [-123.5877, 46.8674], [-123.5878, 46.9086], [-123.6085, 46.9087], [-123.6512, 46.9082]]]}, "properties": {"district": "North River School District (WA)", "county": "Pacific"}}, {"type": "Feature", "geometry": {"type": "Polygon", "coordinates": [[[-122.8366, 47.1875], [-122.8367, 47.138], [-122.8389, 47.1338], [-122.8442, 47.1311], [-122.8443, 47.1196], [-122.8651, 47.1197], [-122.8649, 47.0839], [-122.8651, 47.0544], [-122.8496, 47.0542], [-122.8487, 47.047], [-122.8518, 47.0468], [-122.8519, 47.0414], [-122.847, 47.0417], [-122.8469, 47.0325], [-122.8442, 47.0258], [-122.839, 47.0248], [-122.839, 47.0143], [-122.8496, 47.0144], [-122.8497, 47.0107], [-122.8443, 47.0107], [-122.8443, 46.9962], [-122.8446, 46.9815], [-122.8231, 46.9815], [-122.8231, 46.9669], [-122.8021, 46.9669], [-122.8021, 46.9598], [-122.7915, 46.9605], [-122.7914, 46.9669], [-122.7809, 46.9669], [-122.7817, 46.9871], [-122.7677, 46.9845], [-122.7676, 46.9887], [-122.7597, 46.9887], [-122.7597, 46.9923], [-122.7387, 46.9923], [-122.7386, 46.9995], [-122.7287, 46.9996], [-122.7191, 47.0015], [-122.716, 47.006], [-122.7067, 47.0035], [-122.7067, 47.0104], [-122.6963, 47.0105], [-122.6963, 47.0032], [-122.6752, 47.0032], [-122.675, 47.0104], [-122.6607, 47.0105], [-122.6716, 47.0149], [-122.6744, 47.0191], [-122.6732, 47.0247], [-122.6799, 47.0282], [-122.6795, 47.0328], [-122.6755, 47.0372], [-122.6768, 47.0427], [-122.6844, 47.0507], [-122.693, 47.0528], [-122.6903, 47.0577], [-122.6961, 47.0618], [-122.7031, 47.0646], [-122.701, 47.0687], [-122.704, 47.0719], [-122.7081, 47.0776], [-122.7058, 47.0827], [-122.7075, 47.0853], [-122.6972, 47.0896], [-122.697, 47.0943], [-122.6922, 47.0992], [-122.6982, 47.116], [-122.7174, 47.1188], [-122.7311, 47.1265], [-122.7595, 47.1413], [-122.7627, 47.1435], [-122.765, 47.149], [-122.7744, 47.1541], [-122.7894, 47.1686], [-122.7924, 47.1751], [-122.7986, 47.1787], [-122.8094, 47.1894], [-122.8206, 47.1942], [-122.8366, 47.1875]]]}, "properties": {"district": "North Thurston Public Schools (WA)", "county": "Thurston"}}, {"type": "Feature", "geometry": {"type": "Polygon", "coordinates": [[[-118.0399, 49.0002], [-118.0401, 48.9268], [-118.0405, 48.9117], [-118.0405, 48.8713], [-118.0408, 48.8283], [-118.0192, 48.8281], [-118.0194, 48.8137], [-117.9982, 48.8137], [-117.9896, 48.817], [-117.9893, 48.8019], [-117.9554, 48.8034], [-117.9554, 48.8023], [-117.8789, 48.8022], [-117.879, 48.8095], [-117.868, 48.8094], [-117.868, 48.8165], [-117.857, 48.8163], [-117.8568, 48.832], [-117.824, 48.8319], [-117.8241, 48.8392], [-117.8134, 48.8393], [-117.8135, 48.8466], [-117.8152, 48.8544], [-117.7945, 48.8551], [-117.796, 48.8626], [-117.775, 48.8629], [-117.7727, 48.8481], [-117.7624, 48.8484], [-117.7625, 48.8336], [-117.7339, 48.8346], [-117.7337, 48.8079], [-117.7341, 48.7928], [-117.6905, 48.7929], [-117.6907, 48.786], [-117.673, 48.786], [-117.6734, 48.768], [-117.6515, 48.768], [-117.6512, 48.786], [-117.564, 48.7861], [-117.5639, 48.8367], [-117.4985, 48.8369], [-117.4988, 48.8514], [-117.499, 48.9232], [-117.4304, 48.9232], [-117.43, 49.0005], [-117.6375, 49.0007], [-117.7734, 49.0005], [-117.8941, 49.0004], [-118.0399, 49.0002]]]}, "properties": {"district": "Northport School District (WA)", "county": "Stevens"}}, {"type": "Feature", "geometry": {"type": "Polygon", "coordinates": [[[-122.271, 47.7771], [-122.2707, 47.7567], [-122.267, 47.7521], [-122.2741, 47.745], [-122.2761, 47.7397], [-122.2698, 47.7335], [-122.2465, 47.7335], [-122.2143, 47.733], [-122.164, 47.7331], [-122.153, 47.7329], [-122.1534, 47.7186], [-122.1426, 47.7187], [-122.1428, 47.7113], [-122.1319, 47.7112], [-122.1316, 47.7183], [-122.1157, 47.7181], [-122.1159, 47.7127], [-122.1086, 47.7146], [-122.0996, 47.7145], [-122.0996, 47.7217], [-122.0968, 47.7254], [-122.0997, 47.7289], [-122.0905, 47.7291], [-122.0883, 47.7329], [-122.0548, 47.733], [-122.0332, 47.7324], [-122.0235, 47.7325], [-122.0247, 47.7473], [-122.0137, 47.7472], [-122.0135, 47.7582], [-122.0079, 47.7601], [-122.0077, 47.7754], [-122.0547, 47.7757], [-122.0876, 47.7761], [-122.0995, 47.7759], [-122.0994, 47.7904], [-122.1224, 47.7899], [-122.1276, 47.7919], [-122.1274, 47.7973], [-122.1327, 47.7974], [-122.1322, 47.8051], [-122.1435, 47.8048], [-122.1429, 47.8268], [-122.1427, 47.8304], [-122.1534, 47.8303], [-122.1533, 47.8342], [-122.2072, 47.8347], [-122.2074, 47.8284], [-122.202, 47.8283], [-122.202, 47.8225], [-122.2212, 47.8219], [-122.2276, 47.8265], [-122.2384, 47.8204], [-122.2385, 47.8172], [-122.2311, 47.812], [-122.2279, 47.8058], [-122.2493, 47.8061], [-122.2492, 47.7916], [-122.2706, 47.7921], [-122.2707, 47.7844], [-122.2731, 47.78], [-122.271, 47.7771]]]}, "properties": {"district": "Northshore School District (WA)", "county": "King"}}, {"type": "Feature", "geometry": {"type": "Polygon", "coordinates": [[[-122.8631, 48.3704], [-122.8627, 48.254], [-122.7462, 48.2537], [-122.7463, 48.2479], [-122.7334, 48.2479], [-122.7344, 48.2447], [-122.7462, 48.2445], [-122.7462, 48.2392], [-122.73, 48.2395], [-122.7311, 48.2541], [-122.7185, 48.2529], [-122.6999, 48.2529], [-122.7, 48.2467], [-122.6807, 48.2466], [-122.681, 48.234], [-122.6772, 48.2306], [-122.6059, 48.2361], [-122.5939, 48.2367], [-122.5837, 48.2399], [-122.5668, 48.2468], [-122.5439, 48.2491], [-122.5389, 48.2515], [-122.5185, 48.2588], [-122.5013, 48.2636], [-122.48, 48.2718], [-122.4605, 48.2753], [-122.4478, 48.2758], [-122.4251, 48.2753], [-122.4365, 48.2858], [-122.4528, 48.2956], [-122.4586, 48.2977], [-122.4806, 48.3039], [-122.4972, 48.3115], [-122.5055, 48.3193], [-122.5374, 48.3391], [-122.5539, 48.3543], [-122.5609, 48.368], [-122.5699, 48.3738], [-122.5748, 48.3813], [-122.5771, 48.3912], [-122.5807, 48.3962], [-122.5771, 48.4025], [-122.5773, 48.406], [-122.5839, 48.4104], [-122.585, 48.4149], [-122.591, 48.4176], [-122.597, 48.4172], [-122.603, 48.4146], [-122.6099, 48.4135], [-122.6196, 48.4097], [-122.6306, 48.4099], [-122.6392, 48.4063], [-122.6592, 48.4052], [-122.6638, 48.4114], [-122.6674, 48.4126], [-122.6764, 48.4121], [-122.6917, 48.4101], [-122.7352, 48.4059], [-122.7397, 48.4055], [-122.7412, 48.3972], [-122.7446, 48.3873], [-122.7495, 48.3803], [-122.7567, 48.3748], [-122.7639, 48.3715], [-122.7713, 48.3699], [-122.7834, 48.3689], [-122.8146, 48.3694], [-122.8364, 48.3709], [-122.8553, 48.3714], [-122.8631, 48.3704]]]}, "properties": {"district": "Oak Harbor School District (WA)", "county": "Island"}}, {"type": "Feature", "geometry": {"type": "Polygon", "coordinates": [[[-117.215, 47.2596], [-117.2152, 47.2479], [-117.2098, 47.2479], [-117.2097, 47.2405], [-117.2366, 47.2404], [-117.2366, 47.2331], [-117.2582, 47.2331], [-117.2581, 47.2185], [-117.2688, 47.2184], [-117.2686, 47.1965], [-117.3009, 47.1965], [-117.3008, 47.1818], [-117.3226, 47.1818], [-117.3224, 47.1525], [-117.3642, 47.1522], [-117.3646, 47.1484], [-117.3645, 47.123], [-117.3539, 47.123], [-117.3538, 47.1116], [-117.3643, 47.1107], [-117.3697, 47.112], [-117.3697, 47.1047], [-117.3804, 47.1048], [-117.3821, 47.0968], [-117.3875, 47.0905], [-117.4018, 47.0876], [-117.4017, 47.0788], [-117.3963, 47.0788], [-117.3965, 47.0715], [-117.3857, 47.0715], [-117.3856, 47.079], [-117.382, 47.082], [-117.3862, 47.0878], [-117.3815, 47.0902], [-117.3749, 47.0904], [-117.3751, 47.0974], [-117.3617, 47.0974], [-117.3603, 47.0869], [-117.3636, 47.0868], [-117.3628, 47.0799], [-117.3411, 47.0799], [-117.341, 47.0651], [-117.3314, 47.0648], [-117.3314, 47.0574], [-117.3314, 47.05], [-117.2982, 47.0495], [-117.2981, 47.0347], [-117.2771, 47.0352], [-117.2546, 47.0353], [-117.255, 47.0204], [-117.244, 47.0204], [-117.2437, 47.0351], [-117.2328, 47.035], [-117.2328, 47.0422], [-117.2437, 47.0423], [-117.2437, 47.0494], [-117.2234, 47.0494], [-117.2234, 47.0642], [-117.1819, 47.0647], [-117.182, 47.0721], [-117.1714, 47.0722], [-117.1377, 47.0716], [-117.139, 47.0942], [-117.1282, 47.0942], [-117.1276, 47.0866], [-117.1171, 47.0867], [-117.1167, 47.0565], [-117.1066, 47.0563], [-117.0743, 47.0567], [-117.0743, 47.0494], [-117.0397, 47.0489], [-117.0397, 47.1231], [-117.0849, 47.1235], [-117.1386, 47.1236], [-117.1386, 47.1599], [-117.139, 47.1745], [-117.1498, 47.1745], [-117.1499, 47.1819], [-117.1932, 47.182], [-117.1935, 47.2259], [-117.1931, 47.2597], [-117.215, 47.2596]]]}, "properties": {"district": "Oakesdale School District (WA)", "county": "Whitman"}}, {"type": "Feature", "geometry": {"type": "Polygon", "coordinates": [[[-123.1606, 46.9097], [-123.1814, 46.9099], [-123.2024, 46.9096], [-123.2436, 46.91], [-123.2644, 46.9098], [-123.3052, 46.9105], [-123.3033, 46.9069], [-123.2958, 46.9027], [-123.3284, 46.9032], [-123.3285, 46.9024], [-123.3494, 46.9022], [-123.3692, 46.9025], [-123.3696, 46.8953], [-123.4011, 46.8951], [-123.4013, 46.8805], [-123.4031, 46.852], [-123.4035, 46.8377], [-123.4551, 46.8374], [-123.4537, 46.7928], [-123.4326, 46.7926], [-123.4016, 46.7928], [-123.371, 46.7921], [-123.3713, 46.7643], [-123.3727, 46.7347], [-123.3704, 46.7347], [-123.3305, 46.7363], [-123.3302, 46.75], [-123.3201, 46.7506], [-123.2875, 46.7511], [-123.2877, 46.7652], [-123.2771, 46.7652], [-123.277, 46.7794], [-123.2665, 46.7795], [-123.2665, 46.7867], [-123.2563, 46.7865], [-123.2563, 46.7928], [-123.2513, 46.7935], [-123.2258, 46.7934], [-123.2029, 46.7944], [-123.182, 46.794], [-123.182, 46.8028], [-123.172, 46.7995], [-123.1635, 46.7984], [-123.1606, 46.8033], [-123.1605, 46.8366], [-123.1608, 46.851], [-123.1603, 46.8652], [-123.1606, 46.9097]]]}, "properties": {"district": "Oakville School District (WA)", "county": "Grays Harbor"}}, {"type": "Feature", "geometry": {"type": "Polygon", "coordinates": [[[-124.1611, 46.7134], [-124.157, 46.7022], [-124.1547, 46.6909], [-124.1485, 46.6792], [-124.1453, 46.6705], [-124.1488, 46.661], [-124.1494, 46.6475], [-124.1468, 46.6381], [-124.1433, 46.6312], [-124.1426, 46.6156], [-124.143, 46.6069], [-124.1418, 46.5852], [-124.1371, 46.558], [-124.1353, 46.5423], [-124.1353, 46.531], [-124.1334, 46.5068], [-124.1339, 46.4957], [-124.1324, 46.4781], [-124.1316, 46.4551], [-124.13, 46.427], [-124.132, 46.3779], [-124.1329, 46.3662], [-124.1352, 46.3494], [-124.1396, 46.3402], [-124.1432, 46.3287], [-124.1441, 46.3219], [-124.1467, 46.3171], [-124.1502, 46.3064], [-124.1535, 46.302], [-124.1543, 46.2952], [-124.1594, 46.2864], [-124.1626, 46.2717], [-124.1596, 46.2611], [-124.0662, 46.263], [-124.036, 46.2642], [-124.0357, 46.2715], [-124.0338, 46.2773], [-124.0388, 46.2837], [-124.0356, 46.2968], [-124.0249, 46.2991], [-124.0149, 46.2932], [-124.0097, 46.2832], [-124.0036, 46.2747], [-123.986, 46.2728], [-123.9763, 46.2699], [-123.9576, 46.2602], [-123.9464, 46.2498], [-123.9305, 46.2388], [-123.8719, 46.2349], [-123.8501, 46.2406], [-123.8502, 46.2696], [-123.8498, 46.3319], [-123.8488, 46.3788], [-123.8698, 46.3791], [-123.8688, 46.4074], [-123.8587, 46.4073], [-123.8586, 46.4147], [-123.8481, 46.4146], [-123.847, 46.4394], [-123.8299, 46.4398], [-123.81, 46.4393], [-123.81, 46.4577], [-123.8311, 46.4575], [-123.8457, 46.458], [-123.888, 46.4582], [-123.8876, 46.4732], [-123.8973, 46.4736], [-123.9176, 46.4734], [-123.9179, 46.481], [-123.9167, 46.5321], [-123.955, 46.5369], [-123.965, 46.5659], [-123.9761, 46.5885], [-123.9826, 46.6005], [-123.9859, 46.604], [-124.0013, 46.6166], [-124.0013, 46.6766], [-124.0191, 46.6871], [-124.0227, 46.6933], [-124.0286, 46.6984], [-124.0365, 46.7034], [-124.0525, 46.7112], [-124.064, 46.7149], [-124.0857, 46.7172], [-124.1019, 46.7173], [-124.1145, 46.7168], [-124.1611, 46.7134]]]}, "properties": {"district": "Ocean Beach School District (WA)", "county": "Pacific"}}, {"type": "Feature", "geometry": {"type": "Polygon", "coordinates": [[[-124.2411, 46.9029], [-124.2344, 46.8912], [-124.2262, 46.8853], [-124.2095, 46.8748], [-124.2068, 46.8707], [-124.1987, 46.854], [-124.1946, 46.8441], [-124.1919, 46.8323], [-124.1878, 46.8204], [-124.1812, 46.7937], [-124.1751, 46.7937], [-124.1724, 46.7751], [-124.1709, 46.7585], [-124.1715, 46.7472], [-124.168, 46.7287], [-124.1611, 46.7134], [-124.1145, 46.7168], [-124.1019, 46.7173], [-124.0857, 46.7172], [-124.064, 46.7149], [-124.0525, 46.7112], [-124.0365, 46.7034], [-124.0286, 46.6984], [-124.0227, 46.6933], [-124.0191, 46.6871], [-124.0013, 46.6766], [-123.9963, 46.6858], [-123.9908, 46.6904], [-123.9763, 46.6975], [-123.9671, 46.7002], [-123.9468, 46.7043], [-123.9202, 46.7071], [-123.9215, 46.7276], [-123.9143, 46.7266], [-123.9129, 46.7306], [-123.9162, 46.7364], [-123.9165, 46.75], [-123.9152, 46.7926], [-123.8866, 46.7929], [-123.877, 46.7919], [-123.8565, 46.7916], [-123.7984, 46.7926], [-123.7984, 46.807], [-123.7559, 46.8074], [-123.7558, 46.8506], [-123.791, 46.8505], [-123.819, 46.8506], [-123.8498, 46.8501], [-123.8528, 46.8506], [-123.8527, 46.8797], [-123.873, 46.8797], [-123.8917, 46.8803], [-123.8928, 46.8945], [-123.8927, 46.9086], [-123.8608, 46.9085], [-123.8605, 46.9516], [-123.9223, 46.952], [-123.9223, 46.9514], [-123.9913, 46.944], [-124.0316, 46.9399], [-124.0481, 46.9386], [-124.079, 46.9347], [-124.0901, 46.9317], [-124.1163, 46.9241], [-124.1283, 46.9197], [-124.1443, 46.9159], [-124.1556, 46.9141], [-124.1688, 46.9135], [-124.2411, 46.9029]]]}, "properties": {"district": "Ocosta School District (WA)", "county": "Grays Harbor"}}, {"type": "Feature", "geometry": {"type": "Polygon", "coordinates": [[[-119.065, 47.2765], [-119.0648, 47.2472], [-119.0654, 47.2032], [-119.0441, 47.2031], [-118.9799, 47.2034], [-118.9589, 47.2019], [-118.9586, 47.1875], [-118.8846, 47.1876], [-118.885, 47.1589], [-118.8531, 47.1589], [-118.8535, 47.1298], [-118.8108, 47.1301], [-118.8105, 47.159], [-118.7469, 47.1589], [-118.7471, 47.167], [-118.7512, 47.176], [-118.7403, 47.1764], [-118.7406, 47.1909], [-118.7298, 47.1914], [-118.73, 47.1767], [-118.7277, 47.1666], [-118.7271, 47.1303], [-118.6436, 47.1308], [-118.6439, 47.1693], [-118.6436, 47.1916], [-118.665, 47.1916], [-118.6649, 47.1989], [-118.6541, 47.1989], [-118.654, 47.2064], [-118.6433, 47.2063], [-118.6434, 47.199], [-118.6112, 47.1987], [-118.6112, 47.206], [-118.5683, 47.2059], [-118.5678, 47.235], [-118.5566, 47.2351], [-118.5562, 47.2492], [-118.5573, 47.2611], [-118.4874, 47.261], [-118.4447, 47.2608], [-118.4447, 47.2681], [-118.4231, 47.268], [-118.4226, 47.3042], [-118.4223, 47.319], [-118.4448, 47.3198], [-118.4428, 47.3266], [-118.4443, 47.348], [-118.4446, 47.37], [-118.455, 47.37], [-118.4549, 47.3773], [-118.4338, 47.3771], [-118.4336, 47.4065], [-118.4646, 47.4065], [-118.4639, 47.4501], [-118.4855, 47.4506], [-118.5069, 47.4503], [-118.507, 47.4577], [-118.5391, 47.4576], [-118.5392, 47.4944], [-118.5719, 47.4947], [-118.5708, 47.5083], [-118.5709, 47.5512], [-118.5705, 47.5802], [-118.6355, 47.5809], [-118.6355, 47.5518], [-118.6783, 47.552], [-118.6783, 47.5375], [-118.721, 47.5375], [-118.7209, 47.523], [-118.7423, 47.5232], [-118.807, 47.5228], [-118.8494, 47.5229], [-118.8496, 47.5447], [-118.9142, 47.5456], [-118.9136, 47.5227], [-118.914, 47.5092], [-118.9354, 47.5094], [-118.9353, 47.4948], [-118.9676, 47.495], [-118.9672, 47.4676], [-118.9675, 47.4221], [-118.9567, 47.4217], [-118.8926, 47.4213], [-118.8931, 47.4068], [-118.8938, 47.3637], [-118.9148, 47.3633], [-118.9577, 47.3635], [-118.9787, 47.3642], [-118.9852, 47.3679], [-119.0429, 47.3859], [-119.043, 47.3565], [-119.0216, 47.3565], [-119.0217, 47.3345], [-119.0644, 47.3345], [-119.0646, 47.296], [-119.065, 47.2765]]]}, "properties": {"district": "Odessa School District (WA)", "county": "Lincoln"}}, {"type": "Feature", "geometry": {"type": "Polygon", "coordinates": [[[-119.8847, 48.4531], [-119.8846, 48.4242], [-119.8853, 48.4106], [-119.8845, 48.3895], [-119.8852, 48.3516], [-119.8849, 48.3226], [-119.8857, 48.3088], [-119.8847, 48.2936], [-119.8846, 48.279], [-119.8642, 48.2791], [-119.8639, 48.2363], [-119.7553, 48.2358], [-119.7552, 48.2068], [-119.733, 48.207], [-119.7331, 48.196], [-119.7168, 48.1961], [-119.7167, 48.2069], [-119.7067, 48.2066], [-119.6815, 48.1914], [-119.6788, 48.1871], [-119.6793, 48.1783], [-119.6728, 48.1685], [-119.6603, 48.1684], [-119.6603, 48.1649], [-119.5797, 48.1648], [-119.5794, 48.1358], [-119.5796, 48.1216], [-119.5794, 48.0779], [-119.5145, 48.0778], [-119.501, 48.0824], [-119.4928, 48.082], [-119.4842, 48.0787], [-119.4728, 48.0782], [-119.4669, 48.0803], [-119.4499, 48.0781], [-119.4452, 48.0792], [-119.4363, 48.0767], [-119.4233, 48.0626], [-119.4088, 48.0547], [-119.4041, 48.051], [-119.3962, 48.0498], [-119.3705, 48.0527], [-119.3558, 48.0517], [-119.3412, 48.0498], [-119.3351, 48.0533], [-119.3323, 48.0574], [-119.3279, 48.0703], [-119.3297, 48.0807], [-119.3275, 48.0967], [-119.3171, 48.106], [-119.3073, 48.1118], [-119.2986, 48.1155], [-119.2886, 48.114], [-119.2694, 48.1046], [-119.2569, 48.102], [-119.2469, 48.1047], [-119.2376, 48.1094], [-119.233, 48.1133], [-119.2334, 48.1567], [-119.2332, 48.1953], [-119.2335, 48.2506], [-119.2334, 48.3095], [-119.2351, 48.3095], [-119.2351, 48.3527], [-119.3382, 48.3532], [-119.4413, 48.3537], [-119.4412, 48.3528], [-119.4953, 48.3533], [-119.4949, 48.3966], [-119.5308, 48.3968], [-119.5453, 48.3954], [-119.5872, 48.3954], [-119.5872, 48.4243], [-119.6034, 48.4243], [-119.6032, 48.4535], [-119.6468, 48.4529], [-119.6469, 48.4819], [-119.6578, 48.482], [-119.6576, 48.4965], [-119.663, 48.4966], [-119.6631, 48.5004], [-119.6685, 48.5004], [-119.6688, 48.5109], [-119.6907, 48.511], [-119.7667, 48.5106], [-119.7659, 48.482], [-119.7553, 48.4818], [-119.7551, 48.453], [-119.7883, 48.4525], [-119.7988, 48.4531], [-119.8423, 48.4529], [-119.8847, 48.4531]]]}, "properties": {"district": "Okanogan School District (WA)", "county": "Okanogan"}}, {"type": "Feature", "geometry": {"type": "Polygon", "coordinates": [[[-123.201, 47.0681], [-123.2008, 47.0535], [-123.2013, 47.0247], [-123.2009, 47.0104], [-123.2031, 46.997], [-123.1805, 46.9967], [-123.1584, 46.9959], [-123.1375, 46.9955], [-123.1369, 47.0097], [-123.1164, 47.0091], [-123.0767, 47.0105], [-123.0549, 47.0096], [-123.0234, 47.0109], [-123.0078, 47.0109], [-123.0024, 47.0071], [-122.9917, 47.007], [-122.9917, 47.0179], [-122.9711, 47.0181], [-122.9711, 47.0253], [-122.9048, 47.0252], [-122.8968, 47.0234], [-122.8966, 47.0166], [-122.8861, 47.0162], [-122.8887, 47.0054], [-122.8915, 47.0009], [-122.8969, 47.0017], [-122.8969, 46.9962], [-122.8757, 46.9963], [-122.8757, 46.9927], [-122.8519, 46.9923], [-122.8519, 46.9963], [-122.8443, 46.9962], [-122.8443, 47.0107], [-122.8497, 47.0107], [-122.8496, 47.0144], [-122.839, 47.0143], [-122.839, 47.0248], [-122.8442, 47.0258], [-122.8469, 47.0325], [-122.847, 47.0417], [-122.8519, 47.0414], [-122.8518, 47.0468], [-122.8487, 47.047], [-122.8496, 47.0542], [-122.8651, 47.0544], [-122.8649, 47.0839], [-122.8651, 47.1197], [-122.8443, 47.1196], [-122.8442, 47.1311], [-122.8389, 47.1338], [-122.8367, 47.138], [-122.8366, 47.1875], [-122.8479, 47.1754], [-122.8597, 47.167], [-122.865, 47.1654], [-122.8714, 47.1611], [-122.8799, 47.1583], [-122.9035, 47.1575], [-122.9075, 47.1649], [-122.9098, 47.165], [-122.9218, 47.1546], [-122.938, 47.1426], [-122.9474, 47.1343], [-122.9545, 47.1245], [-122.9548, 47.1188], [-122.9509, 47.1116], [-122.9505, 47.1078], [-122.9566, 47.1017], [-122.9692, 47.0944], [-123.0013, 47.0783], [-123.0077, 47.0762], [-123.0097, 47.0734], [-123.0113, 47.0655], [-123.009, 47.0614], [-123.0013, 47.0582], [-122.999, 47.0558], [-123.0022, 47.0519], [-123.0022, 47.0469], [-123.0126, 47.0469], [-123.0125, 47.0541], [-123.0335, 47.0535], [-123.0541, 47.0536], [-123.0549, 47.0427], [-123.058, 47.0408], [-123.0756, 47.0401], [-123.0804, 47.0417], [-123.08, 47.046], [-123.0749, 47.0463], [-123.0746, 47.0533], [-123.0934, 47.0531], [-123.1165, 47.0564], [-123.1369, 47.0533], [-123.1378, 47.0684], [-123.1589, 47.0687], [-123.1802, 47.0681], [-123.201, 47.0681]]]}, "properties": {"district": "Olympia School District (WA)", "county": "Thurston"}}, {"type": "Feature", "geometry": {"type": "Polygon", "coordinates": [[[-120.0353, 48.6119], [-120.0353, 48.4824], [-120.0135, 48.4826], [-119.9938, 48.4818], [-119.9067, 48.4818], [-119.8846, 48.4819], [-119.8847, 48.4531], [-119.8423, 48.4529], [-119.7988, 48.4531], [-119.7883, 48.4525], [-119.7551, 48.453], [-119.7553, 48.4818], [-119.7659, 48.482], [-119.7667, 48.5106], [-119.6907, 48.511], [-119.6688, 48.5109], [-119.6685, 48.5004], [-119.6631, 48.5004], [-119.663, 48.4966], [-119.6576, 48.4965], [-119.6578, 48.482], [-119.6469, 48.4819], [-119.6468, 48.4529], [-119.6032, 48.4535], [-119.6034, 48.4243], [-119.5872, 48.4243], [-119.5872, 48.3954], [-119.5453, 48.3954], [-119.5308, 48.3968], [-119.4949, 48.3966], [-119.4953, 48.3533], [-119.4412, 48.3528], [-119.4413, 48.3537], [-119.3382, 48.3532], [-119.2351, 48.3527], [-119.2351, 48.3095], [-119.2334, 48.3095], [-119.1696, 48.3093], [-119.1052, 48.3097], [-119.1049, 48.3673], [-119.1051, 48.4252], [-119.1049, 48.4376], [-119.1049, 48.4821], [-119.1269, 48.4822], [-119.1964, 48.4818], [-119.196, 48.4965], [-119.196, 48.5687], [-119.2392, 48.5688], [-119.2853, 48.5683], [-119.3926, 48.5681], [-119.3925, 48.5824], [-119.4363, 48.5827], [-119.458, 48.5824], [-119.4919, 48.5828], [-119.5239, 48.5834], [-119.535, 48.5782], [-119.5436, 48.5712], [-119.5437, 48.5579], [-119.5602, 48.5579], [-119.5601, 48.5649], [-119.5665, 48.565], [-119.5659, 48.5834], [-119.577, 48.5834], [-119.5768, 48.5909], [-119.5712, 48.5908], [-119.5711, 48.5945], [-119.5771, 48.5945], [-119.577, 48.5981], [-119.5822, 48.5981], [-119.5822, 48.5945], [-119.5878, 48.5945], [-119.5878, 48.5872], [-119.5935, 48.5873], [-119.5937, 48.5837], [-119.5822, 48.5838], [-119.5823, 48.5689], [-119.5879, 48.569], [-119.5878, 48.5616], [-119.5819, 48.5616], [-119.5819, 48.5506], [-119.5876, 48.5507], [-119.5874, 48.5399], [-119.6036, 48.5399], [-119.6038, 48.5693], [-119.6473, 48.5691], [-119.669, 48.5693], [-119.6687, 48.5835], [-119.6903, 48.5837], [-119.6908, 48.6128], [-119.7122, 48.6123], [-119.7554, 48.6125], [-119.7557, 48.6113], [-119.8209, 48.6111], [-119.8209, 48.6119], [-120.0087, 48.6119], [-120.0124, 48.6112], [-120.0353, 48.6119]]]}, "properties": {"district": "Omak School District (WA)", "county": "Okanogan"}}, {"type": "Feature", "geometry": {"type": "Polygon", "coordinates": [[[-122.6781, 46.7636], [-122.6779, 46.7564], [-122.6796, 46.7484], [-122.6792, 46.7345], [-122.658, 46.7341], [-122.6588, 46.7046], [-122.657, 46.6907], [-122.6564, 46.6481], [-122.7507, 46.6483], [-122.7508, 46.6337], [-122.7613, 46.6336], [-122.7612, 46.6047], [-122.7821, 46.6051], [-122.8032, 46.6049], [-122.8243, 46.6052], [-122.8243, 46.5834], [-122.8296, 46.5833], [-122.8295, 46.5616], [-122.8243, 46.5615], [-122.8238, 46.5577], [-122.7772, 46.5576], [-122.7773, 46.5322], [-122.7405, 46.5322], [-122.7406, 46.4828], [-122.7309, 46.4832], [-122.7208, 46.4861], [-122.7126, 46.4863], [-122.7008, 46.4892], [-122.6891, 46.4941], [-122.6793, 46.496], [-122.6775, 46.4998], [-122.6826, 46.5041], [-122.682, 46.5078], [-122.6783, 46.5093], [-122.6782, 46.525], [-122.6574, 46.5248], [-122.6573, 46.5319], [-122.6469, 46.5319], [-122.6466, 46.5429], [-122.6361, 46.543], [-122.636, 46.5538], [-122.6054, 46.554], [-122.6051, 46.561], [-122.573, 46.5609], [-122.573, 46.5681], [-122.5327, 46.5684], [-122.5264, 46.5704], [-122.5227, 46.5757], [-122.5119, 46.5821], [-122.506, 46.5846], [-122.4952, 46.5869], [-122.495, 46.5923], [-122.4876, 46.5941], [-122.4767, 46.5982], [-122.4689, 46.5941], [-122.4691, 46.6037], [-122.4291, 46.6034], [-122.4019, 46.6029], [-122.3657, 46.6026], [-122.3661, 46.6484], [-122.3597, 46.6485], [-122.36, 46.6711], [-122.3601, 46.7218], [-122.3604, 46.7344], [-122.3987, 46.7338], [-122.4447, 46.7342], [-122.4868, 46.734], [-122.4868, 46.762], [-122.5497, 46.7634], [-122.571, 46.7633], [-122.6158, 46.7622], [-122.6368, 46.7628], [-122.6476, 46.7633], [-122.6781, 46.7636]]]}, "properties": {"district": "Onalaska School District (WA)", "county": "Lewis"}}, {"type": "Feature", "geometry": {"type": "Polygon", "coordinates": [[[-117.8789, 48.8022], [-117.8789, 48.7712], [-117.8798, 48.7436], [-117.8465, 48.7439], [-117.8247, 48.7437], [-117.8242, 48.7286], [-117.8243, 48.6991], [-117.7585, 48.6992], [-117.7583, 48.75], [-117.7564, 48.75], [-117.7562, 48.7643], [-117.7342, 48.764], [-117.7341, 48.7928], [-117.7337, 48.8079], [-117.7339, 48.8346], [-117.7625, 48.8336], [-117.7624, 48.8484], [-117.7727, 48.8481], [-117.775, 48.8629], [-117.796, 48.8626], [-117.7945, 48.8551], [-117.8152, 48.8544], [-117.8135, 48.8466], [-117.8134, 48.8393], [-117.8241, 48.8392], [-117.824, 48.8319], [-117.8568, 48.832], [-117.857, 48.8163], [-117.868, 48.8165], [-117.868, 48.8094], [-117.879, 48.8095], [-117.8789, 48.8022]]]}, "properties": {"district": "Onion Creek School District (WA)", "county": "Stevens"}}, {"type": "Feature", "geometry": {"type": "Polygon", "coordinates": [[[-123.0085, 48.8312], [-123.0085, 48.7671], [-123.126, 48.7341], [-123.1253, 48.7333], [-123.0858, 48.6742], [-123.0735, 48.6586], [-123.0631, 48.6483], [-123.0578, 48.6452], [-123.0624, 48.6384], [-123.0676, 48.6248], [-123.0648, 48.6075], [-123.0495, 48.5947], [-123.0318, 48.5807], [-123.011, 48.5893], [-123.0013, 48.5901], [-122.978, 48.5944], [-122.9631, 48.5977], [-122.9462, 48.5937], [-122.9267, 48.5884], [-122.8805, 48.5848], [-122.8763, 48.5761], [-122.8676, 48.5751], [-122.8594, 48.5727], [-122.8538, 48.5691], [-122.8439, 48.5589], [-122.8381, 48.5516], [-122.834, 48.5417], [-122.827, 48.5338], [-122.8063, 48.5296], [-122.7956, 48.5295], [-122.7445, 48.526], [-122.7486, 48.5335], [-122.75, 48.5414], [-122.751, 48.5584], [-122.7603, 48.5812], [-122.7639, 48.5926], [-122.7644, 48.6006], [-122.7613, 48.6075], [-122.7555, 48.6146], [-122.7423, 48.6265], [-122.7305, 48.6351], [-122.7137, 48.6451], [-122.7087, 48.6498], [-122.7042, 48.6572], [-122.7033, 48.6639], [-122.706, 48.6707], [-122.7489, 48.7226], [-122.757, 48.7258], [-122.7731, 48.7396], [-122.7784, 48.7465], [-122.7881, 48.7565], [-122.7993, 48.7643], [-122.8123, 48.7718], [-122.8372, 48.7807], [-122.8611, 48.7873], [-122.8782, 48.7905], [-122.921, 48.804], [-122.9767, 48.8215], [-123.0085, 48.8312]]]}, "properties": {"district": "Orcas Island School District (WA)", "county": "San Juan"}}, {"type": "Feature", "geometry": {"type": "Polygon", "coordinates": [[[-117.3471, 47.7436], [-117.3468, 47.7292], [-117.3361, 47.7293], [-117.3359, 47.7221], [-117.3469, 47.722], [-117.3468, 47.715], [-117.3359, 47.7146], [-117.3038, 47.7148], [-117.2829, 47.7148], [-117.2829, 47.744], [-117.3471, 47.7436]]]}, "properties": {"district": "Orchard Prairie School District (WA)", "county": "Spokane"}}, {"type": "Feature", "geometry": {"type": "Polygon", "coordinates": [[[-118.3704, 49.0001], [-118.3705, 48.9221], [-118.3702, 48.853], [-118.3704, 48.8284], [-118.4083, 48.8286], [-118.4405, 48.8285], [-118.4419, 48.8265], [-118.4421, 48.7591], [-118.4418, 48.741], [-118.4418, 48.7409], [-118.3252, 48.7407], [-118.2864, 48.7404], [-118.1734, 48.7406], [-118.1734, 48.7551], [-118.1294, 48.7551], [-118.1223, 48.7499], [-118.1227, 48.7458], [-118.13, 48.7447], [-118.1288, 48.7399], [-118.1248, 48.7367], [-118.1184, 48.7376], [-118.1179, 48.7345], [-118.1261, 48.7277], [-118.1258, 48.7247], [-118.1193, 48.7189], [-118.1207, 48.713], [-118.1182, 48.7083], [-118.121, 48.7023], [-118.1143, 48.6839], [-118.1185, 48.6793], [-118.1164, 48.674], [-118.103, 48.6738], [-118.0828, 48.6724], [-118.0573, 48.6727], [-118.0385, 48.675], [-118.0282, 48.6805], [-118.0248, 48.6912], [-118.0289, 48.6999], [-118.035, 48.7081], [-118.0493, 48.7254], [-118.0573, 48.7367], [-118.0594, 48.7471], [-118.0523, 48.7575], [-118.0427, 48.7642], [-118.0292, 48.7699], [-118.0183, 48.7729], [-118.0127, 48.7757], [-118.0098, 48.7805], [-118.0082, 48.7916], [-118.0115, 48.7979], [-118.0128, 48.8038], [-118.0057, 48.8101], [-117.9982, 48.8137], [-118.0194, 48.8137], [-118.0192, 48.8281], [-118.0408, 48.8283], [-118.0405, 48.8713], [-118.0405, 48.9117], [-118.0401, 48.9268], [-118.0399, 49.0002], [-118.1732, 49.0001], [-118.2868, 49.0001], [-118.3704, 49.0001]]]}, "properties": {"district": "Orient School District (WA)", "county": "Ferry"}}, {"type": "Feature", "geometry": {"type": "Polygon", "coordinates": [[[-120.185, 47.7615], [-120.1914, 47.7595], [-120.2069, 47.7506], [-120.2157, 47.7409], [-120.2202, 47.7333], [-120.2229, 47.7233], [-120.2212, 47.719], [-120.2159, 47.7148], [-120.2124, 47.7085], [-120.2052, 47.7021], [-120.1997, 47.688], [-120.1991, 47.6823], [-120.2046, 47.6716], [-120.2168, 47.6637], [-120.2202, 47.6581], [-120.2209, 47.6503], [-120.2274, 47.6473], [-120.2339, 47.638], [-120.2369, 47.6318], [-120.238, 47.6249], [-120.2351, 47.6212], [-120.2366, 47.6093], [-120.2359, 47.6032], [-120.2336, 47.5976], [-120.2372, 47.5933], [-120.2384, 47.5863], [-120.2445, 47.5791], [-120.1973, 47.5795], [-120.197, 47.6125], [-120.1779, 47.6125], [-120.1775, 47.627], [-120.1761, 47.6343], [-120.1558, 47.6343], [-120.1549, 47.6563], [-120.176, 47.6562], [-120.1757, 47.6712], [-120.1768, 47.6853], [-120.1766, 47.7], [-120.1333, 47.7001], [-120.1331, 47.7219], [-120.1148, 47.7219], [-120.1149, 47.7577], [-120.0936, 47.7578], [-120.0936, 47.7635], [-120.1071, 47.771], [-120.1159, 47.7744], [-120.1309, 47.7766], [-120.1431, 47.7742], [-120.1617, 47.7679], [-120.185, 47.7615]]]}, "properties": {"district": "Orondo School District (WA)", "county": "Douglas"}}, {"type": "Feature", "geometry": {"type": "Polygon", "coordinates": [[[-119.7017, 49.0001], [-119.7032, 48.9927], [-119.7017, 48.9888], [-119.7062, 48.9862], [-119.7096, 48.9883], [-119.7162, 48.9889], [-119.7162, 48.9839], [-119.707, 48.9812], [-119.705, 48.9762], [-119.7077, 48.9739], [-119.7093, 48.9659], [-119.6919, 48.9553], [-119.6885, 48.9504], [-119.6797, 48.9504], [-119.6733, 48.9442], [-119.6669, 48.9456], [-119.6685, 48.9372], [-119.6562, 48.9382], [-119.6543, 48.9287], [-119.6242, 48.9287], [-119.624, 48.9158], [-119.561, 48.9157], [-119.5609, 48.8863], [-119.5389, 48.8863], [-119.5389, 48.8718], [-119.5224, 48.8718], [-119.5225, 48.8572], [-119.4729, 48.8574], [-119.4731, 48.8429], [-119.4512, 48.8429], [-119.4513, 48.8286], [-119.4076, 48.8287], [-119.3857, 48.8293], [-119.3855, 48.8436], [-119.3636, 48.8432], [-119.3635, 48.8579], [-119.2982, 48.8581], [-119.2322, 48.8579], [-119.2322, 48.8569], [-119.209, 48.8567], [-119.1654, 48.8566], [-119.1653, 48.8422], [-119.0548, 48.8422], [-119.0546, 48.8275], [-118.9888, 48.8273], [-118.9671, 48.8275], [-118.9466, 48.8282], [-118.9247, 48.8283], [-118.9246, 48.8428], [-118.9255, 48.8573], [-118.9249, 48.8718], [-118.9194, 48.872], [-118.9194, 48.8792], [-118.9026, 48.8796], [-118.9025, 48.96], [-118.9028, 49.0001], [-119.0169, 49.0001], [-119.1575, 49.0001], [-119.3425, 49.0001], [-119.5027, 49.0001], [-119.7017, 49.0001]]]}, "properties": {"district": "Oroville School District (WA)", "county": "Okanogan"}}, {"type": "Feature", "geometry": {"type": "Polygon", "coordinates": [[[-122.2724, 47.0888], [-122.2728, 47.0746], [-122.2518, 47.0745], [-122.2525, 47.0599], [-122.2231, 47.06], [-122.2231, 47.0671], [-122.2205, 47.0671], [-122.2206, 47.0599], [-122.2231, 47.0599], [-122.2229, 47.0527], [-122.2157, 47.0528], [-122.2155, 47.0565], [-122.2103, 47.0566], [-122.2109, 47.0241], [-122.189, 47.0241], [-122.1578, 47.0247], [-122.1052, 47.025], [-122.1042, 47.047], [-122.1046, 47.0544], [-122.0775, 47.0544], [-122.0777, 47.0687], [-122.0787, 47.0825], [-122.0809, 47.0973], [-122.0804, 47.1044], [-122.1025, 47.1044], [-122.1026, 47.1117], [-122.1134, 47.1114], [-122.1128, 47.1258], [-122.1348, 47.1254], [-122.1343, 47.1326], [-122.1453, 47.1326], [-122.1453, 47.1254], [-122.1559, 47.1256], [-122.1562, 47.1184], [-122.1671, 47.1186], [-122.167, 47.1039], [-122.183, 47.1038], [-122.1826, 47.0965], [-122.1879, 47.0964], [-122.1883, 47.1256], [-122.2148, 47.1256], [-122.2223, 47.1276], [-122.2358, 47.1296], [-122.2333, 47.1245], [-122.2443, 47.1244], [-122.2443, 47.1107], [-122.2404, 47.1036], [-122.2405, 47.0961], [-122.2512, 47.0962], [-122.2513, 47.0889], [-122.246, 47.0889], [-122.246, 47.0853], [-122.2513, 47.0837], [-122.2615, 47.0852], [-122.2724, 47.0888]]]}, "properties": {"district": "Orting School District (WA)", "county": "Pierce"}}, {"type": "Feature", "geometry": {"type": "Polygon", "coordinates": [[[-119.3694, 46.7956], [-119.3695, 46.7222], [-119.3692, 46.6782], [-119.3246, 46.6785], [-119.2409, 46.678], [-119.202, 46.6785], [-119.1763, 46.6792], [-119.1557, 46.679], [-119.1136, 46.6795], [-119.1135, 46.7083], [-119.1124, 46.7379], [-119.0275, 46.7373], [-118.9843, 46.7365], [-118.9844, 46.7657], [-119.0271, 46.7662], [-119.0271, 46.7806], [-118.984, 46.7804], [-118.9838, 46.7948], [-118.963, 46.7947], [-118.9629, 46.8094], [-118.8781, 46.8083], [-118.8768, 46.9115], [-118.9189, 46.9113], [-118.9188, 46.9258], [-118.9399, 46.9261], [-118.9408, 46.8963], [-118.9409, 46.8817], [-118.9724, 46.882], [-118.9724, 46.8894], [-118.9933, 46.8895], [-118.9936, 46.8823], [-119.0256, 46.8827], [-119.0467, 46.8825], [-119.0665, 46.8828], [-119.0649, 46.8853], [-119.0697, 46.8877], [-119.0718, 46.8945], [-119.0749, 46.895], [-119.0822, 46.8998], [-119.0792, 46.9043], [-119.0855, 46.9041], [-119.0939, 46.9119], [-119.136, 46.9122], [-119.1966, 46.9124], [-119.2172, 46.9122], [-119.217, 46.9267], [-119.2384, 46.9267], [-119.2382, 46.9411], [-119.2801, 46.9414], [-119.2809, 46.9125], [-119.3237, 46.9127], [-119.3687, 46.9126], [-119.3689, 46.8725], [-119.3686, 46.8679], [-119.3691, 46.8399], [-119.3694, 46.7956]]]}, "properties": {"district": "Othello School District (WA)", "county": "Adams"}}, {"type": "Feature", "geometry": {"type": "Polygon", "coordinates": [[[-120.0945, 47.2622], [-120.0963, 47.2546], [-120.0926, 47.2433], [-120.0885, 47.2372], [-120.0776, 47.227], [-120.0729, 47.2248], [-120.0614, 47.2239], [-120.0472, 47.2255], [-120.0466, 47.2467], [-120.049, 47.2778], [-120.0491, 47.2913], [-120.0377, 47.2912], [-120.0371, 47.2991], [-120.0261, 47.2991], [-120.0258, 47.307], [-120.0048, 47.3058], [-120.0047, 47.32], [-119.9831, 47.3204], [-119.9832, 47.3346], [-119.9618, 47.335], [-119.9613, 47.3488], [-119.9404, 47.3494], [-119.9402, 47.3644], [-119.9189, 47.3645], [-119.9187, 47.3934], [-119.8974, 47.3935], [-119.8972, 47.408], [-119.8758, 47.4083], [-119.8758, 47.4375], [-119.8541, 47.4374], [-119.7474, 47.4393], [-119.7479, 47.4683], [-119.79, 47.4676], [-119.8114, 47.4667], [-119.8329, 47.4667], [-119.8329, 47.4812], [-119.8542, 47.4809], [-119.8545, 47.51], [-119.9412, 47.5097], [-119.9409, 47.4952], [-119.9623, 47.4951], [-119.9621, 47.3922], [-120.0055, 47.392], [-120.0056, 47.3486], [-120.0109, 47.3484], [-120.0107, 47.3414], [-120.0217, 47.3414], [-120.0219, 47.3347], [-120.0334, 47.3348], [-120.0327, 47.3272], [-120.0437, 47.3272], [-120.0435, 47.3199], [-120.0814, 47.3202], [-120.09, 47.32], [-120.0874, 47.3146], [-120.0878, 47.3086], [-120.0861, 47.3003], [-120.0891, 47.2905], [-120.0899, 47.2771], [-120.0926, 47.2748], [-120.0945, 47.2622]]]}, "properties": {"district": "Palisades School District (WA)", "county": "Douglas"}}, {"type": "Feature", "geometry": {"type": "Polygon", "coordinates": [[[-117.2131, 46.9578], [-117.2136, 46.9259], [-117.2133, 46.9175], [-117.181, 46.9177], [-117.1809, 46.8951], [-117.1914, 46.8952], [-117.1915, 46.8662], [-117.1813, 46.8662], [-117.1813, 46.8625], [-117.1864, 46.8625], [-117.1864, 46.8589], [-117.2018, 46.859], [-117.2018, 46.8517], [-117.1812, 46.8516], [-117.1811, 46.8298], [-117.181, 46.8225], [-117.0398, 46.8222], [-117.0398, 46.8594], [-117.0394, 46.9172], [-117.0396, 46.9611], [-117.0427, 46.9575], [-117.0531, 46.9576], [-117.0531, 46.9613], [-117.0633, 46.9614], [-117.0636, 46.954], [-117.0745, 46.954], [-117.0745, 46.9613], [-117.0962, 46.9613], [-117.0962, 46.954], [-117.1069, 46.954], [-117.1068, 46.9365], [-117.111, 46.939], [-117.1114, 46.9443], [-117.1172, 46.9516], [-117.1242, 46.9545], [-117.1322, 46.9538], [-117.1406, 46.9493], [-117.1433, 46.9463], [-117.1484, 46.948], [-117.1546, 46.9459], [-117.1562, 46.9499], [-117.1527, 46.9526], [-117.1583, 46.9563], [-117.1577, 46.9595], [-117.168, 46.9587], [-117.1698, 46.9613], [-117.2133, 46.9614], [-117.2131, 46.9578]]]}, "properties": {"district": "Palouse School District (WA)", "county": "Whitman"}}, {"type": "Feature", "geometry": {"type": "Polygon", "coordinates": [[[-119.2634, 46.4763], [-119.2614, 46.4703], [-119.2613, 46.4645], [-119.2633, 46.4537], [-119.2615, 46.4416], [-119.2592, 46.4357], [-119.2633, 46.4145], [-119.2669, 46.4033], [-119.265, 46.3922], [-119.2656, 46.3812], [-119.2695, 46.3742], [-119.2693, 46.3701], [-119.2638, 46.3527], [-119.2569, 46.3454], [-119.2537, 46.3349], [-119.2502, 46.315], [-119.2525, 46.307], [-119.2572, 46.2996], [-119.2637, 46.2922], [-119.2672, 46.2846], [-119.2676, 46.2785], [-119.2659, 46.274], [-119.2612, 46.27], [-119.247, 46.2664], [-119.2368, 46.2611], [-119.2279, 46.253], [-119.2104, 46.2389], [-119.2034, 46.2353], [-119.1871, 46.2328], [-119.1733, 46.2286], [-119.1594, 46.2267], [-119.1486, 46.2269], [-119.1328, 46.2255], [-119.1132, 46.2216], [-119.1012, 46.2171], [-119.0911, 46.2118], [-119.0544, 46.1987], [-119.0415, 46.1927], [-119.0372, 46.1981], [-119.0319, 46.2075], [-119.0234, 46.2167], [-119.0064, 46.2224], [-119.0012, 46.2254], [-118.9903, 46.2293], [-118.9765, 46.2376], [-118.9728, 46.2387], [-118.951, 46.2393], [-118.9212, 46.243], [-118.8829, 46.2499], [-118.8683, 46.2505], [-118.8607, 46.2525], [-118.8507, 46.2598], [-118.8483, 46.2658], [-118.843, 46.2695], [-118.8351, 46.2727], [-118.8301, 46.2816], [-118.8157, 46.2879], [-118.7989, 46.2908], [-118.7851, 46.2895], [-118.7772, 46.2902], [-118.7686, 46.2948], [-118.7669, 46.2979], [-118.7674, 46.3057], [-118.7734, 46.3123], [-118.8062, 46.3125], [-118.8063, 46.327], [-118.8272, 46.327], [-118.8267, 46.3561], [-118.8253, 46.3853], [-118.8669, 46.3852], [-118.909, 46.386], [-118.9092, 46.4151], [-118.9089, 46.4298], [-118.9299, 46.43], [-118.9834, 46.4311], [-119.0247, 46.4312], [-119.058, 46.431], [-119.058, 46.4346], [-119.0668, 46.434], [-119.0715, 46.4381], [-119.1125, 46.4381], [-119.1122, 46.4453], [-119.1285, 46.4454], [-119.1301, 46.4493], [-119.1239, 46.45], [-119.1198, 46.4556], [-119.1216, 46.4612], [-119.1282, 46.4636], [-119.1312, 46.4668], [-119.144, 46.47], [-119.1568, 46.4718], [-119.1701, 46.4753], [-119.177, 46.4832], [-119.1788, 46.4939], [-119.1755, 46.498], [-119.1793, 46.5016], [-119.1787, 46.5083], [-119.19, 46.5099], [-119.1987, 46.5053], [-119.1986, 46.5139], [-119.2163, 46.508], [-119.2163, 46.5054], [-119.2376, 46.4984], [-119.2376, 46.4947], [-119.248, 46.4949], [-119.2482, 46.4874], [-119.2429, 46.4874], [-119.2462, 46.4763], [-119.2634, 46.4763]]]}, "properties": {"district": "Pasco School District (WA)", "county": "Franklin"}}, {"type": "Feature", "geometry": {"type": "Polygon", "coordinates": [[[-120.385, 48.222], [-120.3787, 48.2183], [-120.3735, 48.2178], [-120.3574, 48.2194], [-120.354, 48.2169], [-120.3542, 48.2134], [-120.3479, 48.2052], [-120.3463, 48.2], [-120.3508, 48.1932], [-120.3519, 48.1873], [-120.3556, 48.1832], [-120.3567, 48.1761], [-120.361, 48.1725], [-120.3623, 48.1648], [-120.3613, 48.1576], [-120.3543, 48.1554], [-120.3526, 48.1483], [-120.3486, 48.1443], [-120.3416, 48.1429], [-120.3338, 48.1388], [-120.3263, 48.1314], [-120.327, 48.129], [-120.3181, 48.1243], [-120.3096, 48.127], [-120.3036, 48.1268], [-120.2986, 48.1297], [-120.2904, 48.1291], [-120.2883, 48.1251], [-120.2801, 48.1234], [-120.2733, 48.1185], [-120.2722, 48.1156], [-120.2662, 48.1111], [-120.2586, 48.1104], [-120.2504, 48.1031], [-120.2445, 48.101], [-120.2408, 48.0966], [-120.2354, 48.0934], [-120.2354, 48.0894], [-120.2295, 48.0886], [-120.2251, 48.0847], [-120.2185, 48.0842], [-120.2131, 48.079], [-120.2029, 48.0772], [-120.1851, 48.0779], [-120.1831, 48.074], [-120.1645, 48.0683], [-120.1584, 48.0689], [-120.1563, 48.0659], [-120.1439, 48.0654], [-120.1404, 48.0615], [-120.1328, 48.0572], [-120.135, 48.0524], [-120.1394, 48.0542], [-120.1474, 48.0531], [-120.1474, 48.0484], [-120.1501, 48.0445], [-120.1467, 48.0428], [-120.1464, 48.0373], [-120.1344, 48.0333], [-120.1218, 48.0322], [-120.1195, 48.0271], [-120.1082, 48.0231], [-120.095, 48.0205], [-120.0902, 48.018], [-120.0831, 48.0109], [-120.0781, 47.9998], [-120.0811, 47.993], [-120.0638, 47.9815], [-120.0631, 47.9788], [-120.0699, 47.971], [-120.0664, 47.9663], [-120.0612, 47.9665], [-120.0538, 47.9617], [-120.0486, 47.9606], [-120.0117, 47.9605], [-120.0119, 47.9891], [-119.9911, 47.9892], [-119.9912, 47.9964], [-119.9699, 47.9963], [-119.9699, 47.9892], [-119.9484, 47.9892], [-119.9483, 47.9749], [-119.9269, 47.9748], [-119.9269, 47.9605], [-119.9097, 47.9604], [-119.9097, 47.9379], [-119.9015, 47.9312], [-119.8883, 47.9312], [-119.8883, 47.9276], [-119.8939, 47.9276], [-119.8937, 47.9205], [-119.9045, 47.9205], [-119.9046, 47.9105], [-119.8893, 47.9172], [-119.8825, 47.923], [-119.8634, 47.937], [-119.8597, 47.9424], [-119.8681, 47.9587], [-119.8706, 47.9605], [-119.8821, 47.9699], [-119.8839, 47.9745], [-119.882, 47.9832], [-119.8778, 47.9895], [-119.8725, 47.9931], [-119.8688, 48.0004], [-119.8674, 48.0097], [-119.8692, 48.0183], [-119.8832, 48.0316], [-119.8932, 48.0446], [-119.8954, 48.05], [-119.8925, 48.0541], [-119.884, 48.0591], [-119.8704, 48.0636], [-119.8612, 48.0675], [-119.8524, 48.0736], [-119.8412, 48.0776], [-119.8411, 48.091], [-119.885, 48.0914], [-119.8839, 48.1204], [-119.8949, 48.1204], [-119.8949, 48.124], [-119.906, 48.124], [-119.9059, 48.1279], [-119.9168, 48.1278], [-119.9165, 48.1346], [-119.8949, 48.1344], [-119.895, 48.1632], [-119.9171, 48.1635], [-119.9173, 48.1924], [-119.9497, 48.1922], [-119.9714, 48.1925], [-119.9929, 48.1923], [-119.9928, 48.1633], [-120.0143, 48.1633], [-120.0143, 48.1644], [-120.0353, 48.1642], [-120.0795, 48.1646], [-120.0793, 48.1791], [-120.0884, 48.1791], [-120.0967, 48.1838], [-120.095, 48.1884], [-120.099, 48.1909], [-120.0961, 48.1935], [-120.1172, 48.1938], [-120.1172, 48.1998], [-120.1193, 48.2033], [-120.1268, 48.2069], [-120.1282, 48.2006], [-120.1225, 48.2007], [-120.1226, 48.1972], [-120.1331, 48.1972], [-120.1331, 48.1937], [-120.1432, 48.1937], [-120.1434, 48.2227], [-120.1653, 48.2229], [-120.2269, 48.2228], [-120.2729, 48.2229], [-120.2896, 48.222], [-120.385, 48.222]]]}, "properties": {"district": "Pateros School District (WA)", "county": "Okanogan"}}, {"type": "Feature", "geometry": {"type": "Polygon", "coordinates": [[[-119.8683, 45.8362], [-119.8493, 45.8402], [-119.8027, 45.8476], [-119.7729, 45.8457], [-119.67, 45.8569], [-119.6236, 45.9056], [-119.6005, 45.9195], [-119.5716, 45.9255], [-119.5245, 45.9086], [-119.4881, 45.9064], [-119.4563, 45.9157], [-119.4562, 45.9242], [-119.4667, 45.9242], [-119.4666, 45.9386], [-119.4561, 45.9385], [-119.4555, 45.9682], [-119.4557, 45.9827], [-119.4552, 45.9978], [-119.4556, 46.0424], [-119.4765, 46.0426], [-119.4759, 46.0718], [-119.4547, 46.0717], [-119.4541, 46.0863], [-119.4127, 46.0858], [-119.4125, 46.1004], [-119.3916, 46.1005], [-119.37, 46.1015], [-119.3695, 46.1277], [-119.3712, 46.1302], [-119.3746, 46.1309], [-119.4124, 46.1295], [-119.4331, 46.1297], [-119.5595, 46.1309], [-119.5594, 46.1171], [-119.5804, 46.1172], [-119.5805, 46.1023], [-119.6018, 46.1025], [-119.6024, 46.0435], [-119.6867, 46.0429], [-119.6871, 46.0143], [-119.6862, 45.9847], [-119.6865, 45.9693], [-119.6853, 45.9537], [-119.744, 45.9524], [-119.8057, 45.9521], [-119.8675, 45.9526], [-119.8674, 45.9087], [-119.8677, 45.8442], [-119.8683, 45.8362]]]}, "properties": {"district": "Paterson School District (WA)", "county": "Benton"}}, {"type": "Feature", "geometry": {"type": "Polygon", "coordinates": [[[-123.3679, 46.6922], [-123.3667, 46.6778], [-123.3651, 46.6493], [-123.3648, 46.6277], [-123.3654, 46.6201], [-123.3646, 46.5909], [-123.3656, 46.5771], [-123.365, 46.563], [-123.3665, 46.5625], [-123.4156, 46.563], [-123.4148, 46.5404], [-123.4, 46.5409], [-123.3584, 46.5414], [-123.3584, 46.4916], [-123.3574, 46.4705], [-123.3582, 46.4413], [-123.3579, 46.4273], [-123.3584, 46.4128], [-123.3583, 46.384], [-123.3211, 46.3839], [-123.2964, 46.3835], [-123.2752, 46.384], [-123.2591, 46.3835], [-123.2393, 46.3848], [-123.2415, 46.4117], [-123.2422, 46.4418], [-123.2404, 46.4573], [-123.2398, 46.474], [-123.2387, 46.474], [-123.2395, 46.5175], [-123.2197, 46.5172], [-123.2198, 46.5632], [-123.2215, 46.5777], [-123.2211, 46.5913], [-123.2418, 46.5913], [-123.2412, 46.6193], [-123.2015, 46.6201], [-123.2017, 46.6347], [-123.2005, 46.6487], [-123.2031, 46.6631], [-123.2232, 46.6631], [-123.243, 46.6625], [-123.264, 46.6637], [-123.2662, 46.7062], [-123.2831, 46.7067], [-123.2827, 46.7365], [-123.3305, 46.7363], [-123.3704, 46.7347], [-123.3679, 46.6922]]]}, "properties": {"district": "Pe Ell School District (WA)", "county": "Lewis"}}, {"type": "Feature", "geometry": {"type": "Polygon", "coordinates": [[[-122.8134, 47.3068], [-122.8248, 47.2955], [-122.8373, 47.2861], [-122.8477, 47.2759], [-122.8523, 47.2656], [-122.8526, 47.2544], [-122.8512, 47.2498], [-122.8464, 47.2419], [-122.8413, 47.2356], [-122.8369, 47.2267], [-122.8252, 47.218], [-122.8238, 47.2146], [-122.8206, 47.1942], [-122.8094, 47.1894], [-122.7986, 47.1787], [-122.7924, 47.1751], [-122.7894, 47.1686], [-122.7744, 47.1541], [-122.765, 47.149], [-122.7627, 47.1435], [-122.7595, 47.1413], [-122.7597, 47.1461], [-122.7512, 47.1548], [-122.7502, 47.1582], [-122.7226, 47.1871], [-122.711, 47.196], [-122.731, 47.1995], [-122.7325, 47.2058], [-122.7165, 47.2192], [-122.7112, 47.2305], [-122.6753, 47.2513], [-122.6221, 47.2092], [-122.6009, 47.2097], [-122.5755, 47.2295], [-122.5654, 47.2468], [-122.5515, 47.2692], [-122.5441, 47.2779], [-122.5407, 47.2903], [-122.5412, 47.2937], [-122.5603, 47.3161], [-122.5335, 47.3321], [-122.5376, 47.3373], [-122.5417, 47.3492], [-122.5393, 47.3575], [-122.5291, 47.373], [-122.5298, 47.3812], [-122.5393, 47.3925], [-122.5392, 47.3987], [-122.537, 47.4034], [-122.5868, 47.4036], [-122.6263, 47.4035], [-122.6531, 47.4031], [-122.6742, 47.4034], [-122.7132, 47.4033], [-122.7371, 47.4037], [-122.7594, 47.4034], [-122.8012, 47.4036], [-122.801, 47.36], [-122.8031, 47.3531], [-122.8078, 47.3456], [-122.8037, 47.3334], [-122.8048, 47.3249], [-122.8081, 47.3155], [-122.8134, 47.3068]]]}, "properties": {"district": "Peninsula School District (WA)", "county": "Pierce"}}, {"type": "Feature", "geometry": {"type": "Polygon", "coordinates": [[[-123.0792, 47.3017], [-123.0793, 47.2584], [-123.0768, 47.2584], [-123.0759, 47.237], [-123.0556, 47.2367], [-123.0549, 47.2348], [-123.0691, 47.2238], [-123.0731, 47.2187], [-123.0741, 47.2116], [-123.0705, 47.207], [-123.0617, 47.2043], [-123.0431, 47.2069], [-123.0306, 47.2075], [-123.0232, 47.2054], [-123.0084, 47.2055], [-122.9983, 47.2006], [-122.9916, 47.1993], [-122.9866, 47.1993], [-122.9699, 47.2029], [-122.9516, 47.2023], [-122.9461, 47.2051], [-122.9356, 47.2009], [-122.9315, 47.1947], [-122.9363, 47.1895], [-122.9361, 47.1834], [-122.9301, 47.18], [-122.9223, 47.1794], [-122.9113, 47.176], [-122.9075, 47.1649], [-122.9035, 47.1575], [-122.8799, 47.1583], [-122.8714, 47.1611], [-122.865, 47.1654], [-122.8597, 47.167], [-122.8479, 47.1754], [-122.8366, 47.1875], [-122.8206, 47.1942], [-122.8238, 47.2146], [-122.8252, 47.218], [-122.8369, 47.2267], [-122.8413, 47.2356], [-122.8464, 47.2419], [-122.8512, 47.2498], [-122.8526, 47.2544], [-122.8523, 47.2656], [-122.8477, 47.2759], [-122.8373, 47.2861], [-122.8248, 47.2955], [-122.8134, 47.3068], [-122.8629, 47.3067], [-122.8649, 47.2998], [-122.8701, 47.2962], [-122.8763, 47.2952], [-122.8882, 47.2903], [-122.9061, 47.2869], [-122.9086, 47.2919], [-122.9081, 47.3156], [-122.9722, 47.3161], [-122.994, 47.3164], [-122.9941, 47.3019], [-123.0207, 47.3017], [-123.0792, 47.3017]]]}, "properties": {"district": "Pioneer School District (WA)", "county": "Mason"}}, {"type": "Feature", "geometry": {"type": "Polygon", "coordinates": [[[-117.8519, 46.6247], [-117.8532, 46.5602], [-117.8616, 46.5602], [-117.8624, 46.5272], [-117.8633, 46.4707], [-117.8221, 46.4711], [-117.8222, 46.4638], [-117.8007, 46.4641], [-117.8009, 46.4532], [-117.7798, 46.4531], [-117.7795, 46.4714], [-117.7373, 46.4715], [-117.7374, 46.442], [-117.7166, 46.4418], [-117.7165, 46.3976], [-117.6951, 46.3977], [-117.6949, 46.3833], [-117.6739, 46.3833], [-117.6749, 46.3376], [-117.6119, 46.3385], [-117.6127, 46.2942], [-117.6124, 46.2226], [-117.6126, 46.2154], [-117.6126, 46.1213], [-117.6033, 46.1213], [-117.6034, 45.9989], [-117.5888, 45.9986], [-117.5199, 45.9983], [-117.4799, 45.9978], [-117.4798, 46.0225], [-117.48, 46.122], [-117.4195, 46.122], [-117.4197, 46.2211], [-117.4193, 46.25], [-117.4194, 46.2793], [-117.4196, 46.2942], [-117.4419, 46.2941], [-117.4419, 46.2978], [-117.4313, 46.2978], [-117.4313, 46.3052], [-117.4419, 46.3054], [-117.442, 46.3164], [-117.4473, 46.3164], [-117.4473, 46.3202], [-117.4367, 46.3202], [-117.4367, 46.3239], [-117.4314, 46.3239], [-117.4314, 46.3386], [-117.4208, 46.3387], [-117.4193, 46.3831], [-117.4196, 46.412], [-117.4112, 46.4122], [-117.3613, 46.4122], [-117.3613, 46.4159], [-117.3561, 46.4158], [-117.3565, 46.4506], [-117.3576, 46.4715], [-117.337, 46.471], [-117.2938, 46.4707], [-117.2723, 46.4702], [-117.2379, 46.4701], [-117.2388, 46.4812], [-117.2337, 46.4908], [-117.2313, 46.5006], [-117.2323, 46.5048], [-117.2357, 46.5088], [-117.2413, 46.5185], [-117.2449, 46.5227], [-117.2465, 46.5304], [-117.2543, 46.5451], [-117.2689, 46.555], [-117.2806, 46.5599], [-117.2857, 46.5637], [-117.293, 46.572], [-117.3014, 46.5775], [-117.3114, 46.5808], [-117.3268, 46.5808], [-117.3375, 46.582], [-117.349, 46.5877], [-117.3526, 46.5917], [-117.3562, 46.5994], [-117.3591, 46.6023], [-117.371, 46.609], [-117.3827, 46.6147], [-117.3862, 46.6189], [-117.3886, 46.6251], [-117.3885, 46.6305], [-117.3856, 46.6392], [-117.3852, 46.6479], [-117.393, 46.654], [-117.4104, 46.6565], [-117.4202, 46.6551], [-117.4283, 46.6571], [-117.4356, 46.6619], [-117.4418, 46.6665], [-117.4483, 46.6749], [-117.4544, 46.6915], [-117.4601, 46.6971], [-117.4648, 46.6996], [-117.4756, 46.7004], [-117.4841, 46.6979], [-117.4935, 46.6933], [-117.497, 46.6899], [-117.5006, 46.6821], [-117.5091, 46.6786], [-117.5172, 46.677], [-117.5304, 46.6774], [-117.5442, 46.6801], [-117.5519, 46.6801], [-117.5675, 46.6779], [-117.5793, 46.6754], [-117.5978, 46.6725], [-117.6084, 46.6729], [-117.6165, 46.6744], [-117.6263, 46.6792], [-117.6342, 46.6868], [-117.6394, 46.6934], [-117.6483, 46.6998], [-117.6653, 46.7026], [-117.6875, 46.7026], [-117.6961, 46.6996], [-117.7242, 46.6962], [-117.7329, 46.6938], [-117.7409, 46.6946], [-117.7512, 46.6897], [-117.7562, 46.6844], [-117.7603, 46.6755], [-117.7637, 46.6588], [-117.7669, 46.6526], [-117.7725, 46.6454], [-117.7801, 46.6384], [-117.79, 46.631], [-117.8007, 46.6256], [-117.8199, 46.6222], [-117.8291, 46.6221], [-117.8519, 46.6247]]]}, "properties": {"district": "Pomeroy School District (WA)", "county": "Garfield"}}, {"type": "Feature", "geometry": {"type": "Polygon", "coordinates": [[[-123.5851, 48.2295], [-123.5872, 48.1328], [-123.5818, 48.1329], [-123.5816, 48.1365], [-123.559, 48.1368], [-123.5604, 48.1293], [-123.5602, 48.1112], [-123.5824, 48.1109], [-123.5824, 48.1072], [-123.6039, 48.1069], [-123.6036, 48.1144], [-123.6145, 48.1142], [-123.6147, 48.1068], [-123.6342, 48.1072], [-123.6555, 48.1067], [-123.6552, 48.0994], [-123.6561, 48.0855], [-123.6771, 48.0857], [-123.6784, 48.0787], [-123.7014, 48.0786], [-123.7013, 48.0855], [-123.7313, 48.0859], [-123.731, 48.0723], [-123.7202, 48.0725], [-123.7011, 48.0715], [-123.701, 47.9576], [-123.6967, 47.9576], [-123.6967, 47.8811], [-123.5059, 47.8811], [-123.5059, 47.8669], [-123.3756, 47.8669], [-123.2923, 47.8669], [-123.2924, 47.9541], [-123.2974, 47.9541], [-123.2978, 47.9783], [-123.2971, 48.0146], [-123.2864, 48.0145], [-123.2859, 48.0867], [-123.2864, 48.1038], [-123.2861, 48.1445], [-123.2857, 48.2765], [-123.4678, 48.2396], [-123.5412, 48.2246], [-123.5851, 48.2295]]]}, "properties": {"district": "Port Angeles School District (WA)", "county": "Clallam"}}, {"type": "Feature", "geometry": {"type": "Polygon", "coordinates": [[[-122.9524, 48.3497], [-122.9531, 48.2498], [-122.9523, 48.2113], [-122.9523, 48.1334], [-122.9521, 48.1085], [-122.9389, 48.1086], [-122.9174, 48.111], [-122.9093, 48.1094], [-122.9058, 48.1069], [-122.9, 48.0989], [-122.8991, 48.0911], [-122.9072, 48.0746], [-122.9058, 48.0709], [-122.8923, 48.0623], [-122.886, 48.0567], [-122.886, 48.0421], [-122.9184, 48.0427], [-122.9493, 48.0429], [-122.9469, 48.0268], [-122.9489, 48.0125], [-122.9487, 47.9981], [-122.9499, 47.9837], [-122.9495, 47.9693], [-122.9084, 47.9688], [-122.8649, 47.9694], [-122.8651, 47.955], [-122.8643, 47.9259], [-122.843, 47.9259], [-122.8218, 47.9247], [-122.8218, 47.9989], [-122.811, 47.9991], [-122.8106, 48.0566], [-122.76, 48.0565], [-122.7691, 48.0799], [-122.7703, 48.093], [-122.7682, 48.1007], [-122.7513, 48.1091], [-122.7425, 48.1155], [-122.7343, 48.1255], [-122.7096, 48.1382], [-122.7262, 48.1501], [-122.7342, 48.1551], [-122.7538, 48.1652], [-122.766, 48.1733], [-122.7933, 48.1864], [-122.8183, 48.1988], [-122.832, 48.2077], [-122.8521, 48.2265], [-122.8627, 48.2437], [-122.8627, 48.254], [-122.8631, 48.3704], [-122.8776, 48.3667], [-122.9404, 48.3524], [-122.9524, 48.3497]]]}, "properties": {"district": "Port Townsend School District (WA)", "county": "Jefferson"}}, {"type": "Feature", "geometry": {"type": "Polygon", "coordinates": [[[-118.6047, 46.5141], [-118.6156, 46.5045], [-118.6199, 46.495], [-118.6207, 46.4885], [-118.6184, 46.4786], [-118.619, 46.4744], [-118.6242, 46.4654], [-118.632, 46.4543], [-118.6311, 46.4479], [-118.6366, 46.4381], [-118.638, 46.4334], [-118.6342, 46.422], [-118.6338, 46.414], [-118.6374, 46.4107], [-118.6552, 46.4057], [-118.6608, 46.4025], [-118.6689, 46.3892], [-118.6745, 46.3852], [-118.6912, 46.3811], [-118.6954, 46.376], [-118.6971, 46.3633], [-118.7049, 46.3596], [-118.7209, 46.3613], [-118.7424, 46.3608], [-118.7462, 46.3595], [-118.7574, 46.3433], [-118.7594, 46.3371], [-118.7604, 46.3284], [-118.7623, 46.325], [-118.7737, 46.318], [-118.7734, 46.3123], [-118.7674, 46.3057], [-118.7669, 46.2979], [-118.7521, 46.2979], [-118.7519, 46.2835], [-118.7524, 46.2545], [-118.7111, 46.2541], [-118.7112, 46.2467], [-118.69, 46.2463], [-118.69, 46.2536], [-118.6387, 46.2528], [-118.5753, 46.2528], [-118.5337, 46.2527], [-118.5335, 46.2093], [-118.4468, 46.2088], [-118.3358, 46.2087], [-118.3355, 46.2375], [-118.2937, 46.2374], [-118.2941, 46.2519], [-118.2837, 46.2519], [-118.2834, 46.2809], [-118.2418, 46.2807], [-118.2418, 46.3312], [-118.2211, 46.3315], [-118.221, 46.3461], [-118.2314, 46.3459], [-118.2314, 46.3386], [-118.2418, 46.3385], [-118.2417, 46.3675], [-118.2103, 46.3679], [-118.2102, 46.382], [-118.1998, 46.3821], [-118.1998, 46.3968], [-118.1893, 46.3969], [-118.1894, 46.426], [-118.1996, 46.4258], [-118.1997, 46.4112], [-118.2417, 46.411], [-118.242, 46.4407], [-118.2418, 46.4549], [-118.221, 46.4551], [-118.2211, 46.4477], [-118.2001, 46.4482], [-118.2, 46.4699], [-118.1894, 46.47], [-118.1896, 46.4849], [-118.1791, 46.4849], [-118.1794, 46.4998], [-118.2003, 46.4996], [-118.2001, 46.4848], [-118.2209, 46.4846], [-118.2209, 46.4771], [-118.2414, 46.477], [-118.2419, 46.4993], [-118.2422, 46.5546], [-118.2414, 46.5605], [-118.228, 46.5604], [-118.2286, 46.575], [-118.2286, 46.5934], [-118.2443, 46.6007], [-118.2511, 46.6012], [-118.2577, 46.5996], [-118.2739, 46.5938], [-118.2786, 46.5932], [-118.2872, 46.5949], [-118.3092, 46.6064], [-118.3225, 46.6068], [-118.3617, 46.598], [-118.3792, 46.5879], [-118.3897, 46.5806], [-118.3976, 46.5804], [-118.4153, 46.5821], [-118.4232, 46.5837], [-118.4446, 46.5925], [-118.4526, 46.597], [-118.4673, 46.5986], [-118.4759, 46.5951], [-118.4844, 46.5852], [-118.4965, 46.5755], [-118.5011, 46.5739], [-118.5145, 46.5715], [-118.528, 46.5677], [-118.53, 46.5656], [-118.548, 46.5559], [-118.5515, 46.5524], [-118.5603, 46.5392], [-118.5654, 46.5349], [-118.5821, 46.5311], [-118.5924, 46.5259], [-118.5968, 46.5206], [-118.6047, 46.5141]]]}, "properties": {"district": "Prescott School District (WA)", "county": "Walla Walla"}}, {"type": "Feature", "geometry": {"type": "Polygon", "coordinates": [[[-119.9901, 46.041], [-119.9898, 46.0263], [-119.9911, 45.9973], [-119.9917, 45.968], [-119.9923, 45.9097], [-119.9713, 45.9094], [-119.9093, 45.9096], [-119.9092, 45.8625], [-119.9089, 45.8281], [-119.8683, 45.8362], [-119.8677, 45.8442], [-119.8674, 45.9087], [-119.8675, 45.9526], [-119.8057, 45.9521], [-119.744, 45.9524], [-119.6853, 45.9537], [-119.6865, 45.9693], [-119.6862, 45.9847], [-119.6871, 46.0143], [-119.6867, 46.0429], [-119.6024, 46.0435], [-119.6018, 46.1025], [-119.5805, 46.1023], [-119.5804, 46.1172], [-119.5594, 46.1171], [-119.5595, 46.1309], [-119.4331, 46.1297], [-119.4325, 46.2003], [-119.4536, 46.2016], [-119.4966, 46.2019], [-119.4971, 46.2136], [-119.4956, 46.2287], [-119.4955, 46.2433], [-119.5165, 46.2424], [-119.5369, 46.2427], [-119.5802, 46.2426], [-119.6014, 46.243], [-119.6217, 46.2426], [-119.6216, 46.2572], [-119.6193, 46.2659], [-119.6189, 46.3023], [-119.5981, 46.3021], [-119.5973, 46.3167], [-119.5767, 46.3171], [-119.5557, 46.3166], [-119.5567, 46.3456], [-119.5541, 46.3601], [-119.5752, 46.3603], [-119.5752, 46.374], [-119.5967, 46.3745], [-119.597, 46.3891], [-119.6182, 46.3893], [-119.6185, 46.4039], [-119.6395, 46.4039], [-119.64, 46.4757], [-119.6157, 46.4754], [-119.6163, 46.5045], [-119.6179, 46.5341], [-119.7253, 46.534], [-119.7458, 46.5346], [-119.8379, 46.5344], [-119.8742, 46.534], [-119.8745, 46.4893], [-119.8741, 46.463], [-119.874, 46.4333], [-119.8729, 46.4035], [-119.8733, 46.3748], [-119.8728, 46.361], [-119.8736, 46.3168], [-119.8737, 46.3021], [-119.8523, 46.3021], [-119.8523, 46.2877], [-119.842, 46.2876], [-119.8419, 46.2804], [-119.8627, 46.2802], [-119.8627, 46.273], [-119.8523, 46.273], [-119.8521, 46.2585], [-119.8416, 46.2584], [-119.8417, 46.251], [-119.8522, 46.2511], [-119.8523, 46.2403], [-119.8629, 46.2402], [-119.863, 46.2146], [-119.8665, 46.2146], [-119.8667, 46.1954], [-119.8662, 46.1562], [-119.8656, 46.1271], [-119.8657, 46.0521], [-119.8658, 46.0409], [-119.9282, 46.0403], [-119.9901, 46.041]]]}, "properties": {"district": "Prosser School District (WA)", "county": "Benton"}}, {"type": "Feature", "geometry": {"type": "Polygon", "coordinates": [[[-117.1811, 46.8298], [-117.2018, 46.8298], [-117.2018, 46.8224], [-117.2335, 46.8238], [-117.2336, 46.8158], [-117.2653, 46.8165], [-117.2653, 46.8008], [-117.2759, 46.8008], [-117.2759, 46.7935], [-117.2865, 46.7935], [-117.2865, 46.7898], [-117.2972, 46.7899], [-117.2971, 46.7862], [-117.2918, 46.7862], [-117.2917, 46.7789], [-117.3024, 46.7789], [-117.3023, 46.7716], [-117.3076, 46.7716], [-117.3076, 46.7643], [-117.3179, 46.7648], [-117.3179, 46.7501], [-117.3282, 46.7503], [-117.3283, 46.7428], [-117.3611, 46.7429], [-117.3614, 46.7353], [-117.3726, 46.7355], [-117.373, 46.7279], [-117.3839, 46.7279], [-117.3843, 46.7203], [-117.3952, 46.7203], [-117.3965, 46.7059], [-117.4072, 46.7058], [-117.4066, 46.7131], [-117.4174, 46.7131], [-117.418, 46.7058], [-117.4395, 46.7059], [-117.4382, 46.7204], [-117.4496, 46.7204], [-117.4489, 46.7282], [-117.4434, 46.7282], [-117.4437, 46.7243], [-117.4381, 46.7242], [-117.4375, 46.7359], [-117.4702, 46.7361], [-117.4718, 46.7206], [-117.4826, 46.7208], [-117.4841, 46.6979], [-117.4756, 46.7004], [-117.4648, 46.6996], [-117.4601, 46.6971], [-117.4544, 46.6915], [-117.4483, 46.6749], [-117.4418, 46.6665], [-117.4356, 46.6619], [-117.4181, 46.6617], [-117.3934, 46.6619], [-117.3681, 46.6616], [-117.3686, 46.6543], [-117.358, 46.6541], [-117.3589, 46.6468], [-117.337, 46.647], [-117.3384, 46.6321], [-117.3165, 46.6319], [-117.3176, 46.617], [-117.2413, 46.617], [-117.2408, 46.6243], [-117.1417, 46.6242], [-117.1015, 46.6243], [-117.1002, 46.6462], [-117.0897, 46.6461], [-117.0899, 46.6424], [-117.0397, 46.6423], [-117.0399, 46.7493], [-117.0397, 46.7736], [-117.0398, 46.8222], [-117.181, 46.8225], [-117.1811, 46.8298]]]}, "properties": {"district": "Pullman School District (WA)", "county": "Whitman"}}, {"type": "Feature", "geometry": {"type": "Polygon", "coordinates": [[[-122.3943, 47.2377], [-122.3944, 47.1918], [-122.3944, 47.1845], [-122.347, 47.1844], [-122.3467, 47.1548], [-122.3572, 47.1543], [-122.3573, 47.1398], [-122.3361, 47.1403], [-122.336, 47.1221], [-122.336, 47.1111], [-122.3149, 47.1111], [-122.3149, 47.0822], [-122.2938, 47.0819], [-122.2937, 47.0891], [-122.2724, 47.0888], [-122.2615, 47.0852], [-122.2513, 47.0837], [-122.246, 47.0853], [-122.246, 47.0889], [-122.2513, 47.0889], [-122.2512, 47.0962], [-122.2405, 47.0961], [-122.2404, 47.1036], [-122.2443, 47.1107], [-122.2443, 47.1244], [-122.2456, 47.1254], [-122.2453, 47.1449], [-122.2399, 47.1471], [-122.2399, 47.1617], [-122.2363, 47.1654], [-122.2362, 47.1734], [-122.2408, 47.177], [-122.2474, 47.1844], [-122.2293, 47.1844], [-122.2402, 47.1893], [-122.2459, 47.1954], [-122.2589, 47.1995], [-122.2676, 47.1972], [-122.2691, 47.2065], [-122.2725, 47.2102], [-122.2628, 47.2102], [-122.2631, 47.2138], [-122.2564, 47.2149], [-122.2565, 47.2249], [-122.2591, 47.2248], [-122.2589, 47.2321], [-122.2562, 47.2321], [-122.2557, 47.2429], [-122.261, 47.2428], [-122.2609, 47.2501], [-122.2939, 47.25], [-122.2939, 47.2427], [-122.3072, 47.2428], [-122.3078, 47.2356], [-122.3364, 47.2353], [-122.3364, 47.2279], [-122.3519, 47.2281], [-122.3522, 47.2228], [-122.3465, 47.2239], [-122.3386, 47.2163], [-122.3401, 47.2132], [-122.3555, 47.2218], [-122.388, 47.2345], [-122.3943, 47.2377]]]}, "properties": {"district": "Puyallup School District (WA)", "county": "Pierce"}}, {"type": "Feature", "geometry": {"type": "Polygon", "coordinates": [[[-124.5511, 47.724], [-124.5403, 47.7164], [-124.5512, 47.7061], [-124.5594, 47.6958], [-124.5656, 47.6837], [-124.5673, 47.6733], [-124.5662, 47.664], [-124.5643, 47.6585], [-124.5591, 47.6496], [-124.5523, 47.6422], [-124.5396, 47.633], [-124.5268, 47.6271], [-124.5149, 47.6237], [-124.4972, 47.6214], [-124.4844, 47.6213], [-124.4754, 47.6221], [-124.4614, 47.625], [-124.459, 47.6141], [-124.4551, 47.6066], [-124.4558, 47.5997], [-124.4538, 47.5884], [-124.4498, 47.5802], [-124.44, 47.569], [-124.431, 47.5329], [-124.4295, 47.533], [-124.3544, 47.5335], [-124.3103, 47.5337], [-124.3018, 47.5332], [-124.2815, 47.5337], [-124.1793, 47.5336], [-124.1543, 47.5338], [-124.1324, 47.5335], [-124.0465, 47.5337], [-124.0467, 47.5185], [-124.0302, 47.5182], [-123.9242, 47.5179], [-123.7967, 47.5177], [-123.6326, 47.5177], [-123.6328, 47.5677], [-123.6321, 47.5756], [-123.6321, 47.6204], [-123.6781, 47.6204], [-123.696, 47.6192], [-123.6963, 47.6332], [-123.6964, 47.7074], [-123.6965, 47.7606], [-123.6967, 47.8811], [-123.7987, 47.8811], [-123.7987, 47.8815], [-123.9098, 47.8815], [-123.926, 47.8814], [-123.9258, 47.8093], [-123.926, 47.795], [-123.9902, 47.7947], [-124.0964, 47.7951], [-124.1833, 47.7944], [-124.2258, 47.7948], [-124.2267, 47.7443], [-124.2266, 47.7293], [-124.2276, 47.7226], [-124.2656, 47.7224], [-124.2944, 47.7227], [-124.3557, 47.7225], [-124.3989, 47.7226], [-124.54, 47.7237], [-124.5511, 47.724]]]}, "properties": {"district": "Queets-Clearwater School District (WA)", "county": "Jefferson"}}, {"type": "Feature", "geometry": {"type": "Polygon", "coordinates": [[[-123.6967, 47.8811], [-123.6965, 47.7606], [-123.6964, 47.7074], [-123.5059, 47.7074], [-123.5059, 47.7084], [-123.3379, 47.7084], [-123.2493, 47.7084], [-123.1241, 47.7084], [-123.1241, 47.7813], [-122.9286, 47.7812], [-122.8753, 47.7814], [-122.8588, 47.781], [-122.8523, 47.7729], [-122.8409, 47.7695], [-122.8321, 47.7627], [-122.8279, 47.7559], [-122.8277, 47.7436], [-122.8341, 47.7278], [-122.8584, 47.6906], [-122.8707, 47.6735], [-122.8519, 47.6654], [-122.8298, 47.6696], [-122.8124, 47.6709], [-122.7986, 47.6709], [-122.7832, 47.6728], [-122.775, 47.6753], [-122.7665, 47.6799], [-122.7601, 47.6862], [-122.7577, 47.6952], [-122.7646, 47.7051], [-122.7658, 47.7161], [-122.7634, 47.7234], [-122.7584, 47.7316], [-122.7528, 47.7383], [-122.7464, 47.7434], [-122.7417, 47.7498], [-122.7377, 47.758], [-122.7359, 47.8106], [-122.7357, 47.8389], [-122.8005, 47.8391], [-122.8003, 47.8677], [-122.8433, 47.8678], [-122.8439, 47.8895], [-122.8438, 47.9113], [-122.843, 47.9259], [-122.8643, 47.9259], [-122.8651, 47.955], [-122.8649, 47.9694], [-122.9084, 47.9688], [-122.9495, 47.9693], [-122.9509, 47.9543], [-122.9513, 47.9251], [-122.9507, 47.9104], [-122.9489, 47.8953], [-122.9482, 47.8814], [-122.9492, 47.8668], [-123.1263, 47.8669], [-123.2923, 47.8669], [-123.3756, 47.8669], [-123.5059, 47.8669], [-123.5059, 47.8811], [-123.6967, 47.8811]]]}, "properties": {"district": "Quilcene School District (WA)", "county": "Jefferson"}}, {"type": "Feature", "geometry": {"type": "Polygon", "coordinates": [[[-124.7928, 48.0944], [-124.7852, 48.0871], [-124.787, 48.0833], [-124.7878, 48.0683], [-124.7861, 48.0613], [-124.7925, 48.0553], [-124.7966, 48.0495], [-124.8012, 48.0378], [-124.7988, 48.0236], [-124.797, 48.0179], [-124.7991, 48.0148], [-124.8028, 47.9998], [-124.8032, 47.9867], [-124.799, 47.9725], [-124.7912, 47.9617], [-124.7769, 47.9521], [-124.7582, 47.944], [-124.7606, 47.9273], [-124.7581, 47.918], [-124.7538, 47.9105], [-124.7397, 47.8976], [-124.725, 47.8895], [-124.7209, 47.8883], [-124.7144, 47.879], [-124.7165, 47.8784], [-124.7113, 47.864], [-124.7069, 47.8577], [-124.6971, 47.8485], [-124.6812, 47.8396], [-124.6654, 47.8336], [-124.6541, 47.8253], [-124.6418, 47.8194], [-124.6346, 47.8083], [-124.6232, 47.7984], [-124.6145, 47.7895], [-124.6081, 47.7849], [-124.6034, 47.7767], [-124.5928, 47.7661], [-124.5845, 47.7606], [-124.5759, 47.7564], [-124.5725, 47.7508], [-124.5642, 47.7418], [-124.5614, 47.7361], [-124.5511, 47.724], [-124.54, 47.7237], [-124.3989, 47.7226], [-124.3557, 47.7225], [-124.2944, 47.7227], [-124.2656, 47.7224], [-124.2276, 47.7226], [-124.2266, 47.7293], [-124.2267, 47.7443], [-124.2258, 47.7948], [-124.1833, 47.7944], [-124.0964, 47.7951], [-123.9902, 47.7947], [-123.926, 47.795], [-123.9258, 47.8093], [-123.926, 47.8814], [-123.9262, 47.8815], [-123.9262, 47.9576], [-123.9222, 47.9575], [-123.9224, 47.9718], [-123.9242, 47.9814], [-123.9246, 47.9999], [-123.9244, 48.087], [-124.0501, 48.087], [-124.0501, 48.0889], [-124.1136, 48.0889], [-124.1136, 48.0881], [-124.1457, 48.0888], [-124.175, 48.0889], [-124.1754, 48.1054], [-124.1769, 48.1338], [-124.2202, 48.1347], [-124.2616, 48.1352], [-124.3246, 48.137], [-124.4528, 48.1383], [-124.4535, 48.1238], [-124.4527, 48.0953], [-124.4752, 48.0951], [-124.5176, 48.0955], [-124.5825, 48.0952], [-124.6035, 48.0958], [-124.615, 48.0949], [-124.6869, 48.095], [-124.7928, 48.0944]]]}, "properties": {"district": "Quillayute Valley School District (WA)", "county": "Clallam"}}, {"type": "Feature", "geometry": {"type": "Polygon", "coordinates": [[[-119.7474, 47.4393], [-119.8541, 47.4374], [-119.8758, 47.4375], [-119.8758, 47.4083], [-119.8972, 47.408], [-119.8974, 47.3935], [-119.9187, 47.3934], [-119.9189, 47.3645], [-119.9402, 47.3644], [-119.9404, 47.3494], [-119.9613, 47.3488], [-119.9618, 47.335], [-119.9832, 47.3346], [-119.9831, 47.3204], [-120.0047, 47.32], [-120.0048, 47.3058], [-120.0258, 47.307], [-120.0261, 47.2991], [-120.0371, 47.2991], [-120.0377, 47.2912], [-120.0491, 47.2913], [-120.049, 47.2778], [-120.0466, 47.2467], [-120.0472, 47.2255], [-120.0316, 47.2266], [-120.0191, 47.2266], [-120.0119, 47.2241], [-120.0071, 47.2201], [-120.0026, 47.2123], [-120.0056, 47.2027], [-120.0059, 47.1973], [-120.0038, 47.1869], [-120.0042, 47.1827], [-120.0105, 47.1723], [-120.0106, 47.1613], [-120.0078, 47.1554], [-120.0012, 47.1459], [-120, 47.1367], [-120.0021, 47.1262], [-120.0081, 47.1189], [-120.012, 47.1119], [-120.0189, 47.1104], [-120.0261, 47.1069], [-120.0345, 47.0936], [-120.0405, 47.0813], [-120.0429, 47.0735], [-120.0419, 47.0671], [-120.039, 47.0609], [-120.033, 47.0543], [-120.0112, 47.0394], [-120.0073, 47.0337], [-120.0058, 47.0163], [-120.0019, 47.0102], [-120.0025, 47.0012], [-120.0011, 46.9936], [-119.9861, 46.971], [-119.961, 46.9708], [-119.8697, 46.9719], [-119.75, 46.9718], [-119.7498, 47.0009], [-119.7494, 47.0016], [-119.6853, 47.0014], [-119.6209, 47.0014], [-119.6202, 47.0454], [-119.6218, 47.0458], [-119.6211, 47.0586], [-119.6199, 47.0643], [-119.6309, 47.0674], [-119.6334, 47.0716], [-119.6209, 47.0989], [-119.6209, 47.104], [-119.6187, 47.1091], [-119.6208, 47.1128], [-119.6266, 47.1172], [-119.6284, 47.1235], [-119.6361, 47.1333], [-119.6603, 47.1333], [-119.715, 47.1328], [-119.715, 47.1506], [-119.7144, 47.2055], [-119.7052, 47.2067], [-119.7082, 47.2191], [-119.7064, 47.2279], [-119.7022, 47.2338], [-119.6859, 47.2395], [-119.6848, 47.2527], [-119.6823, 47.2529], [-119.6835, 47.2649], [-119.6832, 47.3088], [-119.7013, 47.3084], [-119.7475, 47.3082], [-119.7472, 47.3445], [-119.7473, 47.3916], [-119.7471, 47.4101], [-119.7474, 47.4393]]]}, "properties": {"district": "Quincy School District (WA)", "county": "Grant"}}, {"type": "Feature", "geometry": {"type": "Polygon", "coordinates": [[[-122.781, 46.9163], [-122.781, 46.8938], [-122.7816, 46.8868], [-122.7815, 46.8652], [-122.7713, 46.8652], [-122.7651, 46.8674], [-122.76, 46.8724], [-122.7496, 46.8725], [-122.7497, 46.8653], [-122.739, 46.8654], [-122.7393, 46.8509], [-122.698, 46.8506], [-122.6983, 46.8217], [-122.7003, 46.793], [-122.6988, 46.7782], [-122.699, 46.7709], [-122.6576, 46.7709], [-122.6575, 46.7925], [-122.6362, 46.7922], [-122.6368, 46.7628], [-122.6158, 46.7622], [-122.6152, 46.792], [-122.6156, 46.807], [-122.6146, 46.8197], [-122.628, 46.8197], [-122.6355, 46.8216], [-122.6349, 46.836], [-122.6297, 46.836], [-122.6295, 46.8505], [-122.6348, 46.8505], [-122.6346, 46.8578], [-122.6451, 46.8578], [-122.6446, 46.8941], [-122.634, 46.8941], [-122.6337, 46.909], [-122.6541, 46.9089], [-122.6542, 46.938], [-122.6964, 46.9378], [-122.6965, 46.9524], [-122.7383, 46.9524], [-122.7388, 46.9233], [-122.7808, 46.9233], [-122.781, 46.9163]]]}, "properties": {"district": "Rainier School District (WA)", "county": "Thurston"}}, {"type": "Feature", "geometry": {"type": "Polygon", "coordinates": [[[-123.7984, 46.7926], [-123.7976, 46.7636], [-123.7981, 46.7345], [-123.8809, 46.735], [-123.8955, 46.7354], [-123.8906, 46.7077], [-123.8718, 46.7078], [-123.85, 46.7065], [-123.8432, 46.7049], [-123.8353, 46.7012], [-123.8244, 46.6925], [-123.8181, 46.6842], [-123.8172, 46.6763], [-123.8112, 46.6684], [-123.8068, 46.6654], [-123.801, 46.665], [-123.7926, 46.6686], [-123.789, 46.6728], [-123.7806, 46.6782], [-123.7749, 46.6753], [-123.7684, 46.6763], [-123.7573, 46.6825], [-123.7567, 46.6635], [-123.7578, 46.6497], [-123.7564, 46.5626], [-123.7354, 46.5626], [-123.7247, 46.5631], [-123.6949, 46.5634], [-123.6946, 46.5781], [-123.6952, 46.5928], [-123.7156, 46.5923], [-123.7165, 46.6357], [-123.6957, 46.6358], [-123.6955, 46.654], [-123.7162, 46.6538], [-123.7166, 46.6669], [-123.7256, 46.6669], [-123.7271, 46.6716], [-123.706, 46.6719], [-123.706, 46.6684], [-123.6955, 46.6685], [-123.6953, 46.6938], [-123.6744, 46.6936], [-123.6745, 46.7079], [-123.664, 46.7077], [-123.6638, 46.7359], [-123.6109, 46.7358], [-123.5885, 46.7363], [-123.5879, 46.7651], [-123.5869, 46.7723], [-123.5881, 46.7794], [-123.5882, 46.7937], [-123.611, 46.7932], [-123.632, 46.7936], [-123.6528, 46.7932], [-123.6739, 46.7934], [-123.7157, 46.7932], [-123.7347, 46.7927], [-123.7777, 46.7928], [-123.7984, 46.7926]]]}, "properties": {"district": "Raymond School District (WA)", "county": "Pacific"}}, {"type": "Feature", "geometry": {"type": "Polygon", "coordinates": [[[-117.8412, 47.8373], [-117.8479, 47.8366], [-117.8548, 47.8393], [-117.8587, 47.8422], [-117.8795, 47.8471], [-117.8826, 47.8457], [-117.8833, 47.8411], [-117.8858, 47.8375], [-117.8987, 47.835], [-117.9048, 47.8359], [-117.9105, 47.8329], [-117.917, 47.8315], [-117.9166, 47.8285], [-117.9269, 47.8242], [-117.9352, 47.8224], [-117.9394, 47.8246], [-117.9578, 47.8278], [-117.9658, 47.8317], [-117.9789, 47.8339], [-117.988, 47.8343], [-117.992, 47.8327], [-117.9927, 47.8174], [-117.9707, 47.8173], [-117.9703, 47.81], [-117.9493, 47.8099], [-117.9494, 47.8028], [-117.9389, 47.8031], [-117.9388, 47.7958], [-117.9283, 47.796], [-117.928, 47.7887], [-117.9493, 47.7883], [-117.9492, 47.7667], [-117.9594, 47.7667], [-117.9594, 47.745], [-117.9491, 47.7449], [-117.9491, 47.7305], [-117.9694, 47.7304], [-117.9693, 47.7159], [-118.0123, 47.7159], [-118.012, 47.6871], [-118.0123, 47.6212], [-118.0337, 47.6212], [-118.0338, 47.6144], [-118.0371, 47.6136], [-118.0373, 47.5663], [-118.0585, 47.5665], [-118.0585, 47.5518], [-118.0531, 47.5518], [-118.0531, 47.5483], [-118.0585, 47.5483], [-118.0581, 47.5231], [-118.1003, 47.5235], [-118.1004, 47.5163], [-118.0897, 47.5162], [-118.0897, 47.509], [-118.0789, 47.5089], [-118.079, 47.4941], [-118.0787, 47.4869], [-118.063, 47.4872], [-118.0626, 47.4798], [-118.0679, 47.4798], [-118.0676, 47.4652], [-118.0949, 47.4653], [-118.095, 47.458], [-118.0895, 47.4579], [-118.0898, 47.4506], [-118.0793, 47.4506], [-118.0796, 47.4288], [-118.0901, 47.4288], [-118.09, 47.4069], [-118.0584, 47.4073], [-118.0584, 47.422], [-118.0368, 47.4219], [-118.037, 47.4073], [-118.0158, 47.4074], [-118.0155, 47.422], [-118.0161, 47.436], [-117.9304, 47.4361], [-117.9302, 47.4143], [-117.9088, 47.4139], [-117.9088, 47.4177], [-117.9035, 47.4176], [-117.9035, 47.4213], [-117.8876, 47.4209], [-117.8875, 47.4285], [-117.8657, 47.4283], [-117.8657, 47.4209], [-117.8229, 47.4206], [-117.822, 47.4498], [-117.8218, 47.4791], [-117.8223, 47.5219], [-117.8221, 47.5513], [-117.8008, 47.551], [-117.7686, 47.5513], [-117.7692, 47.5657], [-117.7688, 47.5947], [-117.7581, 47.5948], [-117.7581, 47.6143], [-117.7334, 47.6143], [-117.7332, 47.6324], [-117.7279, 47.6324], [-117.7279, 47.6434], [-117.7119, 47.6432], [-117.7118, 47.6578], [-117.701, 47.6577], [-117.7009, 47.6722], [-117.7116, 47.6723], [-117.7116, 47.6651], [-117.7226, 47.6651], [-117.7226, 47.6579], [-117.7334, 47.658], [-117.7335, 47.6796], [-117.744, 47.6798], [-117.744, 47.6871], [-117.7226, 47.6868], [-117.7225, 47.6796], [-117.7117, 47.6796], [-117.7116, 47.7013], [-117.6899, 47.7013], [-117.69, 47.6865], [-117.6682, 47.6865], [-117.6682, 47.6791], [-117.6793, 47.6792], [-117.6792, 47.6721], [-117.6688, 47.6721], [-117.6578, 47.6721], [-117.6578, 47.6792], [-117.6471, 47.6791], [-117.6469, 47.6973], [-117.6415, 47.6973], [-117.6415, 47.6935], [-117.6252, 47.6935], [-117.6256, 47.7012], [-117.6041, 47.7011], [-117.6039, 47.6863], [-117.5932, 47.6864], [-117.5851, 47.6865], [-117.5825, 47.6901], [-117.583, 47.7156], [-117.561, 47.7154], [-117.5609, 47.7262], [-117.588, 47.7263], [-117.5879, 47.7335], [-117.5825, 47.7308], [-117.5717, 47.7298], [-117.5717, 47.7335], [-117.5664, 47.7334], [-117.5663, 47.737], [-117.5502, 47.7369], [-117.5498, 47.744], [-117.5392, 47.7442], [-117.5394, 47.7583], [-117.5609, 47.7583], [-117.5609, 47.7442], [-117.5824, 47.7443], [-117.5829, 47.773], [-117.6046, 47.7729], [-117.6048, 47.7875], [-117.6371, 47.7878], [-117.6371, 47.7951], [-117.6475, 47.7953], [-117.6477, 47.8062], [-117.6543, 47.8058], [-117.6542, 47.8026], [-117.7125, 47.8028], [-117.7129, 47.8246], [-117.7127, 47.8471], [-117.72, 47.8448], [-117.7362, 47.8375], [-117.7427, 47.8305], [-117.7542, 47.8268], [-117.7585, 47.8295], [-117.7671, 47.8318], [-117.7825, 47.8256], [-117.7858, 47.8174], [-117.7905, 47.8114], [-117.806, 47.8122], [-117.8116, 47.8175], [-117.818, 47.8213], [-117.8274, 47.8327], [-117.8412, 47.8373]]]}, "properties": {"district": "Reardan-Edwall School District (WA)", "county": "Lincoln"}}, {"type": "Feature", "geometry": {"type": "Polygon", "coordinates": [[[-122.2703, 47.4955], [-122.2647, 47.4882], [-122.2578, 47.4841], [-122.2612, 47.4824], [-122.2514, 47.4744], [-122.2533, 47.4723], [-122.2484, 47.4651], [-122.2468, 47.4568], [-122.2598, 47.4559], [-122.2598, 47.445], [-122.2668, 47.4451], [-122.2682, 47.4438], [-122.2704, 47.4306], [-122.1984, 47.4301], [-122.1758, 47.4303], [-122.1755, 47.4451], [-122.1542, 47.445], [-122.1537, 47.459], [-122.1511, 47.4596], [-122.1324, 47.4595], [-122.1239, 47.4623], [-122.1218, 47.4593], [-122.1166, 47.4592], [-122.1165, 47.4627], [-122.1239, 47.4629], [-122.1375, 47.4653], [-122.1375, 47.4703], [-122.1296, 47.4702], [-122.1298, 47.4847], [-122.1429, 47.4848], [-122.143, 47.4884], [-122.1484, 47.4884], [-122.1485, 47.5163], [-122.1593, 47.5164], [-122.1592, 47.5209], [-122.1619, 47.5237], [-122.1698, 47.5238], [-122.1698, 47.54], [-122.17, 47.5456], [-122.175, 47.5458], [-122.1749, 47.5493], [-122.1974, 47.5494], [-122.2016, 47.5494], [-122.2034, 47.5409], [-122.2082, 47.5319], [-122.2191, 47.5237], [-122.2357, 47.5178], [-122.2198, 47.5098], [-122.2471, 47.5097], [-122.2456, 47.5031], [-122.2408, 47.5029], [-122.2409, 47.4992], [-122.2496, 47.4993], [-122.2508, 47.5028], [-122.2595, 47.5025], [-122.2596, 47.4956], [-122.2703, 47.4955]]]}, "properties": {"district": "Renton School District (WA)", "county": "King"}}, {"type": "Feature", "geometry": {"type": "Polygon", "coordinates": [[[-118.8369, 48.7994], [-118.837, 48.7556], [-118.8365, 48.7411], [-118.8364, 48.7117], [-118.837, 48.6827], [-118.8528, 48.6827], [-118.8528, 48.69], [-118.8638, 48.6899], [-118.8637, 48.6826], [-118.9025, 48.6827], [-118.9026, 48.6899], [-118.9243, 48.6899], [-118.9242, 48.6971], [-118.9464, 48.6972], [-118.9465, 48.7296], [-118.9683, 48.7298], [-118.9682, 48.7332], [-119.0118, 48.7335], [-119.0121, 48.7118], [-118.9902, 48.7115], [-118.9903, 48.697], [-118.9794, 48.697], [-118.9793, 48.6898], [-118.9684, 48.6898], [-118.9685, 48.6969], [-118.9574, 48.6971], [-118.9573, 48.6899], [-118.9463, 48.6899], [-118.9461, 48.6827], [-118.9243, 48.6825], [-118.9244, 48.6754], [-118.9025, 48.6755], [-118.9024, 48.6682], [-118.8811, 48.6682], [-118.8815, 48.6536], [-118.8809, 48.6406], [-118.8696, 48.6407], [-118.87, 48.6262], [-118.8699, 48.5681], [-118.8695, 48.5109], [-118.8695, 48.4816], [-118.8439, 48.4817], [-118.8435, 48.469], [-118.8444, 48.4401], [-118.8445, 48.3965], [-118.7185, 48.3965], [-118.6508, 48.3963], [-118.585, 48.3965], [-118.564, 48.3962], [-118.5439, 48.3964], [-118.4551, 48.3968], [-118.455, 48.4192], [-118.4554, 48.4815], [-118.4766, 48.4816], [-118.4766, 48.5134], [-118.4769, 48.5588], [-118.4776, 48.568], [-118.4775, 48.6536], [-118.4418, 48.6536], [-118.4418, 48.7409], [-118.4418, 48.741], [-118.4857, 48.7408], [-118.572, 48.7406], [-118.5716, 48.7695], [-118.6149, 48.7694], [-118.6149, 48.7839], [-118.6364, 48.7844], [-118.6366, 48.7914], [-118.6712, 48.7912], [-118.7059, 48.7915], [-118.706, 48.7989], [-118.7894, 48.799], [-118.8369, 48.7994]]]}, "properties": {"district": "Republic School District (WA)", "county": "Ferry"}}, {"type": "Feature", "geometry": {"type": "Polygon", "coordinates": [[[-119.874, 46.6283], [-119.8748, 46.6038], [-119.8751, 46.5773], [-119.8767, 46.5627], [-119.8742, 46.5628], [-119.8742, 46.534], [-119.8379, 46.5344], [-119.7458, 46.5346], [-119.7253, 46.534], [-119.6179, 46.5341], [-119.6163, 46.5045], [-119.6157, 46.4754], [-119.5531, 46.4753], [-119.5538, 46.4608], [-119.5535, 46.4463], [-119.554, 46.3744], [-119.5122, 46.3737], [-119.4494, 46.3732], [-119.4274, 46.3736], [-119.4291, 46.3445], [-119.4304, 46.3105], [-119.4301, 46.2864], [-119.4305, 46.2718], [-119.4336, 46.2567], [-119.4325, 46.2423], [-119.4114, 46.2424], [-119.4118, 46.228], [-119.3695, 46.2279], [-119.3476, 46.2283], [-119.3493, 46.2134], [-119.3481, 46.2133], [-119.2893, 46.2132], [-119.2444, 46.2126], [-119.2434, 46.2459], [-119.2338, 46.2485], [-119.2368, 46.2611], [-119.247, 46.2664], [-119.2612, 46.27], [-119.2659, 46.274], [-119.2676, 46.2785], [-119.2672, 46.2846], [-119.2637, 46.2922], [-119.2572, 46.2996], [-119.2525, 46.307], [-119.2502, 46.315], [-119.2537, 46.3349], [-119.2569, 46.3454], [-119.2638, 46.3527], [-119.2693, 46.3701], [-119.2695, 46.3742], [-119.2656, 46.3812], [-119.265, 46.3922], [-119.2669, 46.4033], [-119.2633, 46.4145], [-119.2592, 46.4357], [-119.2615, 46.4416], [-119.2633, 46.4537], [-119.2613, 46.4645], [-119.2614, 46.4703], [-119.2634, 46.4763], [-119.2632, 46.4817], [-119.2588, 46.4864], [-119.2599, 46.4966], [-119.2703, 46.5213], [-119.2752, 46.5253], [-119.3052, 46.5394], [-119.3159, 46.5532], [-119.3267, 46.5632], [-119.3324, 46.5665], [-119.3469, 46.5715], [-119.3621, 46.5791], [-119.3674, 46.5827], [-119.379, 46.5938], [-119.398, 46.6083], [-119.403, 46.613], [-119.4068, 46.6197], [-119.4081, 46.6309], [-119.4071, 46.6404], [-119.4088, 46.6469], [-119.413, 46.6526], [-119.4198, 46.657], [-119.4333, 46.6605], [-119.4429, 46.6642], [-119.4544, 46.67], [-119.4573, 46.6756], [-119.4532, 46.6792], [-119.4497, 46.6855], [-119.4523, 46.6892], [-119.4649, 46.6969], [-119.4815, 46.7107], [-119.4858, 46.7157], [-119.5011, 46.7247], [-119.5114, 46.7277], [-119.5166, 46.7276], [-119.5261, 46.7212], [-119.5347, 46.7096], [-119.5395, 46.7067], [-119.5543, 46.6942], [-119.5624, 46.6881], [-119.5817, 46.6699], [-119.6011, 46.6573], [-119.6185, 46.6476], [-119.6323, 46.643], [-119.6498, 46.6401], [-119.6592, 46.6403], [-119.6711, 46.643], [-119.6811, 46.6465], [-119.6942, 46.6484], [-119.7101, 46.6489], [-119.7205, 46.6471], [-119.7335, 46.6423], [-119.743, 46.6379], [-119.751, 46.6357], [-119.7655, 46.6352], [-119.8055, 46.6299], [-119.8215, 46.6262], [-119.8364, 46.6255], [-119.854, 46.6259], [-119.869, 46.627], [-119.874, 46.6283]]]}, "properties": {"district": "Richland School District (WA)", "county": "Benton"}}, {"type": "Feature", "geometry": {"type": "Polygon", "coordinates": [[[-122.7855, 45.8505], [-122.7857, 45.8442], [-122.796, 45.825], [-122.7956, 45.81], [-122.7695, 45.7806], [-122.7615, 45.7592], [-122.761, 45.7504], [-122.743, 45.7503], [-122.7432, 45.7291], [-122.7357, 45.7323], [-122.7261, 45.7328], [-122.7231, 45.7358], [-122.6513, 45.7363], [-122.6513, 45.7399], [-122.6462, 45.7399], [-122.6462, 45.7363], [-122.641, 45.7363], [-122.641, 45.7399], [-122.6358, 45.7399], [-122.6359, 45.7454], [-122.641, 45.7453], [-122.641, 45.7544], [-122.6461, 45.7544], [-122.6462, 45.7797], [-122.6358, 45.7797], [-122.6358, 45.787], [-122.6205, 45.7871], [-122.6205, 45.8087], [-122.6156, 45.8088], [-122.6155, 45.8176], [-122.6217, 45.8162], [-122.6283, 45.8201], [-122.6271, 45.8239], [-122.6301, 45.8265], [-122.6378, 45.8294], [-122.6439, 45.8332], [-122.6436, 45.8375], [-122.6648, 45.8376], [-122.6692, 45.8467], [-122.672, 45.8488], [-122.672, 45.8339], [-122.6824, 45.8338], [-122.6823, 45.8446], [-122.6926, 45.8446], [-122.6978, 45.8425], [-122.7029, 45.8554], [-122.6926, 45.8554], [-122.6927, 45.859], [-122.6823, 45.859], [-122.6824, 45.8626], [-122.6952, 45.867], [-122.7033, 45.8689], [-122.7111, 45.8733], [-122.7138, 45.8672], [-122.7207, 45.8671], [-122.723, 45.8667], [-122.7359, 45.8706], [-122.7432, 45.8701], [-122.7497, 45.8645], [-122.7615, 45.8616], [-122.7733, 45.8574], [-122.7774, 45.853], [-122.7855, 45.8505]]]}, "properties": {"district": "Ridgefield School District (WA)", "county": "Clark"}}, {"type": "Feature", "geometry": {"type": "Polygon", "coordinates": [[[-118.9586, 47.1875], [-118.9596, 47.1731], [-118.9808, 47.1741], [-118.9811, 47.145], [-118.9813, 47.0719], [-118.9499, 47.0715], [-118.939, 47.0718], [-118.8961, 47.0717], [-118.8962, 47.0864], [-118.853, 47.0863], [-118.8424, 47.0866], [-118.7475, 47.0868], [-118.7478, 47.0726], [-118.7476, 47.0433], [-118.7265, 47.0432], [-118.7051, 47.0436], [-118.6846, 47.0433], [-118.6632, 47.0437], [-118.6629, 47.0726], [-118.6311, 47.0726], [-118.6309, 47.0798], [-118.6337, 47.0876], [-118.6337, 47.1021], [-118.5798, 47.1028], [-118.5799, 47.0879], [-118.5762, 47.0811], [-118.5555, 47.0826], [-118.5555, 47.0602], [-118.5454, 47.0592], [-118.5442, 47.0512], [-118.5451, 47.044], [-118.5345, 47.0435], [-118.5348, 47.0364], [-118.5137, 47.0368], [-118.5137, 47.044], [-118.4926, 47.044], [-118.4725, 47.0448], [-118.4725, 47.074], [-118.4511, 47.0742], [-118.4506, 47.0303], [-118.4292, 47.0303], [-118.4291, 47.0011], [-118.4183, 47.001], [-118.4183, 46.9861], [-118.3969, 46.9862], [-118.3969, 46.979], [-118.3863, 46.9791], [-118.3863, 46.9717], [-118.4076, 46.9715], [-118.4075, 46.957], [-118.3968, 46.9569], [-118.3968, 46.9496], [-118.4074, 46.9496], [-118.4073, 46.9423], [-118.3968, 46.9423], [-118.3968, 46.9131], [-118.3988, 46.9131], [-118.399, 46.8977], [-118.3568, 46.8975], [-118.3333, 46.8984], [-118.3327, 46.9134], [-118.2511, 46.9138], [-118.2143, 46.9137], [-118.2156, 46.9284], [-118.2154, 46.9576], [-118.1517, 46.9578], [-118.1518, 46.9724], [-118.1094, 46.9726], [-118.1086, 47.0165], [-118.0874, 47.0168], [-118.0243, 47.0171], [-118.0242, 47.0462], [-118.0028, 47.0462], [-118.0027, 47.0608], [-117.9809, 47.0611], [-117.9811, 47.09], [-118.0243, 47.0898], [-118.024, 47.1627], [-118.0246, 47.2203], [-117.9604, 47.2211], [-117.9603, 47.2358], [-117.9609, 47.2606], [-118.0465, 47.26], [-118.0705, 47.2602], [-118.0736, 47.258], [-118.0901, 47.2534], [-118.0997, 47.2482], [-118.1078, 47.2481], [-118.1074, 47.261], [-118.1261, 47.2611], [-118.2088, 47.2612], [-118.2304, 47.2611], [-118.2301, 47.2756], [-118.252, 47.2755], [-118.2518, 47.2896], [-118.273, 47.2896], [-118.2733, 47.2612], [-118.2949, 47.2612], [-118.2945, 47.2896], [-118.316, 47.2895], [-118.3155, 47.3042], [-118.3373, 47.3041], [-118.3477, 47.3046], [-118.3797, 47.3046], [-118.4226, 47.3042], [-118.4231, 47.268], [-118.4447, 47.2681], [-118.4447, 47.2608], [-118.4874, 47.261], [-118.5573, 47.2611], [-118.5562, 47.2492], [-118.5566, 47.2351], [-118.5678, 47.235], [-118.5683, 47.2059], [-118.6112, 47.206], [-118.6112, 47.1987], [-118.6434, 47.199], [-118.6433, 47.2063], [-118.654, 47.2064], [-118.6541, 47.1989], [-118.6649, 47.1989], [-118.665, 47.1916], [-118.6436, 47.1916], [-118.6439, 47.1693], [-118.6436, 47.1308], [-118.7271, 47.1303], [-118.7277, 47.1666], [-118.73, 47.1767], [-118.7298, 47.1914], [-118.7406, 47.1909], [-118.7403, 47.1764], [-118.7512, 47.176], [-118.7471, 47.167], [-118.7469, 47.1589], [-118.8105, 47.159], [-118.8108, 47.1301], [-118.8535, 47.1298], [-118.8531, 47.1589], [-118.885, 47.1589], [-118.8846, 47.1876], [-118.9586, 47.1875]]]}, "properties": {"district": "Ritzville School District (WA)", "county": "Adams"}}, {"type": "Feature", "geometry": {"type": "Polygon", "coordinates": [[[-117.3926, 48.0752], [-117.4088, 48.0753], [-117.4089, 48.0644], [-117.4035, 48.0644], [-117.4037, 48.0573], [-117.3928, 48.0573], [-117.3931, 48.0469], [-117.4369, 48.0472], [-117.4366, 48.0035], [-117.3929, 48.0031], [-117.393, 47.9596], [-117.4288, 47.9598], [-117.4339, 47.9595], [-117.4332, 47.9183], [-117.4656, 47.9181], [-117.4655, 47.9035], [-117.4546, 47.9036], [-117.4543, 47.8891], [-117.4328, 47.8892], [-117.4327, 47.8819], [-117.4327, 47.8747], [-117.3793, 47.8749], [-117.3792, 47.8677], [-117.3567, 47.8677], [-117.3561, 47.8604], [-117.3258, 47.8601], [-117.3256, 47.8675], [-117.3043, 47.8672], [-117.2719, 47.8673], [-117.2715, 47.8742], [-117.2661, 47.8742], [-117.2662, 47.8888], [-117.2607, 47.8887], [-117.2607, 47.896], [-117.2179, 47.8957], [-117.2178, 47.903], [-117.1752, 47.9025], [-117.1752, 47.9172], [-117.1101, 47.9171], [-117.0943, 47.9174], [-117.094, 47.9245], [-117.0887, 47.9245], [-117.089, 47.9173], [-117.0885, 47.8884], [-117.0887, 47.8742], [-117.0423, 47.8745], [-117.042, 47.9193], [-117.0423, 47.9584], [-117.0748, 47.9587], [-117.1239, 47.9588], [-117.1239, 47.9733], [-117.1345, 47.9733], [-117.1341, 48.0024], [-117.1451, 48.0022], [-117.1452, 48.0163], [-117.1762, 48.0164], [-117.1759, 48.031], [-117.1555, 48.0308], [-117.1557, 48.0383], [-117.1758, 48.0383], [-117.1758, 48.0457], [-117.1972, 48.046], [-117.1973, 48.0603], [-117.1757, 48.0603], [-117.1753, 48.0823], [-117.2081, 48.0822], [-117.2082, 48.0751], [-117.23, 48.0751], [-117.2301, 48.0679], [-117.2409, 48.0679], [-117.2408, 48.0823], [-117.2625, 48.0824], [-117.2625, 48.0896], [-117.3062, 48.0895], [-117.3062, 48.0752], [-117.3281, 48.0754], [-117.3279, 48.0607], [-117.3496, 48.0606], [-117.3495, 48.0752], [-117.3926, 48.0752]]]}, "properties": {"district": "Riverside School District (WA)", "county": "Spokane"}}, {"type": "Feature", "geometry": {"type": "Polygon", "coordinates": [[[-122.0332, 47.7324], [-122.0346, 47.7166], [-122.0141, 47.7164], [-122.0136, 47.6869], [-122.0029, 47.6868], [-122.0029, 47.6807], [-121.9922, 47.6809], [-121.9921, 47.6443], [-121.9389, 47.6443], [-121.9389, 47.6297], [-121.9443, 47.6298], [-121.9442, 47.6154], [-121.9495, 47.6153], [-121.9495, 47.6011], [-121.9176, 47.6004], [-121.914, 47.5971], [-121.9231, 47.5914], [-121.9176, 47.5861], [-121.9088, 47.5835], [-121.9072, 47.6009], [-121.8857, 47.6007], [-121.8856, 47.6155], [-121.8541, 47.6151], [-121.8008, 47.6149], [-121.7798, 47.6142], [-121.7581, 47.6149], [-121.7582, 47.644], [-121.7576, 47.6595], [-121.7582, 47.673], [-121.7565, 47.6878], [-121.7036, 47.6873], [-121.6024, 47.6867], [-121.5857, 47.6864], [-121.5852, 47.6922], [-121.5845, 47.742], [-121.5845, 47.7771], [-121.6274, 47.7769], [-121.6708, 47.7773], [-121.7132, 47.7771], [-121.7445, 47.7778], [-121.7555, 47.7771], [-121.7762, 47.7774], [-121.8192, 47.777], [-121.8619, 47.7773], [-121.9277, 47.777], [-121.9701, 47.7761], [-121.9918, 47.7754], [-122.0077, 47.7754], [-122.0079, 47.7601], [-122.0135, 47.7582], [-122.0137, 47.7472], [-122.0247, 47.7473], [-122.0235, 47.7325], [-122.0332, 47.7324]]]}, "properties": {"district": "Riverview School District (WA)", "county": "King"}}, {"type": "Feature", "geometry": {"type": "Polygon", "coordinates": [[[-123.1606, 46.9097], [-123.1603, 46.8652], [-123.1608, 46.851], [-123.1605, 46.8366], [-123.1606, 46.8033], [-123.1635, 46.7984], [-123.172, 46.7995], [-123.182, 46.8028], [-123.182, 46.794], [-123.2029, 46.7944], [-123.2258, 46.7934], [-123.2513, 46.7935], [-123.2563, 46.7928], [-123.2563, 46.7865], [-123.2665, 46.7867], [-123.2665, 46.7795], [-123.277, 46.7794], [-123.2771, 46.7652], [-123.2877, 46.7652], [-123.2875, 46.7511], [-123.3201, 46.7506], [-123.3302, 46.75], [-123.3305, 46.7363], [-123.2827, 46.7365], [-123.2676, 46.7366], [-123.2462, 46.7359], [-123.2461, 46.7431], [-123.2041, 46.7427], [-123.204, 46.75], [-123.1824, 46.7499], [-123.1823, 46.7645], [-123.1187, 46.7639], [-123.0873, 46.7645], [-123.0664, 46.7643], [-123.0139, 46.7646], [-122.9714, 46.7643], [-122.9714, 46.7931], [-122.9294, 46.7928], [-122.9292, 46.8071], [-122.9187, 46.807], [-122.9187, 46.8326], [-122.9238, 46.8327], [-122.9239, 46.8291], [-122.9367, 46.8292], [-122.9396, 46.8257], [-122.95, 46.8257], [-122.9501, 46.8221], [-122.9606, 46.8222], [-122.9606, 46.8258], [-122.9711, 46.8314], [-122.9711, 46.8367], [-123.0126, 46.8367], [-123.0127, 46.8511], [-123.0337, 46.851], [-123.0339, 46.8583], [-123.0286, 46.8583], [-123.0288, 46.8619], [-123.0235, 46.8619], [-123.0236, 46.8692], [-123.0342, 46.8692], [-123.0344, 46.8828], [-123.0328, 46.8884], [-123.0348, 46.8945], [-123.0558, 46.8947], [-123.0765, 46.8943], [-123.0774, 46.9091], [-123.0878, 46.9091], [-123.0872, 46.9238], [-123.0981, 46.9237], [-123.0978, 46.9384], [-123.1601, 46.939], [-123.1606, 46.9097]]]}, "properties": {"district": "Rochester School District (WA)", "county": "Thurston"}}, {"type": "Feature", "geometry": {"type": "Polygon", "coordinates": [[[-120.4902, 45.8094], [-120.4902, 45.7875], [-120.4593, 45.7874], [-120.4592, 45.7948], [-120.4542, 45.7948], [-120.4543, 45.7911], [-120.4493, 45.791], [-120.4492, 45.7795], [-120.406, 45.7794], [-120.3975, 45.7791], [-120.398, 45.7716], [-120.3878, 45.7713], [-120.3879, 45.7639], [-120.4089, 45.7641], [-120.4089, 45.7569], [-120.4192, 45.7569], [-120.419, 45.7423], [-120.4242, 45.7422], [-120.4243, 45.7281], [-120.4395, 45.7288], [-120.449, 45.7258], [-120.449, 45.722], [-120.4594, 45.7216], [-120.4589, 45.7128], [-120.4643, 45.7102], [-120.4624, 45.704], [-120.4536, 45.6985], [-120.4531, 45.6963], [-120.4037, 45.6994], [-120.3263, 45.7114], [-120.2834, 45.7212], [-120.2108, 45.7259], [-120.1706, 45.762], [-120.1415, 45.7732], [-120.0702, 45.7852], [-120.0551, 45.7911], [-120.0554, 45.8073], [-120.1177, 45.8082], [-120.1178, 45.7933], [-120.1601, 45.7937], [-120.209, 45.7937], [-120.2224, 45.7942], [-120.2213, 45.8156], [-120.2316, 45.8155], [-120.2313, 45.8228], [-120.2833, 45.8226], [-120.2838, 45.808], [-120.3017, 45.8076], [-120.3258, 45.808], [-120.3264, 45.7932], [-120.3677, 45.7934], [-120.3677, 45.8081], [-120.3887, 45.808], [-120.4069, 45.8095], [-120.4253, 45.8091], [-120.4902, 45.8094]]]}, "properties": {"district": "Roosevelt School District (WA)", "county": "Klickitat"}}, {"type": "Feature", "geometry": {"type": "MultiPolygon", "coordinates": [[[[-117.341, 47.0651], [-117.341, 47.0577], [-117.3314, 47.0574], [-117.3314, 47.0648], [-117.341, 47.0651]]], [[[-117.341, 47.0651], [-117.3411, 47.0799], [-117.3628, 47.0799], [-117.3636, 47.0868], [-117.3603, 47.0869], [-117.3617, 47.0974], [-117.3751, 47.0974], [-117.3749, 47.0904], [-117.3815, 47.0902], [-117.3862, 47.0878], [-117.382, 47.082], [-117.3856, 47.079], [-117.3857, 47.0715], [-117.3965, 47.0715], [-117.3963, 47.0788], [-117.4017, 47.0788], [-117.4018, 47.0876], [-117.3875, 47.0905], [-117.3821, 47.0968], [-117.3804, 47.1048], [-117.3697, 47.1047], [-117.3697, 47.112], [-117.3643, 47.1107], [-117.3538, 47.1116], [-117.3539, 47.123], [-117.3645, 47.123], [-117.3646, 47.1484], [-117.3642, 47.1522], [-117.3224, 47.1525], [-117.3226, 47.1818], [-117.3008, 47.1818], [-117.3009, 47.1965], [-117.2686, 47.1965], [-117.2688, 47.2184], [-117.2581, 47.2185], [-117.2582, 47.2331], [-117.2366, 47.2331], [-117.2366, 47.2404], [-117.2097, 47.2405], [-117.2098, 47.2479], [-117.2152, 47.2479], [-117.215, 47.2596], [-117.261, 47.2598], [-117.3268, 47.2598], [-117.3265, 47.2742], [-117.3154, 47.2744], [-117.3154, 47.2769], [-117.3226, 47.2769], [-117.3265, 47.2745], [-117.3407, 47.2744], [-117.339, 47.267], [-117.359, 47.2669], [-117.3591, 47.2633], [-117.368, 47.2632], [-117.3704, 47.2669], [-117.3805, 47.2669], [-117.3803, 47.2779], [-117.4018, 47.2779], [-117.4014, 47.2999], [-117.4119, 47.2999], [-117.4124, 47.2773], [-117.4175, 47.2805], [-117.4236, 47.2808], [-117.4237, 47.2705], [-117.4348, 47.2705], [-117.4347, 47.2888], [-117.451, 47.2887], [-117.4509, 47.296], [-117.4779, 47.2959], [-117.4779, 47.2886], [-117.4833, 47.2886], [-117.4833, 47.2813], [-117.4889, 47.2813], [-117.4912, 47.277], [-117.4969, 47.2699], [-117.4972, 47.2668], [-117.4887, 47.2668], [-117.4887, 47.274], [-117.478, 47.274], [-117.478, 47.2668], [-117.4887, 47.2668], [-117.4887, 47.2595], [-117.4733, 47.2595], [-117.473, 47.2438], [-117.4999, 47.2433], [-117.4998, 47.2396], [-117.4944, 47.2397], [-117.494, 47.2065], [-117.4725, 47.2069], [-117.4724, 47.1819], [-117.4753, 47.1802], [-117.4832, 47.182], [-117.4826, 47.1738], [-117.4716, 47.1739], [-117.4718, 47.1592], [-117.4664, 47.1593], [-117.4665, 47.163], [-117.4612, 47.1668], [-117.437, 47.1668], [-117.4372, 47.1688], [-117.4218, 47.1678], [-117.4181, 47.1644], [-117.4181, 47.1595], [-117.4507, 47.1595], [-117.4506, 47.1522], [-117.4612, 47.152], [-117.4609, 47.1374], [-117.4504, 47.1375], [-117.4501, 47.1158], [-117.4393, 47.1158], [-117.4393, 47.1121], [-117.45, 47.1122], [-117.45, 47.1085], [-117.4392, 47.1084], [-117.4392, 47.1011], [-117.4499, 47.1011], [-117.4498, 47.0937], [-117.4604, 47.0935], [-117.4604, 47.0783], [-117.4497, 47.079], [-117.4497, 47.0863], [-117.4287, 47.0863], [-117.4292, 47.0641], [-117.4397, 47.0642], [-117.4395, 47.0568], [-117.4502, 47.0568], [-117.4501, 47.042], [-117.4394, 47.042], [-117.4393, 47.0347], [-117.4285, 47.0347], [-117.4285, 47.0384], [-117.407, 47.0386], [-117.407, 47.0349], [-117.4017, 47.0349], [-117.4018, 47.0422], [-117.407, 47.0423], [-117.4074, 47.064], [-117.3797, 47.0644], [-117.3786, 47.0575], [-117.362, 47.0504], [-117.3517, 47.0505], [-117.3518, 47.0614], [-117.3626, 47.0614], [-117.3626, 47.0651], [-117.341, 47.0651]]]]}, "properties": {"district": "Rosalia School District (WA)", "county": "Whitman"}}, {"type": "Feature", "geometry": {"type": "Polygon", "coordinates": [[[-119.6209, 47.0014], [-119.6853, 47.0014], [-119.7494, 47.0016], [-119.7498, 47.0009], [-119.75, 46.9718], [-119.8697, 46.9719], [-119.961, 46.9708], [-119.9861, 46.971], [-119.9784, 46.9611], [-119.9696, 46.9475], [-119.9661, 46.9438], [-119.9641, 46.935], [-119.9653, 46.9274], [-119.9632, 46.9188], [-119.9658, 46.8893], [-119.9649, 46.8588], [-119.9639, 46.8556], [-119.9523, 46.8427], [-119.944, 46.8355], [-119.9336, 46.8247], [-119.9275, 46.8171], [-119.9256, 46.8114], [-119.9274, 46.7984], [-119.9286, 46.7963], [-119.8818, 46.7958], [-119.8114, 46.7956], [-119.7894, 46.7959], [-119.7679, 46.7956], [-119.7459, 46.7958], [-119.6842, 46.7953], [-119.642, 46.7958], [-119.5587, 46.7957], [-119.4957, 46.7954], [-119.3694, 46.7956], [-119.3691, 46.8399], [-119.3686, 46.8679], [-119.3689, 46.8725], [-119.3687, 46.9126], [-119.3237, 46.9127], [-119.2809, 46.9125], [-119.2801, 46.9414], [-119.2801, 46.9704], [-119.28, 46.9848], [-119.3652, 46.9852], [-119.365, 46.9998], [-119.5358, 47.0011], [-119.6, 47.0015], [-119.6209, 47.0014]]]}, "properties": {"district": "Royal School District (WA)", "county": "Grant"}}, {"type": "Feature", "geometry": {"type": "Polygon", "coordinates": [[[-123.126, 48.7341], [-123.2679, 48.694], [-123.2419, 48.6171], [-123.2189, 48.5487], [-123.1599, 48.4535], [-123.1151, 48.4228], [-123.1714, 48.3644], [-123.2479, 48.2846], [-123.1263, 48.3116], [-123.0013, 48.3397], [-122.9524, 48.3497], [-122.9404, 48.3524], [-122.944, 48.3914], [-122.9464, 48.405], [-122.9482, 48.4209], [-122.9505, 48.4509], [-122.9507, 48.4623], [-122.952, 48.4706], [-122.9529, 48.4857], [-122.9522, 48.4998], [-122.9482, 48.5144], [-122.9491, 48.5239], [-122.9519, 48.5286], [-122.9586, 48.5358], [-123.0013, 48.5563], [-123.0065, 48.5618], [-123.0318, 48.5807], [-123.0495, 48.5947], [-123.0648, 48.6075], [-123.0676, 48.6248], [-123.0624, 48.6384], [-123.0578, 48.6452], [-123.0631, 48.6483], [-123.0735, 48.6586], [-123.0858, 48.6742], [-123.1253, 48.7333], [-123.126, 48.7341]]]}, "properties": {"district": "San Juan Island School District (WA)", "county": "San Juan"}}, {"type": "Feature", "geometry": {"type": "Polygon", "coordinates": [[[-123.4674, 47.0679], [-123.4835, 47.0679], [-123.4837, 47.0572], [-123.4899, 47.0572], [-123.49, 47.0464], [-123.5211, 47.047], [-123.5211, 47.0429], [-123.526, 47.0429], [-123.5278, 47.0369], [-123.5235, 47.0333], [-123.5187, 47.0241], [-123.5105, 47.027], [-123.5089, 47.0224], [-123.5108, 47.018], [-123.5078, 47.0132], [-123.4991, 47.0119], [-123.4954, 47.0019], [-123.4909, 46.9969], [-123.4848, 46.9945], [-123.4848, 46.991], [-123.4906, 46.9877], [-123.4918, 46.9849], [-123.4861, 46.9829], [-123.4878, 46.9799], [-123.483, 46.9779], [-123.4783, 46.9784], [-123.4745, 46.9821], [-123.4663, 46.9795], [-123.4661, 47.0119], [-123.4673, 47.0387], [-123.4674, 47.0679]]]}, "properties": {"district": "Satsop School District (WA)", "county": "Grays Harbor"}}, {"type": "Feature", "geometry": {"type": "Polygon", "coordinates": [[[-122.4341, 47.7264], [-122.4375, 47.713], [-122.4469, 47.7045], [-122.4576, 47.6852], [-122.4598, 47.6724], [-122.4586, 47.6656], [-122.4544, 47.6533], [-122.4527, 47.6423], [-122.4528, 47.6361], [-122.455, 47.6272], [-122.4487, 47.6165], [-122.4461, 47.608], [-122.4479, 47.5923], [-122.4532, 47.5822], [-122.4548, 47.5762], [-122.4531, 47.5691], [-122.4457, 47.5588], [-122.4439, 47.5518], [-122.4448, 47.5444], [-122.445, 47.5402], [-122.4416, 47.5291], [-122.4365, 47.5223], [-122.4263, 47.5121], [-122.4169, 47.4998], [-122.4077, 47.4822], [-122.3818, 47.4919], [-122.3756, 47.4964], [-122.3706, 47.5039], [-122.3714, 47.5174], [-122.3325, 47.5172], [-122.3303, 47.514], [-122.3233, 47.5153], [-122.3134, 47.515], [-122.3108, 47.5134], [-122.2994, 47.5122], [-122.2937, 47.5102], [-122.283, 47.51], [-122.2703, 47.4955], [-122.2596, 47.4956], [-122.2595, 47.5025], [-122.2508, 47.5028], [-122.2496, 47.4993], [-122.2409, 47.4992], [-122.2408, 47.5029], [-122.2456, 47.5031], [-122.2471, 47.5097], [-122.2198, 47.5098], [-122.2357, 47.5178], [-122.2461, 47.5226], [-122.2512, 47.526], [-122.2542, 47.5306], [-122.253, 47.5395], [-122.2467, 47.5444], [-122.2406, 47.554], [-122.2409, 47.562], [-122.2458, 47.569], [-122.2512, 47.5727], [-122.2599, 47.5755], [-122.2648, 47.5794], [-122.2668, 47.5874], [-122.2636, 47.6131], [-122.2596, 47.6404], [-122.2553, 47.6494], [-122.251, 47.6533], [-122.242, 47.6578], [-122.2358, 47.6606], [-122.2308, 47.665], [-122.2297, 47.6687], [-122.2304, 47.6842], [-122.2316, 47.6891], [-122.2434, 47.6895], [-122.251, 47.6936], [-122.2607, 47.7023], [-122.2691, 47.7141], [-122.2719, 47.7204], [-122.2744, 47.7335], [-122.3343, 47.7341], [-122.375, 47.7342], [-122.4299, 47.7353], [-122.4341, 47.7264]]]}, "properties": {"district": "Seattle Public Schools (WA)", "county": "King"}}, {"type": "Feature", "geometry": {"type": "MultiPolygon", "coordinates": [[[[-121.6839, 48.6629], [-121.6952, 48.6629], [-121.7059, 48.6642], [-121.7059, 48.659], [-121.7384, 48.6587], [-121.6953, 48.6587], [-121.6955, 48.6533], [-121.6828, 48.6533], [-121.6831, 48.6495], [-121.69, 48.6498], [-121.6823, 48.6492], [-121.6819, 48.6545], [-121.6871, 48.6592], [-121.6839, 48.6629]]], [[[-122.2693, 48.6453], [-122.2697, 48.6014], [-122.313, 48.6021], [-122.3116, 48.5725], [-122.3115, 48.5582], [-122.3143, 48.5364], [-122.3139, 48.5327], [-122.2859, 48.5332], [-122.2858, 48.5167], [-122.286, 48.4736], [-122.2915, 48.4744], [-122.2923, 48.4781], [-122.2972, 48.4779], [-122.2971, 48.471], [-122.2888, 48.4616], [-122.2828, 48.4608], [-122.2714, 48.4553], [-122.2774, 48.4514], [-122.2813, 48.4466], [-122.2772, 48.4437], [-122.2718, 48.4338], [-122.2697, 48.4327], [-122.2702, 48.3777], [-122.2703, 48.3703], [-122.2481, 48.3703], [-122.2266, 48.3699], [-122.227, 48.341], [-122.1835, 48.3409], [-122.1836, 48.2973], [-122.1618, 48.2972], [-122.1402, 48.2978], [-122.1076, 48.2979], [-122.0105, 48.2975], [-121.95, 48.2974], [-121.9227, 48.2975], [-121.9213, 48.3112], [-121.9222, 48.3265], [-121.9211, 48.3552], [-121.9217, 48.3835], [-121.9218, 48.4142], [-121.9215, 48.4717], [-121.9189, 48.4717], [-121.9176, 48.4938], [-121.9199, 48.5009], [-121.9196, 48.5441], [-121.9183, 48.5591], [-121.9197, 48.5873], [-121.9218, 48.6022], [-121.9202, 48.6311], [-121.9202, 48.6447], [-121.8979, 48.6447], [-121.8758, 48.6442], [-121.8554, 48.6445], [-121.8343, 48.6439], [-121.7861, 48.6434], [-121.763, 48.6438], [-121.7384, 48.6436], [-121.7384, 48.6587], [-121.8515, 48.6587], [-121.8515, 48.7166], [-121.9621, 48.7166], [-121.9616, 48.6737], [-121.9628, 48.6597], [-121.9624, 48.6518], [-121.9648, 48.6443], [-121.9945, 48.645], [-122.0267, 48.6453], [-122.0724, 48.6454], [-122.0947, 48.6452], [-122.203, 48.6457], [-122.2587, 48.6457], [-122.2693, 48.6453]]]]}, "properties": {"district": "Sedro-Woolley School District (WA)", "county": "Skagit"}}, {"type": "Feature", "geometry": {"type": "Polygon", "coordinates": [[[-120.6252, 46.8258], [-120.6251, 46.7549], [-120.6209, 46.7548], [-120.6213, 46.7422], [-120.616, 46.742], [-120.6162, 46.7386], [-120.6366, 46.7385], [-120.6362, 46.7094], [-120.616, 46.7097], [-120.5948, 46.7094], [-120.5943, 46.6801], [-120.5837, 46.6801], [-120.5835, 46.6645], [-120.5781, 46.6625], [-120.5779, 46.6508], [-120.5727, 46.6508], [-120.5727, 46.6417], [-120.5742, 46.6385], [-120.5801, 46.6363], [-120.578, 46.6313], [-120.5633, 46.6264], [-120.5493, 46.6256], [-120.5428, 46.6243], [-120.5257, 46.6267], [-120.5163, 46.6294], [-120.5093, 46.6301], [-120.5014, 46.6305], [-120.4968, 46.6264], [-120.4883, 46.6236], [-120.4883, 46.6356], [-120.4644, 46.6355], [-120.4643, 46.6392], [-120.4458, 46.6389], [-120.4457, 46.6498], [-120.4158, 46.6496], [-120.3441, 46.6498], [-120.3399, 46.6497], [-120.2352, 46.6496], [-120.2354, 46.6377], [-120.2346, 46.6208], [-120.2566, 46.6206], [-120.2557, 46.5624], [-120.2095, 46.5625], [-120.1714, 46.5629], [-120.1258, 46.5625], [-120.1034, 46.5629], [-120.0429, 46.5625], [-119.9776, 46.5624], [-119.9702, 46.5628], [-119.9373, 46.5626], [-119.8769, 46.5624], [-119.8767, 46.5627], [-119.8751, 46.5773], [-119.8748, 46.6038], [-119.874, 46.6283], [-119.8816, 46.6306], [-119.8948, 46.6323], [-119.9015, 46.6356], [-119.9104, 46.6447], [-119.9164, 46.6414], [-119.911, 46.6394], [-119.911, 46.6358], [-119.9271, 46.6354], [-119.927, 46.6391], [-119.9322, 46.639], [-119.9323, 46.6426], [-119.9375, 46.6425], [-119.9347, 46.6501], [-119.9147, 46.6502], [-119.9173, 46.6554], [-119.9215, 46.6587], [-119.9305, 46.6625], [-119.9464, 46.6759], [-119.949, 46.6822], [-119.9568, 46.6935], [-119.9687, 46.7144], [-119.9727, 46.7232], [-119.9736, 46.7294], [-119.973, 46.7371], [-120.0015, 46.7375], [-120.0849, 46.7368], [-120.1285, 46.7362], [-120.1709, 46.7364], [-120.213, 46.7363], [-120.2548, 46.7366], [-120.3822, 46.7375], [-120.3819, 46.7801], [-120.4026, 46.781], [-120.4665, 46.781], [-120.4875, 46.7805], [-120.5086, 46.7809], [-120.5086, 46.8249], [-120.5512, 46.8255], [-120.6252, 46.8258]]]}, "properties": {"district": "Selah School District (WA)", "county": "Yakima"}}, {"type": "Feature", "geometry": {"type": "Polygon", "coordinates": [[[-117.564, 48.7861], [-117.5638, 48.743], [-117.6294, 48.7426], [-117.6296, 48.7137], [-117.6292, 48.6559], [-117.5639, 48.6562], [-117.5, 48.6562], [-117.5008, 48.5717], [-117.4356, 48.5711], [-117.327, 48.5709], [-117.3272, 48.5853], [-117.3267, 48.6143], [-117.3271, 48.6562], [-117.2136, 48.6564], [-117.1698, 48.6563], [-117.1285, 48.6559], [-117.0337, 48.6553], [-117.0333, 48.7051], [-117.0333, 48.7499], [-117.0321, 48.8749], [-117.0323, 48.9992], [-117.1349, 48.9988], [-117.3515, 49.0003], [-117.43, 49.0005], [-117.4304, 48.9232], [-117.499, 48.9232], [-117.4988, 48.8514], [-117.4985, 48.8369], [-117.5639, 48.8367], [-117.564, 48.7861]]]}, "properties": {"district": "Selkirk School District (WA)", "county": "Pend Oreille"}}, {"type": "Feature", "geometry": {"type": "Polygon", "coordinates": [[[-123.2857, 48.2765], [-123.2861, 48.1445], [-123.2864, 48.1038], [-123.2859, 48.0867], [-123.2864, 48.0145], [-123.2971, 48.0146], [-123.2978, 47.9783], [-123.2974, 47.9541], [-123.2924, 47.9541], [-123.2923, 47.8669], [-123.1263, 47.8669], [-122.9492, 47.8668], [-122.9482, 47.8814], [-122.9489, 47.8953], [-122.9507, 47.9104], [-122.9513, 47.9251], [-122.9509, 47.9543], [-122.9495, 47.9693], [-122.9499, 47.9837], [-122.9487, 47.9981], [-122.9489, 48.0125], [-122.9469, 48.0268], [-122.9493, 48.0429], [-122.9184, 48.0427], [-122.886, 48.0421], [-122.886, 48.0567], [-122.8923, 48.0623], [-122.9058, 48.0709], [-122.9072, 48.0746], [-122.8991, 48.0911], [-122.9, 48.0989], [-122.9058, 48.1069], [-122.9093, 48.1094], [-122.9174, 48.111], [-122.9389, 48.1086], [-122.9521, 48.1085], [-122.9523, 48.1334], [-122.9523, 48.2113], [-122.9531, 48.2498], [-122.9524, 48.3497], [-123.0013, 48.3397], [-123.1263, 48.3116], [-123.2479, 48.2846], [-123.2484, 48.284], [-123.2857, 48.2765]]]}, "properties": {"district": "Sequim School District (WA)", "county": "Clallam"}}, {"type": "Feature", "geometry": {"type": "Polygon", "coordinates": [[[-123.0318, 48.5807], [-123.0065, 48.5618], [-123.0013, 48.5563], [-122.9586, 48.5358], [-122.9519, 48.5286], [-122.945, 48.5311], [-122.936, 48.5387], [-122.9337, 48.5429], [-122.9343, 48.547], [-122.9091, 48.5601], [-122.9054, 48.5629], [-122.9014, 48.5688], [-122.8944, 48.5746], [-122.8763, 48.5761], [-122.8805, 48.5848], [-122.9267, 48.5884], [-122.9462, 48.5937], [-122.9631, 48.5977], [-122.978, 48.5944], [-123.0013, 48.5901], [-123.011, 48.5893], [-123.0318, 48.5807]]]}, "properties": {"district": "Shaw Island School District (WA)", "county": "San Juan"}}, {"type": "Feature", "geometry": {"type": "Polygon", "coordinates": [[[-123.3288, 47.1554], [-123.3276, 47.128], [-123.3286, 47.1201], [-123.3279, 47.1129], [-123.3281, 47.0984], [-123.2694, 47.0992], [-123.2444, 47.0992], [-123.2444, 47.0922], [-123.2445, 47.0848], [-123.2233, 47.0852], [-123.2019, 47.0851], [-123.1802, 47.0845], [-123.1278, 47.0854], [-123.0961, 47.0854], [-123.075, 47.0848], [-123.0747, 47.1044], [-123.0737, 47.1062], [-123.0606, 47.114], [-123.0482, 47.116], [-123.0341, 47.115], [-123.0273, 47.1158], [-123.0214, 47.1181], [-123.0154, 47.1238], [-123.0105, 47.1433], [-123.0024, 47.1513], [-122.9954, 47.1549], [-122.9844, 47.1589], [-122.9691, 47.1615], [-122.9612, 47.1644], [-122.9528, 47.1701], [-122.9475, 47.1779], [-122.947, 47.1856], [-122.9399, 47.1899], [-122.9363, 47.1895], [-122.9315, 47.1947], [-122.9356, 47.2009], [-122.9461, 47.2051], [-122.9516, 47.2023], [-122.9699, 47.2029], [-122.9866, 47.1993], [-122.9916, 47.1993], [-122.9917, 47.1706], [-123.0395, 47.1709], [-123.0394, 47.1745], [-123.0447, 47.1746], [-123.0448, 47.1709], [-123.0762, 47.172], [-123.0767, 47.1863], [-123.0867, 47.1863], [-123.087, 47.2008], [-123.0764, 47.2007], [-123.0765, 47.2112], [-123.0741, 47.2116], [-123.0731, 47.2187], [-123.0691, 47.2238], [-123.0549, 47.2348], [-123.0556, 47.2367], [-123.0759, 47.237], [-123.0768, 47.2584], [-123.0793, 47.2584], [-123.0792, 47.3017], [-123.1646, 47.3019], [-123.1646, 47.2584], [-123.3078, 47.2584], [-123.3077, 47.1914], [-123.3074, 47.1699], [-123.308, 47.1567], [-123.3288, 47.1554]]]}, "properties": {"district": "Shelton School District (WA)", "county": "Mason"}}, {"type": "Feature", "geometry": {"type": "Polygon", "coordinates": [[[-122.4381, 47.7778], [-122.4312, 47.7665], [-122.4281, 47.7581], [-122.4271, 47.7454], [-122.4299, 47.7353], [-122.375, 47.7342], [-122.3343, 47.7341], [-122.2744, 47.7335], [-122.2698, 47.7335], [-122.2761, 47.7397], [-122.2741, 47.745], [-122.267, 47.7521], [-122.2707, 47.7567], [-122.271, 47.7771], [-122.3353, 47.7778], [-122.402, 47.7779], [-122.4381, 47.7778]]]}, "properties": {"district": "Shoreline School District (WA)", "county": "King"}}, {"type": "Feature", "geometry": {"type": "Polygon", "coordinates": [[[-122.1143, 46.3862], [-122.1145, 46.3415], [-122.114, 46.3272], [-122.1139, 46.2982], [-122.1147, 46.2837], [-122.1151, 46.2549], [-122.1145, 46.2112], [-122.1224, 46.2111], [-122.1219, 46.1429], [-122.1221, 46.1285], [-122.1218, 46.0983], [-122.1221, 46.0695], [-122.1217, 46.0505], [-122.1218, 45.9828], [-122.1217, 45.8662], [-122.1255, 45.8662], [-122.1256, 45.8376], [-122.1253, 45.7945], [-122.1261, 45.7507], [-122.1256, 45.6933], [-122.1262, 45.6436], [-122.1256, 45.6075], [-122.1463, 45.6075], [-122.1463, 45.6002], [-122.1565, 45.6002], [-122.1565, 45.5929], [-122.1668, 45.5929], [-122.1668, 45.5796], [-122.1416, 45.584], [-122.1123, 45.5813], [-122.1017, 45.5832], [-122.0443, 45.6095], [-122.0211, 45.6148], [-122.0036, 45.6159], [-121.983, 45.6229], [-121.9631, 45.6329], [-121.9612, 45.6356], [-121.9634, 45.6377], [-121.9788, 45.6296], [-121.9865, 45.6303], [-121.9987, 45.6265], [-122.0027, 45.6261], [-122.0028, 45.6337], [-121.992, 45.6389], [-121.992, 45.6441], [-121.9817, 45.6443], [-121.9817, 45.6472], [-121.9751, 45.6512], [-121.9636, 45.652], [-121.9636, 45.6559], [-121.9557, 45.6575], [-121.9556, 45.6514], [-121.9509, 45.6514], [-121.9508, 45.6656], [-121.961, 45.6656], [-121.9601, 45.6941], [-121.9827, 45.6946], [-122.004, 45.6945], [-122.0037, 45.7091], [-122.0039, 45.7452], [-122.0029, 45.7525], [-122.003, 45.7668], [-122.0041, 45.7787], [-122.0042, 45.8662], [-121.9973, 45.8662], [-121.9971, 45.9537], [-121.9973, 46.0001], [-121.9977, 46.0109], [-121.9972, 46.0402], [-122.0597, 46.0406], [-122.0805, 46.0405], [-122.0804, 46.1284], [-122.0806, 46.1427], [-122.0807, 46.2109], [-122.0947, 46.211], [-122.0952, 46.2398], [-122.0946, 46.2837], [-122.094, 46.2982], [-122.0939, 46.3271], [-122.0945, 46.3558], [-122.0955, 46.356], [-122.0952, 46.3879], [-122.114, 46.388], [-122.1143, 46.3862]]]}, "properties": {"district": "Skamania School District (WA)", "county": "Skamania"}}, {"type": "Feature", "geometry": {"type": "Polygon", "coordinates": [[[-121.5857, 47.6864], [-121.5862, 47.6859], [-121.5867, 47.6287], [-121.5867, 47.6], [-121.5974, 47.5999], [-121.5975, 47.5506], [-121.5982, 47.5335], [-121.5984, 47.5121], [-121.5776, 47.5121], [-121.5775, 47.514], [-121.5073, 47.5139], [-121.4718, 47.5137], [-121.4717, 47.5187], [-121.3596, 47.5182], [-121.338, 47.5188], [-121.2837, 47.5188], [-121.2789, 47.523], [-121.2634, 47.5234], [-121.2571, 47.5291], [-121.2429, 47.5384], [-121.2433, 47.543], [-121.2353, 47.5447], [-121.2334, 47.5506], [-121.2331, 47.5604], [-121.2286, 47.5658], [-121.217, 47.5698], [-121.2086, 47.566], [-121.1946, 47.5661], [-121.1883, 47.5687], [-121.1822, 47.5652], [-121.1766, 47.5669], [-121.1769, 47.5697], [-121.1724, 47.5737], [-121.1699, 47.5792], [-121.173, 47.5834], [-121.1708, 47.586], [-121.1722, 47.5902], [-121.1514, 47.5955], [-121.1416, 47.5921], [-121.1381, 47.5958], [-121.1203, 47.5913], [-121.118, 47.5967], [-121.1136, 47.5973], [-121.1111, 47.6], [-121.1156, 47.6042], [-121.1201, 47.6116], [-121.1186, 47.6165], [-121.1137, 47.618], [-121.1137, 47.6215], [-121.1188, 47.627], [-121.1246, 47.6273], [-121.1278, 47.6324], [-121.1266, 47.6384], [-121.1337, 47.6456], [-121.131, 47.6542], [-121.1256, 47.6572], [-121.1232, 47.6633], [-121.1288, 47.6762], [-121.1237, 47.6802], [-121.1227, 47.6839], [-121.1092, 47.6888], [-121.1055, 47.6888], [-121.0946, 47.695], [-121.0895, 47.7031], [-121.0794, 47.702], [-121.069, 47.7062], [-121.0659, 47.7093], [-121.066, 47.7136], [-121.0696, 47.7177], [-121.0783, 47.72], [-121.0836, 47.7227], [-121.0863, 47.7275], [-121.0849, 47.7323], [-121.079, 47.7392], [-121.0828, 47.7434], [-121.0897, 47.7461], [-121.094, 47.7582], [-121.0992, 47.759], [-121.1065, 47.7568], [-121.1109, 47.7584], [-121.1086, 47.7656], [-121.1195, 47.7758], [-121.1192, 47.7799], [-121.1956, 47.7801], [-121.1957, 47.7791], [-121.2628, 47.7796], [-121.3007, 47.7796], [-121.3355, 47.78], [-121.4555, 47.7806], [-121.4555, 47.7784], [-121.497, 47.7778], [-121.5405, 47.7778], [-121.5727, 47.7776], [-121.5845, 47.7771], [-121.5845, 47.742], [-121.5852, 47.6922], [-121.5857, 47.6864]]]}, "properties": {"district": "Skykomish School District (WA)", "county": "King"}}, {"type": "Feature", "geometry": {"type": "Polygon", "coordinates": [[[-122.1362, 47.971], [-122.1515, 47.971], [-122.1517, 47.9637], [-122.1627, 47.9637], [-122.1623, 47.9782], [-122.1826, 47.9788], [-122.1874, 47.9741], [-122.1889, 47.9649], [-122.1862, 47.9599], [-122.1915, 47.9484], [-122.1817, 47.9481], [-122.1775, 47.9468], [-122.1696, 47.939], [-122.1693, 47.9349], [-122.1852, 47.936], [-122.1852, 47.9324], [-122.1797, 47.9321], [-122.1797, 47.9288], [-122.1686, 47.9286], [-122.1742, 47.9216], [-122.1824, 47.9217], [-122.1798, 47.918], [-122.18, 47.907], [-122.1745, 47.907], [-122.1745, 47.9033], [-122.1691, 47.9031], [-122.1691, 47.8997], [-122.1745, 47.8997], [-122.1746, 47.8954], [-122.1707, 47.8902], [-122.1704, 47.8824], [-122.1746, 47.8815], [-122.1746, 47.8778], [-122.1594, 47.8777], [-122.1475, 47.8744], [-122.1477, 47.8631], [-122.153, 47.863], [-122.1533, 47.8342], [-122.1534, 47.8303], [-122.1427, 47.8304], [-122.1429, 47.8268], [-122.088, 47.8264], [-122.0879, 47.8191], [-122.0769, 47.8191], [-122.077, 47.8133], [-122.064, 47.819], [-122.0265, 47.8191], [-122.0427, 47.8244], [-122.0454, 47.8299], [-122.074, 47.8482], [-122.0656, 47.8477], [-122.0337, 47.8477], [-122.0339, 47.8628], [-122.0124, 47.8632], [-122.0125, 47.8778], [-121.9907, 47.8775], [-121.9914, 47.8849], [-121.991, 47.9142], [-121.9697, 47.9135], [-121.9697, 47.921], [-121.9491, 47.9206], [-121.9053, 47.9214], [-121.9051, 47.9434], [-121.9042, 47.9645], [-121.8719, 47.9645], [-121.8612, 47.9639], [-121.8398, 47.9639], [-121.8191, 47.9645], [-121.7971, 47.9644], [-121.7968, 47.9791], [-121.797, 48.008], [-121.8182, 48.0083], [-121.8394, 48.0076], [-121.8721, 48.008], [-121.9044, 48.008], [-121.9043, 47.9976], [-121.9152, 48.0007], [-121.9152, 48.008], [-121.9314, 48.008], [-121.9314, 48.0007], [-121.9476, 48.0009], [-121.9476, 48.008], [-121.9674, 48.0082], [-121.9669, 48.0226], [-121.9588, 48.0226], [-121.9578, 48.0364], [-122.0105, 48.0362], [-122.0102, 48.022], [-122.0213, 48.0224], [-122.0213, 48.019], [-122.027, 48.019], [-122.027, 48.0134], [-122.0376, 48.0154], [-122.038, 48.0042], [-122.0437, 48.0042], [-122.0438, 48.0004], [-122.0655, 48.0006], [-122.0657, 47.9927], [-122.071, 47.9928], [-122.0711, 47.9853], [-122.0766, 47.9842], [-122.0772, 47.9563], [-122.0986, 47.9564], [-122.0986, 47.9637], [-122.1091, 47.9637], [-122.109, 47.971], [-122.1362, 47.971]]]}, "properties": {"district": "Snohomish School District (WA)", "county": "Snohomish"}}, {"type": "Feature", "geometry": {"type": "Polygon", "coordinates": [[[-121.9921, 47.6443], [-122.0138, 47.6459], [-122.0139, 47.6314], [-122.003, 47.6306], [-122.003, 47.6199], [-121.9921, 47.619], [-121.9923, 47.6014], [-121.9707, 47.6011], [-121.9707, 47.5845], [-121.9717, 47.5657], [-121.9715, 47.5584], [-121.9315, 47.5579], [-121.9316, 47.5544], [-121.9196, 47.5543], [-121.9194, 47.5434], [-121.9088, 47.5434], [-121.9086, 47.5219], [-121.8978, 47.5218], [-121.8979, 47.5146], [-121.8872, 47.5146], [-121.8872, 47.5076], [-121.8769, 47.5075], [-121.8764, 47.5002], [-121.845, 47.4997], [-121.8443, 47.4851], [-121.8225, 47.485], [-121.8224, 47.4638], [-121.8228, 47.4345], [-121.7809, 47.4344], [-121.7807, 47.4241], [-121.786, 47.423], [-121.7948, 47.4149], [-121.7808, 47.4149], [-121.78, 47.3859], [-121.7805, 47.343], [-121.7494, 47.3425], [-121.7201, 47.3427], [-121.7171, 47.3407], [-121.6547, 47.3397], [-121.5012, 47.3394], [-121.4973, 47.3391], [-121.462, 47.3392], [-121.462, 47.3436], [-121.4447, 47.3438], [-121.4642, 47.3544], [-121.4615, 47.3591], [-121.4657, 47.3661], [-121.464, 47.3706], [-121.4593, 47.3731], [-121.454, 47.3718], [-121.4401, 47.3749], [-121.4414, 47.3803], [-121.4403, 47.3859], [-121.4298, 47.3871], [-121.4262, 47.3896], [-121.4275, 47.3959], [-121.4324, 47.3989], [-121.4231, 47.4056], [-121.4223, 47.4127], [-121.4284, 47.4164], [-121.4273, 47.4208], [-121.4224, 47.4223], [-121.4147, 47.4218], [-121.4113, 47.4231], [-121.4083, 47.4281], [-121.4005, 47.4322], [-121.385, 47.4346], [-121.3815, 47.4387], [-121.3853, 47.4449], [-121.379, 47.4507], [-121.3791, 47.4544], [-121.3707, 47.4604], [-121.3599, 47.4654], [-121.348, 47.4653], [-121.3385, 47.4763], [-121.332, 47.4737], [-121.3254, 47.478], [-121.3115, 47.4796], [-121.3111, 47.483], [-121.3031, 47.486], [-121.3004, 47.4958], [-121.2925, 47.5018], [-121.2874, 47.5131], [-121.2833, 47.5151], [-121.2837, 47.5188], [-121.338, 47.5188], [-121.3596, 47.5182], [-121.4717, 47.5187], [-121.4718, 47.5137], [-121.5073, 47.5139], [-121.5775, 47.514], [-121.5776, 47.5121], [-121.5984, 47.5121], [-121.5982, 47.5335], [-121.5975, 47.5506], [-121.5974, 47.5999], [-121.5867, 47.6], [-121.5867, 47.6287], [-121.5862, 47.6859], [-121.5857, 47.6864], [-121.6024, 47.6867], [-121.7036, 47.6873], [-121.7565, 47.6878], [-121.7582, 47.673], [-121.7576, 47.6595], [-121.7582, 47.644], [-121.7581, 47.6149], [-121.7798, 47.6142], [-121.8008, 47.6149], [-121.8541, 47.6151], [-121.8856, 47.6155], [-121.8857, 47.6007], [-121.9072, 47.6009], [-121.9088, 47.5835], [-121.9176, 47.5861], [-121.9231, 47.5914], [-121.914, 47.5971], [-121.9176, 47.6004], [-121.9495, 47.6011], [-121.9495, 47.6153], [-121.9442, 47.6154], [-121.9443, 47.6298], [-121.9389, 47.6297], [-121.9389, 47.6443], [-121.9921, 47.6443]]]}, "properties": {"district": "Snoqualmie Valley School District (WA)", "county": "King"}}, {"type": "Feature", "geometry": {"type": "Polygon", "coordinates": [[[-119.5334, 47.47], [-119.5329, 47.4191], [-119.5334, 47.3835], [-119.5334, 47.3541], [-119.4796, 47.3546], [-119.4797, 47.3691], [-119.4692, 47.3692], [-119.4691, 47.3836], [-119.4476, 47.3837], [-119.4477, 47.3764], [-119.4265, 47.3764], [-119.4265, 47.3836], [-119.4053, 47.3833], [-119.405, 47.4122], [-119.3734, 47.4117], [-119.3731, 47.426], [-119.3732, 47.4766], [-119.3945, 47.4768], [-119.3947, 47.5309], [-119.4535, 47.5312], [-119.4535, 47.5275], [-119.4826, 47.5275], [-119.4898, 47.527], [-119.5329, 47.5278], [-119.5332, 47.5132], [-119.5334, 47.47]]]}, "properties": {"district": "Soap Lake School District (WA)", "county": "Grant"}}, {"type": "Feature", "geometry": {"type": "Polygon", "coordinates": [[[-124.0013, 46.6766], [-124.0013, 46.6166], [-123.9859, 46.604], [-123.9826, 46.6005], [-123.9761, 46.5885], [-123.965, 46.5659], [-123.955, 46.5369], [-123.9167, 46.5321], [-123.8855, 46.5311], [-123.8641, 46.531], [-123.8271, 46.5297], [-123.7867, 46.5291], [-123.7457, 46.5271], [-123.7255, 46.5271], [-123.7247, 46.5631], [-123.7354, 46.5626], [-123.7564, 46.5626], [-123.7578, 46.6497], [-123.7567, 46.6635], [-123.7573, 46.6825], [-123.7684, 46.6763], [-123.7749, 46.6753], [-123.7806, 46.6782], [-123.789, 46.6728], [-123.7926, 46.6686], [-123.801, 46.665], [-123.8068, 46.6654], [-123.8112, 46.6684], [-123.8172, 46.6763], [-123.8181, 46.6842], [-123.8244, 46.6925], [-123.8353, 46.7012], [-123.8432, 46.7049], [-123.85, 46.7065], [-123.8718, 46.7078], [-123.8906, 46.7077], [-123.8955, 46.7354], [-123.8809, 46.735], [-123.7981, 46.7345], [-123.7976, 46.7636], [-123.7984, 46.7926], [-123.8565, 46.7916], [-123.877, 46.7919], [-123.8866, 46.7929], [-123.9152, 46.7926], [-123.9165, 46.75], [-123.9162, 46.7364], [-123.9129, 46.7306], [-123.9143, 46.7266], [-123.9215, 46.7276], [-123.9202, 46.7071], [-123.9468, 46.7043], [-123.9671, 46.7002], [-123.9763, 46.6975], [-123.9908, 46.6904], [-123.9963, 46.6858], [-124.0013, 46.6766]]]}, "properties": {"district": "South Bend School District (WA)", "county": "Pacific"}}, {"type": "Feature", "geometry": {"type": "Polygon", "coordinates": [[[-122.821, 47.5425], [-122.821, 47.5353], [-122.8159, 47.5352], [-122.8163, 47.5207], [-122.801, 47.5204], [-122.8013, 47.4908], [-122.8009, 47.4835], [-122.8005, 47.4473], [-122.8012, 47.4326], [-122.8012, 47.4036], [-122.7594, 47.4034], [-122.7371, 47.4037], [-122.7132, 47.4033], [-122.6742, 47.4034], [-122.6531, 47.4031], [-122.6263, 47.4035], [-122.5868, 47.4036], [-122.537, 47.4034], [-122.5279, 47.4161], [-122.5238, 47.4262], [-122.5234, 47.4452], [-122.5192, 47.4616], [-122.5142, 47.4701], [-122.5051, 47.4813], [-122.4956, 47.4916], [-122.4879, 47.5019], [-122.4852, 47.5077], [-122.4843, 47.515], [-122.48, 47.5217], [-122.474, 47.5266], [-122.4583, 47.5327], [-122.447, 47.54], [-122.4448, 47.5444], [-122.4439, 47.5518], [-122.4457, 47.5588], [-122.4531, 47.5691], [-122.4548, 47.5762], [-122.4716, 47.5686], [-122.4891, 47.5626], [-122.5043, 47.561], [-122.5126, 47.5619], [-122.5216, 47.5647], [-122.5341, 47.5711], [-122.5383, 47.5763], [-122.5417, 47.5857], [-122.5455, 47.5924], [-122.5539, 47.5944], [-122.566, 47.5889], [-122.5704, 47.5879], [-122.5783, 47.5828], [-122.5899, 47.5774], [-122.5996, 47.572], [-122.5965, 47.5702], [-122.6039, 47.5632], [-122.6109, 47.5597], [-122.6173, 47.5542], [-122.6237, 47.5541], [-122.6447, 47.5489], [-122.6539, 47.5454], [-122.6629, 47.5444], [-122.667, 47.5419], [-122.6947, 47.5418], [-122.6948, 47.5491], [-122.716, 47.5491], [-122.716, 47.5563], [-122.7362, 47.5561], [-122.7783, 47.5563], [-122.7785, 47.5419], [-122.821, 47.5425]]]}, "properties": {"district": "South Kitsap School District (WA)", "county": "Kitsap"}}, {"type": "Feature", "geometry": {"type": "Polygon", "coordinates": [[[-122.6386, 48.0353], [-122.6344, 48.0135], [-122.6313, 48.0029], [-122.6263, 47.9932], [-122.6183, 47.9833], [-122.6068, 47.973], [-122.5847, 47.9561], [-122.5777, 47.9525], [-122.5647, 47.9476], [-122.5268, 47.9381], [-122.5106, 47.9337], [-122.5018, 47.9297], [-122.4949, 47.9233], [-122.4898, 47.915], [-122.4855, 47.902], [-122.4797, 47.8897], [-122.4729, 47.8805], [-122.4444, 47.8555], [-122.4327, 47.842], [-122.4296, 47.8281], [-122.4229, 47.8385], [-122.412, 47.8506], [-122.3936, 47.8647], [-122.3762, 47.8763], [-122.3668, 47.8841], [-122.3563, 47.8943], [-122.3513, 47.9028], [-122.3488, 47.9147], [-122.3358, 47.9287], [-122.3333, 47.9332], [-122.3304, 47.9477], [-122.3285, 47.9638], [-122.3305, 47.9732], [-122.3343, 47.9817], [-122.3475, 48.0018], [-122.3521, 48.0134], [-122.3516, 48.0194], [-122.3469, 48.0294], [-122.3892, 48.0472], [-122.4567, 48.0903], [-122.5013, 48.1136], [-122.5182, 48.1217], [-122.5242, 48.1255], [-122.5392, 48.119], [-122.5486, 48.113], [-122.5538, 48.1082], [-122.5562, 48.1035], [-122.5553, 48.0978], [-122.5444, 48.0822], [-122.539, 48.0705], [-122.5335, 48.0542], [-122.5307, 48.0368], [-122.6386, 48.0353]]]}, "properties": {"district": "South Whidbey School District (WA)", "county": "Island"}}, {"type": "Feature", "geometry": {"type": "Polygon", "coordinates": [[[-123.0741, 47.2116], [-123.0765, 47.2112], [-123.0764, 47.2007], [-123.087, 47.2008], [-123.0867, 47.1863], [-123.0767, 47.1863], [-123.0762, 47.172], [-123.0448, 47.1709], [-123.0447, 47.1746], [-123.0394, 47.1745], [-123.0395, 47.1709], [-122.9917, 47.1706], [-122.9916, 47.1993], [-122.9983, 47.2006], [-123.0084, 47.2055], [-123.0232, 47.2054], [-123.0306, 47.2075], [-123.0431, 47.2069], [-123.0617, 47.2043], [-123.0705, 47.207], [-123.0741, 47.2116]]]}, "properties": {"district": "Southside School District (WA)", "county": "Mason"}}, {"type": "Feature", "geometry": {"type": "Polygon", "coordinates": [[[-117.5073, 47.7587], [-117.5194, 47.7577], [-117.5086, 47.7491], [-117.5075, 47.741], [-117.5031, 47.7372], [-117.5155, 47.7372], [-117.511, 47.7338], [-117.511, 47.73], [-117.5146, 47.7246], [-117.5097, 47.7205], [-117.5018, 47.7209], [-117.4989, 47.7191], [-117.5013, 47.7138], [-117.5, 47.7071], [-117.4946, 47.7043], [-117.4924, 47.7006], [-117.4968, 47.6983], [-117.4961, 47.6865], [-117.4912, 47.6864], [-117.4911, 47.6791], [-117.4858, 47.679], [-117.4856, 47.6717], [-117.5178, 47.6719], [-117.5182, 47.6648], [-117.5184, 47.6612], [-117.5075, 47.6611], [-117.5076, 47.643], [-117.4968, 47.6429], [-117.4967, 47.6465], [-117.4914, 47.6497], [-117.4828, 47.6502], [-117.4755, 47.6464], [-117.4757, 47.6403], [-117.4718, 47.6378], [-117.4651, 47.6407], [-117.4646, 47.6138], [-117.4263, 47.6136], [-117.4218, 47.6128], [-117.4225, 47.5874], [-117.3902, 47.5876], [-117.3904, 47.5803], [-117.3797, 47.5803], [-117.3798, 47.573], [-117.3416, 47.5728], [-117.3415, 47.5765], [-117.347, 47.5766], [-117.3469, 47.5802], [-117.3036, 47.5797], [-117.3035, 47.5943], [-117.2977, 47.5943], [-117.2976, 47.6135], [-117.2936, 47.6134], [-117.2936, 47.6207], [-117.3042, 47.6207], [-117.3041, 47.6569], [-117.3148, 47.657], [-117.3148, 47.6638], [-117.3219, 47.6639], [-117.3218, 47.6721], [-117.3361, 47.6694], [-117.3373, 47.6755], [-117.3121, 47.6821], [-117.3093, 47.6887], [-117.3039, 47.6887], [-117.3038, 47.7148], [-117.3359, 47.7146], [-117.3468, 47.715], [-117.3469, 47.722], [-117.3359, 47.7221], [-117.3361, 47.7293], [-117.3468, 47.7292], [-117.3471, 47.7436], [-117.3684, 47.7438], [-117.3682, 47.7311], [-117.3792, 47.7312], [-117.3792, 47.7294], [-117.4114, 47.7294], [-117.4114, 47.7258], [-117.422, 47.726], [-117.422, 47.7332], [-117.4323, 47.7334], [-117.4324, 47.7226], [-117.454, 47.7226], [-117.4619, 47.7251], [-117.4754, 47.7336], [-117.4752, 47.7423], [-117.4725, 47.7422], [-117.4724, 47.7494], [-117.475, 47.7494], [-117.4749, 47.7588], [-117.5073, 47.7587]]]}, "properties": {"district": "Spokane School District (WA)", "county": "Spokane"}}, {"type": "Feature", "geometry": {"type": "Polygon", "coordinates": [[[-118.09, 47.4069], [-118.1216, 47.4068], [-118.122, 47.3778], [-118.1437, 47.3774], [-118.1435, 47.3629], [-118.1864, 47.3624], [-118.1863, 47.3769], [-118.2077, 47.3765], [-118.2079, 47.362], [-118.2186, 47.3622], [-118.2188, 47.334], [-118.2295, 47.3339], [-118.2294, 47.3193], [-118.208, 47.3194], [-118.2083, 47.3048], [-118.2298, 47.3043], [-118.2304, 47.2897], [-118.2084, 47.2898], [-118.2088, 47.2612], [-118.1261, 47.2611], [-118.1074, 47.261], [-118.1078, 47.2481], [-118.0997, 47.2482], [-118.0901, 47.2534], [-118.0736, 47.258], [-118.0705, 47.2602], [-118.0465, 47.26], [-117.9609, 47.2606], [-117.8236, 47.2602], [-117.8232, 47.3481], [-117.8234, 47.3767], [-117.8229, 47.4206], [-117.8657, 47.4209], [-117.8657, 47.4283], [-117.8875, 47.4285], [-117.8876, 47.4209], [-117.9035, 47.4213], [-117.9035, 47.4176], [-117.9088, 47.4177], [-117.9088, 47.4139], [-117.9302, 47.4143], [-117.9304, 47.4361], [-118.0161, 47.436], [-118.0155, 47.422], [-118.0158, 47.4074], [-118.037, 47.4073], [-118.0368, 47.4219], [-118.0584, 47.422], [-118.0584, 47.4073], [-118.09, 47.4069]]]}, "properties": {"district": "Sprague School District (WA)", "county": "Lincoln"}}, {"type": "Feature", "geometry": {"type": "MultiPolygon", "coordinates": [[[[-117.4887, 47.2668], [-117.478, 47.2668], [-117.478, 47.274], [-117.4887, 47.274], [-117.4887, 47.2668]]], [[[-117.7281, 47.2228], [-117.7279, 47.2083], [-117.7707, 47.2076], [-117.7705, 47.1933], [-117.7919, 47.1929], [-117.7912, 47.156], [-117.802, 47.156], [-117.8019, 47.134], [-117.8125, 47.1339], [-117.8121, 47.1193], [-117.8532, 47.1191], [-117.8531, 47.09], [-117.8117, 47.09], [-117.7797, 47.0906], [-117.7799, 47.0979], [-117.7693, 47.098], [-117.768, 47.0178], [-117.768, 47.0031], [-117.7468, 47.0032], [-117.7465, 46.9742], [-117.725, 46.9742], [-117.725, 46.9815], [-117.704, 46.9818], [-117.7042, 46.989], [-117.6612, 46.9894], [-117.6614, 46.9966], [-117.6509, 46.9966], [-117.6507, 46.9895], [-117.6402, 46.9896], [-117.6407, 47.0038], [-117.5764, 47.0043], [-117.5761, 46.9896], [-117.5815, 46.9896], [-117.5814, 46.9859], [-117.5867, 46.9859], [-117.5867, 46.9823], [-117.565, 46.9824], [-117.5651, 46.9897], [-117.5336, 46.9899], [-117.5335, 46.9791], [-117.5369, 46.9786], [-117.5379, 46.9742], [-117.5455, 46.9702], [-117.5434, 46.9676], [-117.5308, 46.9673], [-117.5184, 46.959], [-117.5064, 46.9574], [-117.5037, 46.9537], [-117.499, 46.955], [-117.4932, 46.9479], [-117.4865, 46.952], [-117.4801, 46.9537], [-117.4769, 46.9453], [-117.4689, 46.9435], [-117.467, 46.9496], [-117.4586, 46.9539], [-117.4369, 46.954], [-117.4361, 46.9618], [-117.4367, 46.9727], [-117.4369, 46.9763], [-117.4482, 46.9757], [-117.4483, 46.9902], [-117.4501, 47.0051], [-117.4501, 47.0236], [-117.4284, 47.0236], [-117.4284, 47.0273], [-117.407, 47.0276], [-117.407, 47.0349], [-117.407, 47.0386], [-117.4285, 47.0384], [-117.4285, 47.0347], [-117.4393, 47.0347], [-117.4394, 47.042], [-117.4501, 47.042], [-117.4502, 47.0568], [-117.4395, 47.0568], [-117.4397, 47.0642], [-117.4292, 47.0641], [-117.4287, 47.0863], [-117.4497, 47.0863], [-117.4497, 47.079], [-117.4604, 47.0783], [-117.4604, 47.0935], [-117.4498, 47.0937], [-117.4499, 47.1011], [-117.4392, 47.1011], [-117.4392, 47.1084], [-117.45, 47.1085], [-117.45, 47.1122], [-117.4393, 47.1121], [-117.4393, 47.1158], [-117.4501, 47.1158], [-117.4504, 47.1375], [-117.4609, 47.1374], [-117.4612, 47.152], [-117.4506, 47.1522], [-117.4507, 47.1595], [-117.4181, 47.1595], [-117.4181, 47.1644], [-117.4218, 47.1678], [-117.4372, 47.1688], [-117.437, 47.1668], [-117.4612, 47.1668], [-117.4665, 47.163], [-117.4664, 47.1593], [-117.4718, 47.1592], [-117.4716, 47.1739], [-117.4826, 47.1738], [-117.4832, 47.182], [-117.4753, 47.1802], [-117.4724, 47.1819], [-117.4725, 47.2069], [-117.494, 47.2065], [-117.4944, 47.2397], [-117.4998, 47.2396], [-117.4999, 47.2433], [-117.473, 47.2438], [-117.4733, 47.2595], [-117.4887, 47.2595], [-117.4887, 47.2668], [-117.4972, 47.2668], [-117.4969, 47.2699], [-117.4912, 47.277], [-117.4995, 47.2769], [-117.4995, 47.274], [-117.5103, 47.2741], [-117.5101, 47.296], [-117.5636, 47.2962], [-117.5634, 47.2599], [-117.6656, 47.26], [-117.6652, 47.2378], [-117.6865, 47.2377], [-117.6863, 47.223], [-117.7281, 47.2228]]]]}, "properties": {"district": "St. John School District (WA)", "county": "Whitman"}}, {"type": "Feature", "geometry": {"type": "Polygon", "coordinates": [[[-122.5939, 48.2367], [-122.59, 48.2235], [-122.5849, 48.2094], [-122.5775, 48.1949], [-122.571, 48.1859], [-122.557, 48.1706], [-122.5242, 48.1255], [-122.5182, 48.1217], [-122.5013, 48.1136], [-122.4567, 48.0903], [-122.3892, 48.0472], [-122.3469, 48.0294], [-122.3431, 48.0365], [-122.3394, 48.0495], [-122.3425, 48.0633], [-122.3503, 48.0803], [-122.3585, 48.0913], [-122.3651, 48.0986], [-122.3771, 48.1082], [-122.3906, 48.1236], [-122.3632, 48.1233], [-122.3143, 48.1233], [-122.3142, 48.1523], [-122.3034, 48.1522], [-122.3027, 48.1667], [-122.2916, 48.1665], [-122.2912, 48.181], [-122.3021, 48.1806], [-122.3019, 48.1884], [-122.2991, 48.1884], [-122.299, 48.1956], [-122.3017, 48.1956], [-122.3024, 48.2047], [-122.2937, 48.2117], [-122.2871, 48.2109], [-122.2797, 48.2068], [-122.2771, 48.2037], [-122.2661, 48.206], [-122.2599, 48.2045], [-122.2606, 48.2098], [-122.2543, 48.2133], [-122.2483, 48.2126], [-122.248, 48.2244], [-122.2373, 48.2243], [-122.2372, 48.246], [-122.2049, 48.2463], [-122.205, 48.2658], [-122.2039, 48.2976], [-122.2475, 48.2974], [-122.2971, 48.2977], [-122.3354, 48.2975], [-122.4007, 48.2978], [-122.4586, 48.2977], [-122.4528, 48.2956], [-122.4365, 48.2858], [-122.4251, 48.2753], [-122.4478, 48.2758], [-122.4605, 48.2753], [-122.48, 48.2718], [-122.5013, 48.2636], [-122.5185, 48.2588], [-122.5389, 48.2515], [-122.5439, 48.2491], [-122.5668, 48.2468], [-122.5837, 48.2399], [-122.5939, 48.2367]]]}, "properties": {"district": "Stanwood-Camano School District (WA)", "county": "Snohomish"}}, {"type": "Feature", "geometry": {"type": "Polygon", "coordinates": [[[-118.8253, 46.3853], [-118.8267, 46.3561], [-118.8272, 46.327], [-118.8063, 46.327], [-118.8062, 46.3125], [-118.7734, 46.3123], [-118.7737, 46.318], [-118.7623, 46.325], [-118.7604, 46.3284], [-118.7594, 46.3371], [-118.7574, 46.3433], [-118.7462, 46.3595], [-118.7424, 46.3608], [-118.7209, 46.3613], [-118.7049, 46.3596], [-118.6971, 46.3633], [-118.6954, 46.376], [-118.6912, 46.3811], [-118.6745, 46.3852], [-118.6689, 46.3892], [-118.6608, 46.4025], [-118.6552, 46.4057], [-118.6374, 46.4107], [-118.6338, 46.414], [-118.6342, 46.422], [-118.638, 46.4334], [-118.6366, 46.4381], [-118.6311, 46.4479], [-118.632, 46.4543], [-118.6242, 46.4654], [-118.619, 46.4744], [-118.6184, 46.4786], [-118.6207, 46.4885], [-118.6199, 46.495], [-118.6156, 46.5045], [-118.6047, 46.5141], [-118.6175, 46.5142], [-118.6172, 46.5364], [-118.638, 46.5365], [-118.638, 46.5292], [-118.6796, 46.5297], [-118.6794, 46.5004], [-118.6899, 46.5005], [-118.69, 46.4859], [-118.7108, 46.4862], [-118.7107, 46.4716], [-118.7413, 46.4721], [-118.7625, 46.4722], [-118.7624, 46.4686], [-118.7677, 46.4686], [-118.7677, 46.4723], [-118.7834, 46.4723], [-118.7831, 46.4289], [-118.7831, 46.3998], [-118.8042, 46.3998], [-118.8042, 46.3853], [-118.8253, 46.3853]]]}, "properties": {"district": "Star School District No. 054 (WA)", "county": "Franklin"}}, {"type": "Feature", "geometry": {"type": "Polygon", "coordinates": [[[-118.2286, 46.5934], [-118.2286, 46.575], [-118.228, 46.5604], [-118.2414, 46.5605], [-118.2422, 46.5546], [-118.2419, 46.4993], [-118.2414, 46.477], [-118.2209, 46.4771], [-118.2209, 46.4846], [-118.2001, 46.4848], [-118.2003, 46.4996], [-118.1794, 46.4998], [-118.1791, 46.4849], [-118.1896, 46.4849], [-118.1894, 46.47], [-118.2, 46.4699], [-118.2001, 46.4482], [-118.2211, 46.4477], [-118.221, 46.4551], [-118.2418, 46.4549], [-118.242, 46.4407], [-118.2417, 46.411], [-118.1997, 46.4112], [-118.1996, 46.4258], [-118.1894, 46.426], [-118.1579, 46.4265], [-118.1579, 46.4338], [-118.1367, 46.4339], [-118.1367, 46.4119], [-118.1286, 46.412], [-118.1215, 46.4166], [-118.1153, 46.4181], [-118.109, 46.4173], [-118.1057, 46.4135], [-118.1058, 46.4412], [-118.0954, 46.4413], [-118.0953, 46.412], [-118.0745, 46.412], [-118.0744, 46.4412], [-118.0534, 46.4411], [-118.0533, 46.4558], [-118.0321, 46.4558], [-118.0321, 46.4595], [-118.0107, 46.4595], [-118.0106, 46.4707], [-118.0321, 46.4707], [-118.0318, 46.5243], [-118.0315, 46.5295], [-118.0101, 46.5301], [-117.9873, 46.5297], [-117.9866, 46.5601], [-117.9795, 46.5601], [-117.9801, 46.5878], [-117.989, 46.5868], [-118, 46.5884], [-118.0121, 46.5879], [-118.0352, 46.5852], [-118.0483, 46.5793], [-118.056, 46.5771], [-118.0691, 46.5747], [-118.0833, 46.5751], [-118.0929, 46.5745], [-118.1001, 46.5702], [-118.1044, 46.5616], [-118.1104, 46.5584], [-118.1185, 46.5568], [-118.1431, 46.5578], [-118.1583, 46.5549], [-118.1653, 46.5551], [-118.1726, 46.5569], [-118.1788, 46.5605], [-118.1834, 46.5661], [-118.193, 46.5718], [-118.2111, 46.5876], [-118.2157, 46.5889], [-118.2245, 46.591], [-118.2286, 46.5934]]]}, "properties": {"district": "Starbuck School District (WA)", "county": "Columbia"}}, {"type": "Feature", "geometry": {"type": "Polygon", "coordinates": [[[-120.7021, 48.5316], [-120.7031, 48.5278], [-120.7095, 48.5233], [-120.7184, 48.5227], [-120.7309, 48.5179], [-120.7418, 48.5181], [-120.7502, 48.5155], [-120.7519, 48.5129], [-120.7656, 48.5089], [-120.7879, 48.5071], [-120.8018, 48.5105], [-120.8168, 48.5196], [-120.8176, 48.5221], [-120.8102, 48.5276], [-120.8104, 48.5306], [-120.8164, 48.5352], [-120.817, 48.5377], [-120.8265, 48.542], [-120.8264, 48.5465], [-120.8447, 48.5506], [-120.8574, 48.5477], [-120.8609, 48.5421], [-120.8577, 48.5374], [-120.8632, 48.5301], [-120.8718, 48.5311], [-120.8767, 48.5355], [-120.8854, 48.5382], [-120.8943, 48.5359], [-120.8981, 48.5328], [-120.904, 48.5334], [-120.9026, 48.5273], [-120.9046, 48.5237], [-120.9227, 48.5252], [-120.9353, 48.5293], [-120.9505, 48.5296], [-120.9543, 48.5224], [-120.95, 48.5153], [-120.9489, 48.5051], [-120.9511, 48.4996], [-120.9599, 48.5], [-120.9638, 48.4986], [-120.9688, 48.5001], [-120.9852, 48.4978], [-120.9929, 48.499], [-121.0011, 48.4942], [-121.0156, 48.4943], [-121.0236, 48.4954], [-121.0362, 48.4953], [-121.0497, 48.4854], [-121.0565, 48.4764], [-121.0567, 48.4714], [-121.06, 48.4672], [-121.0625, 48.4604], [-121.0608, 48.4552], [-121.0555, 48.4502], [-121.041, 48.4457], [-121.0383, 48.4381], [-121.038, 48.4318], [-121.0425, 48.4306], [-121.0454, 48.4183], [-121.0416, 48.4113], [-121.047, 48.4105], [-121.0555, 48.4126], [-121.0623, 48.4053], [-121.0664, 48.3935], [-121.0599, 48.3879], [-121.0588, 48.3824], [-121.0618, 48.3796], [-121.0526, 48.3736], [-121.0435, 48.364], [-121.0408, 48.3564], [-121.0423, 48.3537], [-121.0405, 48.3485], [-121.043, 48.3457], [-121.0524, 48.345], [-121.0594, 48.3467], [-121.0639, 48.3436], [-121.0657, 48.3382], [-121.0692, 48.339], [-121.0701, 48.3304], [-121.0658, 48.3263], [-121.0716, 48.3178], [-121.0672, 48.3151], [-121.0599, 48.3165], [-121.0542, 48.3144], [-121.0466, 48.3092], [-121.0346, 48.3115], [-121.0289, 48.3076], [-121.0285, 48.3039], [-121.0038, 48.2994], [-121.0017, 48.296], [-121.0006, 48.2905], [-121.0044, 48.2854], [-121.0123, 48.2818], [-121.0113, 48.2782], [-121.0061, 48.2743], [-121.0056, 48.2701], [-120.9999, 48.2629], [-120.9904, 48.2556], [-120.9825, 48.2513], [-120.9812, 48.2467], [-120.9744, 48.2388], [-120.9731, 48.2353], [-120.9598, 48.2278], [-120.9657, 48.2178], [-120.9637, 48.2107], [-120.9378, 48.2121], [-120.9154, 48.2173], [-120.9007, 48.2199], [-120.8929, 48.2235], [-120.8829, 48.2313], [-120.8728, 48.2439], [-120.8252, 48.2421], [-120.817, 48.2403], [-120.8137, 48.244], [-120.7992, 48.2411], [-120.787, 48.2444], [-120.7822, 48.2443], [-120.7786, 48.2385], [-120.7654, 48.2319], [-120.7589, 48.2335], [-120.738, 48.2281], [-120.7383, 48.226], [-120.7311, 48.222], [-120.7238, 48.2151], [-120.7163, 48.2122], [-120.7033, 48.21], [-120.6849, 48.2112], [-120.6766, 48.2161], [-120.6738, 48.222], [-120.612, 48.222], [-120.609, 48.217], [-120.6042, 48.2127], [-120.5904, 48.2044], [-120.582, 48.2001], [-120.5734, 48.1976], [-120.559, 48.195], [-120.5543, 48.1933], [-120.548, 48.1983], [-120.5442, 48.2034], [-120.5336, 48.206], [-120.5222, 48.2046], [-120.5174, 48.2052], [-120.51, 48.2086], [-120.4985, 48.208], [-120.4842, 48.2159], [-120.4774, 48.2147], [-120.4266, 48.2518], [-120.4297, 48.2549], [-120.4427, 48.2602], [-120.4512, 48.261], [-120.4614, 48.2665], [-120.4691, 48.269], [-120.4632, 48.2725], [-120.4645, 48.2749], [-120.4763, 48.2784], [-120.4823, 48.284], [-120.4886, 48.2874], [-120.4943, 48.2928], [-120.4988, 48.2951], [-120.5082, 48.3103], [-120.5123, 48.312], [-120.5191, 48.3113], [-120.5273, 48.3066], [-120.5472, 48.3067], [-120.5529, 48.3112], [-120.5569, 48.3124], [-120.5653, 48.3176], [-120.5832, 48.3191], [-120.5885, 48.3235], [-120.584, 48.3278], [-120.586, 48.3368], [-120.5826, 48.3427], [-120.5775, 48.3461], [-120.5697, 48.3489], [-120.5664, 48.3581], [-120.5602, 48.361], [-120.5632, 48.3708], [-120.5673, 48.3755], [-120.5842, 48.38], [-120.5887, 48.3842], [-120.5995, 48.3857], [-120.6105, 48.3943], [-120.6211, 48.3988], [-120.6252, 48.3976], [-120.6401, 48.3971], [-120.6499, 48.3981], [-120.6417, 48.4111], [-120.6503, 48.4148], [-120.652, 48.4233], [-120.6552, 48.4301], [-120.6515, 48.4323], [-120.6528, 48.4379], [-120.6629, 48.4426], [-120.6688, 48.4497], [-120.6666, 48.4515], [-120.6548, 48.4532], [-120.6508, 48.4607], [-120.641, 48.4666], [-120.6333, 48.4681], [-120.6379, 48.4735], [-120.6514, 48.4777], [-120.6537, 48.4818], [-120.649, 48.4896], [-120.6416, 48.4926], [-120.6385, 48.4963], [-120.63, 48.4957], [-120.63, 48.4995], [-120.6477, 48.5052], [-120.6572, 48.5073], [-120.6558, 48.5117], [-120.6578, 48.5156], [-120.6558, 48.5226], [-120.649, 48.5269], [-120.649, 48.5328], [-120.6523, 48.5369], [-120.6775, 48.531], [-120.6876, 48.5305], [-120.6959, 48.5325], [-120.7021, 48.5316]]]}, "properties": {"district": "Stehekin School District (WA)", "county": "Chelan"}}, {"type": "Feature", "geometry": {"type": "Polygon", "coordinates": [[[-122.6009, 47.2097], [-122.6221, 47.2092], [-122.6753, 47.2513], [-122.7112, 47.2305], [-122.7165, 47.2192], [-122.7325, 47.2058], [-122.731, 47.1995], [-122.711, 47.196], [-122.7226, 47.1871], [-122.7502, 47.1582], [-122.7512, 47.1548], [-122.7597, 47.1461], [-122.7595, 47.1413], [-122.7311, 47.1265], [-122.7174, 47.1188], [-122.6982, 47.116], [-122.6922, 47.0992], [-122.697, 47.0943], [-122.6972, 47.0896], [-122.7075, 47.0853], [-122.7058, 47.0827], [-122.7081, 47.0776], [-122.704, 47.0719], [-122.6886, 47.0776], [-122.6752, 47.0814], [-122.6751, 47.0902], [-122.6699, 47.09], [-122.6699, 47.0973], [-122.6647, 47.0973], [-122.6647, 47.0936], [-122.6466, 47.0935], [-122.6466, 47.0879], [-122.6212, 47.0942], [-122.6224, 47.0951], [-122.6225, 47.1116], [-122.625, 47.1139], [-122.6247, 47.1227], [-122.6275, 47.1263], [-122.6434, 47.1263], [-122.6435, 47.135], [-122.6377, 47.1354], [-122.6276, 47.1409], [-122.612, 47.141], [-122.6116, 47.1483], [-122.5898, 47.1487], [-122.5897, 47.156], [-122.5791, 47.156], [-122.5792, 47.165], [-122.5779, 47.1669], [-122.5633, 47.1666], [-122.5635, 47.1958], [-122.5593, 47.1957], [-122.5595, 47.199], [-122.5775, 47.1988], [-122.5773, 47.1958], [-122.5935, 47.1963], [-122.6008, 47.1988], [-122.6009, 47.2097]]]}, "properties": {"district": "Steilacoom Hist. School District (WA)", "county": "Pierce"}}, {"type": "Feature", "geometry": {"type": "Polygon", "coordinates": [[[-117.407, 47.0349], [-117.407, 47.0276], [-117.4284, 47.0273], [-117.4284, 47.0236], [-117.4501, 47.0236], [-117.4501, 47.0051], [-117.4483, 46.9902], [-117.4482, 46.9757], [-117.4369, 46.9763], [-117.4367, 46.9727], [-117.4252, 46.9733], [-117.4256, 46.977], [-117.4201, 46.9768], [-117.4201, 46.9839], [-117.4255, 46.9839], [-117.4254, 46.9909], [-117.4039, 46.9912], [-117.4038, 46.9838], [-117.3854, 46.9833], [-117.3853, 46.9761], [-117.3417, 46.9756], [-117.3302, 46.9758], [-117.3301, 46.9686], [-117.3186, 46.9688], [-117.3186, 46.9651], [-117.3113, 46.9652], [-117.3113, 46.9707], [-117.3088, 46.9762], [-117.2991, 46.9762], [-117.2991, 46.9689], [-117.3088, 46.9689], [-117.3089, 46.9616], [-117.3005, 46.9616], [-117.2993, 46.9542], [-117.2773, 46.9543], [-117.2771, 46.9617], [-117.2992, 46.9616], [-117.2991, 46.9678], [-117.288, 46.9654], [-117.2881, 46.9764], [-117.2666, 46.9765], [-117.2561, 46.9757], [-117.2564, 46.9904], [-117.2665, 46.9913], [-117.2775, 46.9912], [-117.2762, 47.013], [-117.2655, 47.013], [-117.2655, 47.0149], [-117.2548, 47.0149], [-117.255, 47.0204], [-117.2546, 47.0353], [-117.2771, 47.0352], [-117.2981, 47.0347], [-117.2982, 47.0495], [-117.3314, 47.05], [-117.3314, 47.0574], [-117.341, 47.0577], [-117.341, 47.0651], [-117.3626, 47.0651], [-117.3626, 47.0614], [-117.3518, 47.0614], [-117.3517, 47.0505], [-117.362, 47.0504], [-117.3786, 47.0575], [-117.3797, 47.0644], [-117.4074, 47.064], [-117.407, 47.0423], [-117.4018, 47.0422], [-117.4017, 47.0349], [-117.407, 47.0349]]]}, "properties": {"district": "Steptoe School District (WA)", "county": "Whitman"}}, {"type": "Feature", "geometry": {"type": "Polygon", "coordinates": [[[-122.2455, 46.2113], [-122.2467, 46.2006], [-122.2465, 46.1569], [-122.246, 46.1281], [-122.2458, 46.0632], [-122.1999, 46.0635], [-122.1946, 46.0614], [-122.1947, 46.0696], [-122.2453, 46.0693], [-122.2455, 46.1237], [-122.2454, 46.1419], [-122.2459, 46.2047], [-122.2449, 46.211], [-122.241, 46.211], [-122.2407, 46.3234], [-122.2403, 46.3304], [-122.2399, 46.3669], [-122.2392, 46.3856], [-122.1978, 46.3861], [-122.1558, 46.3859], [-122.1143, 46.3862], [-122.114, 46.388], [-122.0952, 46.3879], [-122.0955, 46.356], [-122.0945, 46.3558], [-122.0939, 46.3271], [-122.094, 46.2982], [-122.0946, 46.2837], [-122.0952, 46.2398], [-122.0947, 46.211], [-122.0807, 46.2109], [-122.0806, 46.1427], [-122.0804, 46.1284], [-122.0805, 46.0405], [-122.0597, 46.0406], [-121.9972, 46.0402], [-121.9977, 46.0109], [-121.9973, 46.0001], [-121.9971, 45.9537], [-121.9973, 45.8662], [-122.0042, 45.8662], [-122.0041, 45.7787], [-122.003, 45.7668], [-122.0029, 45.7525], [-122.0039, 45.7452], [-122.0037, 45.7091], [-122.004, 45.6945], [-121.9827, 45.6946], [-121.9601, 45.6941], [-121.961, 45.6656], [-121.9508, 45.6656], [-121.9509, 45.6514], [-121.9556, 45.6514], [-121.9557, 45.6575], [-121.9636, 45.6559], [-121.9636, 45.652], [-121.9751, 45.6512], [-121.9817, 45.6472], [-121.9817, 45.6443], [-121.992, 45.6441], [-121.992, 45.6389], [-122.0028, 45.6337], [-122.0027, 45.6261], [-121.9987, 45.6265], [-121.9865, 45.6303], [-121.9788, 45.6296], [-121.9634, 45.6377], [-121.9612, 45.6356], [-121.9558, 45.6436], [-121.9517, 45.6448], [-121.935, 45.6442], [-121.9081, 45.6546], [-121.9008, 45.662], [-121.9017, 45.6707], [-121.867, 45.6934], [-121.8112, 45.7067], [-121.7351, 45.694], [-121.7117, 45.6947], [-121.7118, 45.7403], [-121.7138, 45.7538], [-121.7115, 45.7828], [-121.7115, 45.8701], [-121.6749, 45.8701], [-121.6702, 45.8711], [-121.65, 45.8707], [-121.6125, 45.8704], [-121.6126, 45.8989], [-121.6124, 45.956], [-121.6127, 45.985], [-121.6122, 46.0441], [-121.5708, 46.0438], [-121.5223, 46.044], [-121.5223, 46.1593], [-121.5223, 46.2423], [-121.5223, 46.3882], [-121.5223, 46.3886], [-121.6869, 46.3886], [-121.7887, 46.3886], [-121.9117, 46.3886], [-121.9899, 46.3886], [-121.9899, 46.388], [-122.0321, 46.3878], [-122.1145, 46.3883], [-122.1143, 46.3865], [-122.1558, 46.3862], [-122.1978, 46.3863], [-122.241, 46.3859], [-122.241, 46.3854], [-122.2395, 46.3854], [-122.2402, 46.3708], [-122.2411, 46.3275], [-122.2413, 46.298], [-122.241, 46.2829], [-122.2412, 46.2544], [-122.242, 46.2116], [-122.2455, 46.2113]]]}, "properties": {"district": "Stevenson-Carson School District (WA)", "county": "Skamania"}}, {"type": "Feature", "geometry": {"type": "Polygon", "coordinates": [[[-121.7968, 47.9791], [-121.7971, 47.9644], [-121.8191, 47.9645], [-121.8398, 47.9639], [-121.8612, 47.9639], [-121.8719, 47.9645], [-121.9042, 47.9645], [-121.9051, 47.9434], [-121.9053, 47.9214], [-121.9058, 47.8924], [-121.8642, 47.892], [-121.8632, 47.8596], [-121.8951, 47.8597], [-121.8951, 47.8543], [-121.881, 47.8474], [-121.8699, 47.845], [-121.8632, 47.8447], [-121.8635, 47.8349], [-121.8624, 47.8189], [-121.8633, 47.7915], [-121.8619, 47.7773], [-121.8192, 47.777], [-121.7762, 47.7774], [-121.7555, 47.7771], [-121.7445, 47.7778], [-121.7132, 47.7771], [-121.6708, 47.7773], [-121.6274, 47.7769], [-121.5845, 47.7771], [-121.585, 47.8066], [-121.5845, 47.8275], [-121.5849, 47.8349], [-121.585, 47.864], [-121.5827, 47.8633], [-121.5205, 47.8634], [-121.4565, 47.8627], [-121.328, 47.8628], [-121.328, 47.8668], [-121.1521, 47.8668], [-121.1523, 47.869], [-121.1583, 47.8766], [-121.157, 47.882], [-121.1659, 47.8793], [-121.1695, 47.8832], [-121.1754, 47.8859], [-121.1767, 47.8954], [-121.1808, 47.8988], [-121.1773, 47.9055], [-121.1714, 47.9122], [-121.179, 47.9195], [-121.1705, 47.9244], [-121.1727, 47.9297], [-121.1711, 47.9364], [-121.1664, 47.9382], [-121.1622, 47.9441], [-121.1619, 47.9483], [-121.165, 47.9545], [-121.1624, 47.9584], [-121.1583, 47.9595], [-121.1484, 47.9707], [-121.1476, 47.981], [-121.1417, 47.9833], [-121.1356, 47.983], [-121.1281, 47.99], [-121.1643, 47.99], [-121.1685, 47.9883], [-121.1679, 47.9794], [-121.1954, 47.9794], [-121.1954, 47.9649], [-121.3311, 47.9649], [-121.45, 47.9649], [-121.4942, 47.965], [-121.4942, 47.9794], [-121.568, 47.9795], [-121.5858, 47.9791], [-121.6787, 47.9796], [-121.7112, 47.979], [-121.7968, 47.9791]]]}, "properties": {"district": "Sultan School District (WA)", "county": "Snohomish"}}, {"type": "Feature", "geometry": {"type": "Polygon", "coordinates": [[[-118.0308, 48.3509], [-118.0307, 48.3217], [-118.0417, 48.3218], [-118.0416, 48.3111], [-118.0307, 48.3111], [-118.0296, 48.3074], [-118.0294, 48.296], [-118.0401, 48.2958], [-118.0404, 48.2815], [-118.0729, 48.2815], [-118.0727, 48.267], [-118.0727, 48.2453], [-118.0618, 48.2451], [-118.0618, 48.2233], [-118.0165, 48.2232], [-117.9528, 48.2234], [-117.9536, 48.2527], [-117.9316, 48.2513], [-117.8887, 48.2513], [-117.889, 48.2798], [-117.932, 48.2795], [-117.9322, 48.2866], [-117.9375, 48.2871], [-117.9374, 48.2942], [-117.9321, 48.2936], [-117.9053, 48.2938], [-117.9053, 48.2974], [-117.8945, 48.2974], [-117.8945, 48.301], [-117.8891, 48.3011], [-117.8891, 48.2938], [-117.8678, 48.2942], [-117.8681, 48.3302], [-117.8793, 48.3301], [-117.8796, 48.3373], [-117.891, 48.3372], [-117.8906, 48.33], [-117.9548, 48.329], [-117.9656, 48.3291], [-117.9658, 48.3507], [-118.0308, 48.3509]]]}, "properties": {"district": "Summit Valley School District (WA)", "county": "Stevens"}}, {"type": "Feature", "geometry": {"type": "Polygon", "coordinates": [[[-122.2609, 47.2501], [-122.261, 47.2428], [-122.2557, 47.2429], [-122.2562, 47.2321], [-122.2589, 47.2321], [-122.2591, 47.2248], [-122.2565, 47.2249], [-122.2564, 47.2149], [-122.2631, 47.2138], [-122.2628, 47.2102], [-122.2725, 47.2102], [-122.2691, 47.2065], [-122.2676, 47.1972], [-122.2589, 47.1995], [-122.2459, 47.1954], [-122.2402, 47.1893], [-122.2293, 47.1844], [-122.2474, 47.1844], [-122.2408, 47.177], [-122.2362, 47.1734], [-122.2363, 47.1654], [-122.2399, 47.1617], [-122.2399, 47.1471], [-122.2453, 47.1449], [-122.2456, 47.1254], [-122.2443, 47.1244], [-122.2333, 47.1245], [-122.2358, 47.1296], [-122.2223, 47.1276], [-122.2148, 47.1256], [-122.1883, 47.1256], [-122.1879, 47.0964], [-122.1826, 47.0965], [-122.183, 47.1038], [-122.167, 47.1039], [-122.1671, 47.1186], [-122.1562, 47.1184], [-122.1559, 47.1256], [-122.1453, 47.1254], [-122.1453, 47.1326], [-122.1343, 47.1326], [-122.134, 47.1398], [-122.145, 47.14], [-122.1442, 47.162], [-122.1605, 47.1626], [-122.1657, 47.1656], [-122.1654, 47.1695], [-122.1495, 47.1679], [-122.1494, 47.1737], [-122.1576, 47.1737], [-122.1569, 47.1882], [-122.1441, 47.1884], [-122.1442, 47.2031], [-122.1622, 47.2108], [-122.1645, 47.2132], [-122.174, 47.2173], [-122.1776, 47.228], [-122.19, 47.2286], [-122.203, 47.2282], [-122.2028, 47.221], [-122.2083, 47.2208], [-122.2083, 47.228], [-122.2316, 47.2282], [-122.2348, 47.2436], [-122.2375, 47.2457], [-122.2434, 47.2442], [-122.2441, 47.252], [-122.2402, 47.2575], [-122.2621, 47.2574], [-122.2609, 47.2501]]]}, "properties": {"district": "Sumner School District (WA)", "county": "Pierce"}}, {"type": "Feature", "geometry": {"type": "Polygon", "coordinates": [[[-120.1254, 46.4767], [-120.1254, 46.4043], [-120.1257, 46.3456], [-120.1255, 46.3172], [-120.1452, 46.3177], [-120.145, 46.3138], [-120.141, 46.3122], [-120.1371, 46.3156], [-120.1318, 46.311], [-120.1298, 46.3071], [-120.1251, 46.3035], [-120.1235, 46.298], [-120.1115, 46.2967], [-120.1116, 46.3014], [-120.1015, 46.2957], [-120.0958, 46.2962], [-120.0965, 46.2902], [-120.0922, 46.289], [-120.0919, 46.2768], [-120.094, 46.2701], [-120.0911, 46.2664], [-120.0991, 46.2662], [-120.1014, 46.2635], [-120.0968, 46.2604], [-120.102, 46.2574], [-120.1042, 46.2648], [-120.1089, 46.2659], [-120.1111, 46.261], [-120.1025, 46.2551], [-120.1054, 46.2506], [-120.1031, 46.2486], [-120.0992, 46.2489], [-120.0938, 46.2531], [-120.084, 46.2495], [-120.0762, 46.2524], [-120.0753, 46.2435], [-120.0668, 46.247], [-120.0588, 46.2456], [-120.061, 46.2392], [-120.0518, 46.2377], [-120.0478, 46.2337], [-120.0405, 46.2358], [-120.0224, 46.2378], [-120.0204, 46.2389], [-120.0205, 46.2512], [-120.0099, 46.2511], [-120.0098, 46.2656], [-119.9682, 46.2657], [-119.9677, 46.3021], [-119.9267, 46.3019], [-119.9251, 46.3042], [-119.9293, 46.3082], [-119.9358, 46.3092], [-119.937, 46.312], [-119.9327, 46.3142], [-119.9349, 46.317], [-119.9153, 46.3163], [-119.8948, 46.3169], [-119.8736, 46.3168], [-119.8728, 46.361], [-119.8733, 46.3748], [-119.8729, 46.4035], [-119.874, 46.4333], [-119.8741, 46.463], [-119.8745, 46.4893], [-119.8742, 46.534], [-119.8742, 46.5628], [-119.8767, 46.5627], [-119.8769, 46.5624], [-119.9373, 46.5626], [-119.9377, 46.5198], [-119.9367, 46.5052], [-119.9368, 46.4761], [-120.0844, 46.4764], [-120.1254, 46.4767]]]}, "properties": {"district": "Sunnyside School District (WA)", "county": "Yakima"}}, {"type": "Feature", "geometry": {"type": "Polygon", "coordinates": [[[-122.5335, 47.3321], [-122.5603, 47.3161], [-122.5412, 47.2937], [-122.5407, 47.2903], [-122.5441, 47.2779], [-122.5515, 47.2692], [-122.5654, 47.2468], [-122.5601, 47.2456], [-122.56, 47.2427], [-122.5264, 47.2427], [-122.5265, 47.2173], [-122.5201, 47.2173], [-122.5158, 47.2192], [-122.5126, 47.2247], [-122.5139, 47.2283], [-122.5051, 47.2284], [-122.5054, 47.2138], [-122.5265, 47.2134], [-122.5259, 47.1991], [-122.5233, 47.1985], [-122.5187, 47.1922], [-122.5185, 47.1893], [-122.5088, 47.1906], [-122.5086, 47.1848], [-122.4632, 47.1847], [-122.4631, 47.1702], [-122.4314, 47.17], [-122.4315, 47.1672], [-122.421, 47.1671], [-122.421, 47.1918], [-122.3944, 47.1918], [-122.3943, 47.2377], [-122.3996, 47.2404], [-122.3991, 47.2578], [-122.3559, 47.2574], [-122.3557, 47.2775], [-122.4372, 47.3337], [-122.4545, 47.3242], [-122.4715, 47.3186], [-122.4841, 47.3173], [-122.4941, 47.3173], [-122.5066, 47.3187], [-122.5173, 47.3216], [-122.5281, 47.327], [-122.5335, 47.3321]]]}, "properties": {"district": "Tacoma School District (WA)", "county": "Pierce"}}, {"type": "Feature", "geometry": {"type": "Polygon", "coordinates": [[[-124.4295, 47.533], [-124.422, 47.4998], [-124.4171, 47.4815], [-124.4206, 47.4755], [-124.4217, 47.4687], [-124.4206, 47.456], [-124.4065, 47.428], [-124.4194, 47.4145], [-124.4217, 47.4068], [-124.4217, 47.3933], [-124.4194, 47.384], [-124.4135, 47.3687], [-124.3995, 47.3408], [-124.3914, 47.3298], [-124.3847, 47.325], [-124.3596, 47.3093], [-124.3591, 47.2928], [-124.3559, 47.2847], [-124.3513, 47.2764], [-124.336, 47.2616], [-124.3152, 47.2515], [-124.3087, 47.2498], [-124.3054, 47.2446], [-124.2181, 47.2447], [-124.1782, 47.2449], [-124.1642, 47.2443], [-124.1148, 47.2452], [-124.1092, 47.2498], [-124.083, 47.2743], [-124.0541, 47.2985], [-124.0193, 47.3289], [-124.0127, 47.3352], [-124.0013, 47.3438], [-123.9716, 47.3652], [-123.9411, 47.3921], [-123.9293, 47.4037], [-123.9059, 47.4227], [-123.895, 47.4324], [-123.946, 47.4325], [-123.9884, 47.4328], [-123.9938, 47.4325], [-124.0928, 47.4325], [-124.1177, 47.4322], [-124.1397, 47.4326], [-124.14, 47.4488], [-124.1404, 47.5241], [-124.161, 47.5295], [-124.1793, 47.5336], [-124.2815, 47.5337], [-124.3018, 47.5332], [-124.3103, 47.5337], [-124.3544, 47.5335], [-124.4295, 47.533]]]}, "properties": {"district": "Taholah School District (WA)", "county": "Grays Harbor"}}, {"type": "Feature", "geometry": {"type": "Polygon", "coordinates": [[[-122.1296, 47.4702], [-122.1375, 47.4703], [-122.1375, 47.4653], [-122.1239, 47.4629], [-122.1165, 47.4627], [-122.1166, 47.4592], [-122.1011, 47.4589], [-122.1014, 47.4194], [-122.1121, 47.4194], [-122.1121, 47.416], [-122.1014, 47.4159], [-122.1016, 47.3907], [-122.103, 47.3871], [-122.0804, 47.387], [-122.0806, 47.3762], [-122.0698, 47.3762], [-122.0698, 47.3727], [-122.0625, 47.3727], [-122.0591, 47.3664], [-122.0592, 47.3436], [-122.0378, 47.3435], [-122.0389, 47.327], [-122.0325, 47.3232], [-122.0281, 47.3233], [-122.0281, 47.3295], [-121.9957, 47.3295], [-121.9743, 47.3289], [-121.9744, 47.3274], [-121.9327, 47.3274], [-121.9324, 47.3436], [-121.9119, 47.3435], [-121.912, 47.3871], [-121.8802, 47.3871], [-121.8479, 47.3865], [-121.8484, 47.3587], [-121.8483, 47.3145], [-121.7629, 47.3146], [-121.7413, 47.3136], [-121.7205, 47.3135], [-121.7201, 47.3427], [-121.7494, 47.3425], [-121.7805, 47.343], [-121.78, 47.3859], [-121.7808, 47.4149], [-121.7948, 47.4149], [-121.786, 47.423], [-121.7807, 47.4241], [-121.7809, 47.4344], [-121.8228, 47.4345], [-121.8224, 47.4638], [-121.8225, 47.485], [-121.8443, 47.4851], [-121.8794, 47.4858], [-121.9084, 47.4856], [-121.9082, 47.4569], [-121.9499, 47.4575], [-121.951, 47.4544], [-121.9513, 47.4431], [-121.9726, 47.4437], [-121.9727, 47.4291], [-121.9943, 47.4294], [-121.9943, 47.4439], [-122.0372, 47.4443], [-122.0373, 47.437], [-122.0584, 47.4371], [-122.0584, 47.4443], [-122.0637, 47.4444], [-122.0637, 47.448], [-122.069, 47.4481], [-122.069, 47.4552], [-122.0742, 47.4553], [-122.0743, 47.4661], [-122.0796, 47.4661], [-122.0796, 47.4698], [-122.1062, 47.4694], [-122.1087, 47.4677], [-122.1216, 47.4673], [-122.1296, 47.4702]]]}, "properties": {"district": "Tahoma School District (WA)", "county": "King"}}, {"type": "Feature", "geometry": {"type": "Polygon", "coordinates": [[[-117.1931, 47.2597], [-117.1935, 47.2259], [-117.1932, 47.182], [-117.1499, 47.1819], [-117.1498, 47.1745], [-117.139, 47.1745], [-117.1386, 47.1599], [-117.1386, 47.1236], [-117.0849, 47.1235], [-117.0397, 47.1231], [-117.0397, 47.2038], [-117.0399, 47.3105], [-117.0456, 47.3106], [-117.0456, 47.3069], [-117.0562, 47.3069], [-117.0563, 47.3032], [-117.0776, 47.3034], [-117.078, 47.2741], [-117.0883, 47.2741], [-117.0886, 47.2595], [-117.1524, 47.2594], [-117.1931, 47.2597]]]}, "properties": {"district": "Tekoa School District (WA)", "county": "Whitman"}}, {"type": "Feature", "geometry": {"type": "Polygon", "coordinates": [[[-122.781, 46.9163], [-122.7919, 46.9165], [-122.7914, 46.9344], [-122.7968, 46.9345], [-122.7968, 46.938], [-122.8021, 46.9381], [-122.802, 46.9489], [-122.8126, 46.9489], [-122.8126, 46.9453], [-122.8443, 46.9453], [-122.8444, 46.9418], [-122.8761, 46.9419], [-122.8761, 46.931], [-122.892, 46.9309], [-122.8917, 46.9237], [-122.9292, 46.9238], [-122.929, 46.9091], [-122.9192, 46.9092], [-122.9191, 46.905], [-122.9297, 46.9051], [-122.9296, 46.9015], [-122.9584, 46.9017], [-122.9605, 46.8969], [-122.9716, 46.8995], [-122.9713, 46.8801], [-122.9819, 46.8802], [-122.9819, 46.8728], [-123.0129, 46.8728], [-123.0127, 46.8511], [-123.0126, 46.8367], [-122.9711, 46.8367], [-122.9711, 46.8314], [-122.9606, 46.8258], [-122.9606, 46.8222], [-122.9501, 46.8221], [-122.95, 46.8257], [-122.9396, 46.8257], [-122.9367, 46.8292], [-122.9239, 46.8291], [-122.9238, 46.8327], [-122.9187, 46.8326], [-122.9187, 46.807], [-122.9082, 46.8071], [-122.9081, 46.8143], [-122.8872, 46.8142], [-122.8871, 46.7998], [-122.8768, 46.7997], [-122.8767, 46.7926], [-122.8697, 46.7926], [-122.8677, 46.7955], [-122.8596, 46.7997], [-122.8447, 46.7997], [-122.8449, 46.7925], [-122.8242, 46.793], [-122.8238, 46.7782], [-122.7606, 46.7779], [-122.7606, 46.7636], [-122.7397, 46.7638], [-122.6991, 46.7637], [-122.6781, 46.7636], [-122.6476, 46.7633], [-122.6368, 46.7628], [-122.6362, 46.7922], [-122.6575, 46.7925], [-122.6576, 46.7709], [-122.699, 46.7709], [-122.6988, 46.7782], [-122.7003, 46.793], [-122.6983, 46.8217], [-122.698, 46.8506], [-122.7393, 46.8509], [-122.739, 46.8654], [-122.7497, 46.8653], [-122.7496, 46.8725], [-122.76, 46.8724], [-122.7651, 46.8674], [-122.7713, 46.8652], [-122.7815, 46.8652], [-122.7816, 46.8868], [-122.781, 46.8938], [-122.781, 46.9163]]]}, "properties": {"district": "Tenino School District (WA)", "county": "Thurston"}}, {"type": "Feature", "geometry": {"type": "Polygon", "coordinates": [[[-121.3982, 47.1271], [-121.4027, 47.1218], [-121.4081, 47.1181], [-121.4028, 47.1064], [-121.3995, 47.1051], [-121.4025, 47.098], [-121.391, 47.0921], [-121.3834, 47.0951], [-121.3797, 47.0875], [-121.3763, 47.0815], [-121.3672, 47.077], [-121.3641, 47.0717], [-121.3592, 47.0707], [-121.3471, 47.0787], [-121.3413, 47.0794], [-121.3357, 47.0758], [-121.3278, 47.0752], [-121.3113, 47.0769], [-121.3066, 47.0822], [-121.3014, 47.0852], [-121.2908, 47.0861], [-121.2807, 47.0887], [-121.2721, 47.0846], [-121.2564, 47.0818], [-121.2518, 47.0763], [-121.2448, 47.0735], [-121.2377, 47.0723], [-121.2288, 47.0665], [-121.2183, 47.0654], [-121.2181, 47.0619], [-121.2102, 47.0535], [-121.2006, 47.0492], [-121.1893, 47.0425], [-121.1829, 47.0446], [-121.1789, 47.0416], [-121.0445, 47.0418], [-121.0265, 47.0414], [-120.929, 47.041], [-120.8282, 47.041], [-120.7726, 47.0412], [-120.7726, 47.0433], [-120.7088, 47.0432], [-120.7092, 47.0285], [-120.6988, 47.0286], [-120.6989, 47.0213], [-120.6876, 47.0214], [-120.688, 47.0069], [-120.6728, 47.007], [-120.6721, 47.0107], [-120.6666, 47.0107], [-120.6666, 47.0143], [-120.6504, 47.0143], [-120.6505, 47.0295], [-120.6416, 47.0338], [-120.645, 47.037], [-120.6451, 47.0526], [-120.6505, 47.054], [-120.6503, 47.0569], [-120.6549, 47.0665], [-120.6577, 47.0672], [-120.661, 47.0729], [-120.6451, 47.0737], [-120.6448, 47.0883], [-120.6453, 47.1028], [-120.6664, 47.1033], [-120.6665, 47.1102], [-120.655, 47.1102], [-120.6551, 47.1173], [-120.7089, 47.1174], [-120.7088, 47.132], [-120.7299, 47.132], [-120.7302, 47.1609], [-120.7463, 47.1608], [-120.7461, 47.1464], [-120.7515, 47.1464], [-120.7515, 47.1533], [-120.7622, 47.1532], [-120.7624, 47.1607], [-120.7725, 47.1606], [-120.7723, 47.146], [-120.7833, 47.1459], [-120.7831, 47.1314], [-120.7883, 47.1308], [-120.7918, 47.1369], [-120.806, 47.1461], [-120.8373, 47.1457], [-120.879, 47.146], [-120.8791, 47.1318], [-120.9002, 47.1318], [-120.9002, 47.1307], [-120.9698, 47.1307], [-121.0275, 47.1312], [-121.0275, 47.127], [-121.1139, 47.1268], [-121.1951, 47.127], [-121.2589, 47.1268], [-121.2941, 47.127], [-121.3982, 47.1271]]]}, "properties": {"district": "Thorp School District (WA)", "county": "Kittitas"}}, {"type": "Feature", "geometry": {"type": "Polygon", "coordinates": [[[-122.9283, 46.4381], [-122.9283, 46.4082], [-122.9338, 46.4045], [-122.9335, 46.398], [-122.9314, 46.3931], [-122.9322, 46.3874], [-122.8864, 46.3875], [-122.7832, 46.3872], [-122.7201, 46.3874], [-122.6981, 46.3871], [-122.5739, 46.3878], [-122.5529, 46.3876], [-122.4895, 46.3873], [-122.4895, 46.4016], [-122.5108, 46.402], [-122.5309, 46.4018], [-122.5726, 46.4022], [-122.5727, 46.4312], [-122.5938, 46.431], [-122.5934, 46.4455], [-122.5939, 46.4599], [-122.6158, 46.4607], [-122.616, 46.4891], [-122.6157, 46.5097], [-122.6232, 46.5076], [-122.6314, 46.5098], [-122.6388, 46.5162], [-122.6443, 46.5133], [-122.644, 46.5046], [-122.6489, 46.4951], [-122.6644, 46.4984], [-122.6712, 46.5028], [-122.6783, 46.5093], [-122.682, 46.5078], [-122.6826, 46.5041], [-122.6775, 46.4998], [-122.6793, 46.496], [-122.6891, 46.4941], [-122.7008, 46.4892], [-122.7126, 46.4863], [-122.7208, 46.4861], [-122.7309, 46.4832], [-122.7406, 46.4828], [-122.7405, 46.5322], [-122.7773, 46.5322], [-122.8037, 46.5323], [-122.8035, 46.5249], [-122.8558, 46.5251], [-122.8558, 46.5034], [-122.8656, 46.5034], [-122.8653, 46.46], [-122.8756, 46.46], [-122.8782, 46.4582], [-122.8978, 46.4642], [-122.8996, 46.4599], [-122.9285, 46.4598], [-122.9283, 46.4381]]]}, "properties": {"district": "Toledo School District (WA)", "county": "Lewis"}}, {"type": "Feature", "geometry": {"type": "Polygon", "coordinates": [[[-120.0355, 48.9994], [-120.0355, 48.9049], [-120.0354, 48.7704], [-120.0354, 48.6804], [-120.0353, 48.6119], [-120.0124, 48.6112], [-120.0087, 48.6119], [-119.8209, 48.6119], [-119.8209, 48.6111], [-119.7557, 48.6113], [-119.7554, 48.6125], [-119.7122, 48.6123], [-119.6908, 48.6128], [-119.6903, 48.5837], [-119.6687, 48.5835], [-119.669, 48.5693], [-119.6473, 48.5691], [-119.6038, 48.5693], [-119.6036, 48.5399], [-119.5874, 48.5399], [-119.5876, 48.5507], [-119.5819, 48.5506], [-119.5819, 48.5616], [-119.5878, 48.5616], [-119.5879, 48.569], [-119.5823, 48.5689], [-119.5822, 48.5838], [-119.5937, 48.5837], [-119.5935, 48.5873], [-119.5878, 48.5872], [-119.5878, 48.5945], [-119.5822, 48.5945], [-119.5822, 48.5981], [-119.577, 48.5981], [-119.5771, 48.5945], [-119.5711, 48.5945], [-119.5712, 48.5908], [-119.5768, 48.5909], [-119.577, 48.5834], [-119.5659, 48.5834], [-119.5665, 48.565], [-119.5601, 48.5649], [-119.5602, 48.5579], [-119.5437, 48.5579], [-119.5436, 48.5712], [-119.535, 48.5782], [-119.5239, 48.5834], [-119.4919, 48.5828], [-119.458, 48.5824], [-119.4363, 48.5827], [-119.3925, 48.5824], [-119.3926, 48.5681], [-119.2853, 48.5683], [-119.2392, 48.5688], [-119.196, 48.5687], [-119.196, 48.4965], [-119.1964, 48.4818], [-119.1269, 48.4822], [-119.1049, 48.4821], [-119.0394, 48.4821], [-118.9965, 48.4818], [-118.8695, 48.4816], [-118.8695, 48.5109], [-118.8699, 48.5681], [-118.87, 48.6262], [-118.8696, 48.6407], [-118.8809, 48.6406], [-118.8815, 48.6536], [-118.8811, 48.6682], [-118.9024, 48.6682], [-118.9025, 48.6755], [-118.9244, 48.6754], [-118.9243, 48.6825], [-118.9461, 48.6827], [-118.9463, 48.6899], [-118.9573, 48.6899], [-118.9574, 48.6971], [-118.9685, 48.6969], [-118.9684, 48.6898], [-118.9793, 48.6898], [-118.9794, 48.697], [-118.9903, 48.697], [-118.9902, 48.7115], [-119.0121, 48.7118], [-119.0118, 48.7335], [-118.9682, 48.7332], [-118.9683, 48.7298], [-118.9465, 48.7296], [-118.9464, 48.6972], [-118.9242, 48.6971], [-118.9243, 48.6899], [-118.9026, 48.6899], [-118.9025, 48.6827], [-118.8637, 48.6826], [-118.8638, 48.6899], [-118.8528, 48.69], [-118.8528, 48.6827], [-118.837, 48.6827], [-118.8364, 48.7117], [-118.8365, 48.7411], [-118.837, 48.7556], [-118.8369, 48.7994], [-118.837, 48.8127], [-118.9244, 48.8126], [-118.9247, 48.8283], [-118.9466, 48.8282], [-118.9671, 48.8275], [-118.9888, 48.8273], [-119.0546, 48.8275], [-119.0548, 48.8422], [-119.1653, 48.8422], [-119.1654, 48.8566], [-119.209, 48.8567], [-119.2322, 48.8569], [-119.2322, 48.8579], [-119.2982, 48.8581], [-119.3635, 48.8579], [-119.3636, 48.8432], [-119.3855, 48.8436], [-119.3857, 48.8293], [-119.4076, 48.8287], [-119.4513, 48.8286], [-119.4512, 48.8429], [-119.4731, 48.8429], [-119.4729, 48.8574], [-119.5225, 48.8572], [-119.5224, 48.8718], [-119.5389, 48.8718], [-119.5389, 48.8863], [-119.5609, 48.8863], [-119.561, 48.9157], [-119.624, 48.9158], [-119.6242, 48.9287], [-119.6543, 48.9287], [-119.6562, 48.9382], [-119.6685, 48.9372], [-119.6669, 48.9456], [-119.6733, 48.9442], [-119.6797, 48.9504], [-119.6885, 48.9504], [-119.6919, 48.9553], [-119.7093, 48.9659], [-119.7077, 48.9739], [-119.705, 48.9762], [-119.707, 48.9812], [-119.7162, 48.9839], [-119.7162, 48.9889], [-119.7096, 48.9883], [-119.7062, 48.9862], [-119.7017, 48.9888], [-119.7032, 48.9927], [-119.7017, 49.0001], [-119.8215, 49], [-120.0025, 48.9995], [-120.0355, 48.9994]]]}, "properties": {"district": "Tonasket School District (WA)", "county": "Okanogan"}}, {"type": "Feature", "geometry": {"type": "Polygon", "coordinates": [[[-120.5021, 46.3025], [-120.5023, 46.2438], [-120.4993, 46.2293], [-120.4999, 46.2147], [-120.5619, 46.2146], [-120.6143, 46.2148], [-120.6146, 46.2007], [-120.6144, 46.1531], [-120.6148, 46.124], [-120.6143, 46.041], [-120.593, 46.0408], [-120.5629, 46.0417], [-120.5109, 46.0415], [-120.49, 46.0417], [-120.4493, 46.0415], [-120.4283, 46.0402], [-120.3868, 46.0415], [-120.3664, 46.0416], [-120.3669, 46.1009], [-120.3675, 46.2146], [-120.3771, 46.2145], [-120.377, 46.2648], [-120.3571, 46.2649], [-120.3569, 46.2721], [-120.3138, 46.2722], [-120.3146, 46.2868], [-120.2936, 46.287], [-120.2936, 46.2947], [-120.2727, 46.2943], [-120.2726, 46.3312], [-120.2417, 46.3317], [-120.2415, 46.3461], [-120.2149, 46.3469], [-120.2211, 46.3512], [-120.2223, 46.3541], [-120.2129, 46.3552], [-120.2101, 46.3577], [-120.2112, 46.3643], [-120.2202, 46.3637], [-120.2203, 46.369], [-120.2228, 46.3714], [-120.2231, 46.3761], [-120.2317, 46.3843], [-120.2375, 46.3848], [-120.2435, 46.3834], [-120.2441, 46.3871], [-120.2524, 46.3948], [-120.2582, 46.3949], [-120.2612, 46.3974], [-120.2697, 46.3941], [-120.2711, 46.3959], [-120.2802, 46.3981], [-120.2935, 46.4069], [-120.2932, 46.4329], [-120.2907, 46.4329], [-120.2901, 46.5201], [-120.3137, 46.5206], [-120.314, 46.4731], [-120.3245, 46.473], [-120.3245, 46.4621], [-120.3348, 46.462], [-120.3353, 46.433], [-120.3752, 46.4332], [-120.3754, 46.4043], [-120.4386, 46.4045], [-120.439, 46.3327], [-120.439, 46.3013], [-120.4923, 46.3015], [-120.5021, 46.3025]]]}, "properties": {"district": "Toppenish School District (WA)", "county": "Yakima"}}, {"type": "Feature", "geometry": {"type": "Polygon", "coordinates": [[[-118.7524, 46.2545], [-118.7836, 46.255], [-118.7842, 46.2112], [-118.8047, 46.2115], [-118.8058, 46.1821], [-118.8056, 46.1457], [-118.8264, 46.1458], [-118.8264, 46.1094], [-118.826, 46.0949], [-118.8261, 46.0658], [-118.8679, 46.0659], [-118.8682, 46.0313], [-118.8681, 46.0007], [-118.8179, 46.0008], [-118.7758, 46.0011], [-118.5757, 46.001], [-118.5757, 46.0392], [-118.5782, 46.0392], [-118.5783, 46.0537], [-118.5759, 46.0537], [-118.5758, 46.0639], [-118.5548, 46.064], [-118.555, 46.093], [-118.5542, 46.1798], [-118.5544, 46.2092], [-118.5804, 46.2091], [-118.5804, 46.2236], [-118.5959, 46.2237], [-118.5959, 46.2382], [-118.5752, 46.2382], [-118.5753, 46.2528], [-118.6387, 46.2528], [-118.69, 46.2536], [-118.69, 46.2463], [-118.7112, 46.2467], [-118.7111, 46.2541], [-118.7524, 46.2545]]]}, "properties": {"district": "Touchet School District (WA)", "county": "Walla Walla"}}, {"type": "Feature", "geometry": {"type": "Polygon", "coordinates": [[[-122.6981, 46.3871], [-122.6985, 46.3796], [-122.6986, 46.3437], [-122.72, 46.3435], [-122.7195, 46.3269], [-122.7252, 46.3293], [-122.7245, 46.3351], [-122.7291, 46.3393], [-122.7367, 46.3431], [-122.7472, 46.3443], [-122.7475, 46.3488], [-122.7525, 46.355], [-122.7517, 46.36], [-122.7614, 46.3636], [-122.7609, 46.3727], [-122.7699, 46.3749], [-122.7794, 46.3695], [-122.79, 46.3605], [-122.7979, 46.36], [-122.7977, 46.3557], [-122.8031, 46.3508], [-122.8109, 46.3507], [-122.8155, 46.347], [-122.8198, 46.3407], [-122.8248, 46.3378], [-122.8244, 46.3152], [-122.8655, 46.3152], [-122.8652, 46.3011], [-122.8655, 46.2573], [-122.8349, 46.2572], [-122.8348, 46.25], [-122.8245, 46.25], [-122.8245, 46.2572], [-122.7512, 46.257], [-122.7514, 46.2424], [-122.7105, 46.2424], [-122.6804, 46.2416], [-122.6685, 46.2418], [-122.6681, 46.2272], [-122.6578, 46.2276], [-122.6355, 46.2269], [-122.5998, 46.2267], [-122.5748, 46.2272], [-122.5535, 46.227], [-122.5534, 46.2562], [-122.5216, 46.2559], [-122.4699, 46.2561], [-122.4597, 46.2555], [-122.4064, 46.2556], [-122.3651, 46.2542], [-122.3649, 46.2701], [-122.3243, 46.2694], [-122.3242, 46.2985], [-122.3034, 46.2986], [-122.3033, 46.3115], [-122.3022, 46.3223], [-122.3022, 46.3856], [-122.3457, 46.3856], [-122.3636, 46.3862], [-122.3637, 46.3873], [-122.409, 46.3871], [-122.4718, 46.3871], [-122.4895, 46.3873], [-122.5529, 46.3876], [-122.5739, 46.3878], [-122.6981, 46.3871]]]}, "properties": {"district": "Toutle Lake School District (WA)", "county": "Cowlitz"}}, {"type": "Feature", "geometry": {"type": "Polygon", "coordinates": [[[-121.5223, 46.044], [-121.5708, 46.0438], [-121.6122, 46.0441], [-121.6127, 45.985], [-121.6124, 45.956], [-121.6126, 45.8989], [-121.5907, 45.8987], [-121.5446, 45.8989], [-121.4459, 45.8987], [-121.4478, 45.957], [-121.448, 45.9861], [-121.4274, 45.9858], [-121.4273, 46.0004], [-121.4265, 46.0077], [-121.4274, 46.015], [-121.4272, 46.0443], [-121.4587, 46.0443], [-121.4872, 46.0439], [-121.5223, 46.044]]]}, "properties": {"district": "Trout Lake School District (WA)", "county": "Klickitat"}}, {"type": "Feature", "geometry": {"type": "Polygon", "coordinates": [[[-122.2937, 47.5102], [-122.2926, 47.507], [-122.2963, 47.5043], [-122.2972, 47.4887], [-122.2947, 47.4803], [-122.2899, 47.4727], [-122.2887, 47.4667], [-122.2927, 47.4597], [-122.2645, 47.4596], [-122.2668, 47.4451], [-122.2598, 47.445], [-122.2598, 47.4559], [-122.2468, 47.4568], [-122.2484, 47.4651], [-122.2533, 47.4723], [-122.2514, 47.4744], [-122.2612, 47.4824], [-122.2578, 47.4841], [-122.2647, 47.4882], [-122.2703, 47.4955], [-122.283, 47.51], [-122.2937, 47.5102]]]}, "properties": {"district": "Tukwila School District (WA)", "county": "King"}}, {"type": "Feature", "geometry": {"type": "Polygon", "coordinates": [[[-123.1584, 46.9959], [-123.1594, 46.9814], [-123.1594, 46.9675], [-123.1601, 46.939], [-123.0978, 46.9384], [-123.0981, 46.9237], [-123.0872, 46.9238], [-123.0878, 46.9091], [-123.0774, 46.9091], [-123.0765, 46.8943], [-123.0558, 46.8947], [-123.0348, 46.8945], [-123.0328, 46.8884], [-123.0344, 46.8828], [-123.0342, 46.8692], [-123.0236, 46.8692], [-123.0235, 46.8619], [-123.0288, 46.8619], [-123.0286, 46.8583], [-123.0339, 46.8583], [-123.0337, 46.851], [-123.0127, 46.8511], [-123.0129, 46.8728], [-122.9819, 46.8728], [-122.9819, 46.8802], [-122.9713, 46.8801], [-122.9716, 46.8995], [-122.9605, 46.8969], [-122.9584, 46.9017], [-122.9296, 46.9015], [-122.9297, 46.9051], [-122.9191, 46.905], [-122.9192, 46.9092], [-122.929, 46.9091], [-122.9292, 46.9238], [-122.8917, 46.9237], [-122.892, 46.9309], [-122.8761, 46.931], [-122.8761, 46.9419], [-122.8444, 46.9418], [-122.8443, 46.9453], [-122.8126, 46.9453], [-122.8126, 46.9489], [-122.802, 46.9489], [-122.8021, 46.9381], [-122.7968, 46.938], [-122.7968, 46.9345], [-122.7914, 46.9344], [-122.7919, 46.9165], [-122.781, 46.9163], [-122.7808, 46.9233], [-122.7388, 46.9233], [-122.7383, 46.9524], [-122.7439, 46.9525], [-122.7439, 46.9597], [-122.7386, 46.9591], [-122.7387, 46.9633], [-122.7597, 46.9632], [-122.7597, 46.9559], [-122.7704, 46.956], [-122.7703, 46.9669], [-122.7809, 46.9669], [-122.7914, 46.9669], [-122.7915, 46.9605], [-122.8021, 46.9598], [-122.8021, 46.9669], [-122.8231, 46.9669], [-122.8231, 46.9815], [-122.8446, 46.9815], [-122.8443, 46.9962], [-122.8519, 46.9963], [-122.8519, 46.9923], [-122.8757, 46.9927], [-122.8757, 46.9963], [-122.8969, 46.9962], [-122.8969, 47.0017], [-122.8915, 47.0009], [-122.8887, 47.0054], [-122.8861, 47.0162], [-122.8966, 47.0166], [-122.8968, 47.0234], [-122.9048, 47.0252], [-122.9711, 47.0253], [-122.9711, 47.0181], [-122.9917, 47.0179], [-122.9917, 47.007], [-123.0024, 47.0071], [-123.0078, 47.0109], [-123.0234, 47.0109], [-123.0549, 47.0096], [-123.0767, 47.0105], [-123.1164, 47.0091], [-123.1369, 47.0097], [-123.1375, 46.9955], [-123.1584, 46.9959]]]}, "properties": {"district": "Tumwater School District (WA)", "county": "Thurston"}}, {"type": "Feature", "geometry": {"type": "Polygon", "coordinates": [[[-120.4665, 46.5775], [-120.472, 46.5775], [-120.472, 46.5703], [-120.4828, 46.5704], [-120.4829, 46.5667], [-120.4902, 46.5668], [-120.491, 46.5613], [-120.5023, 46.5615], [-120.5022, 46.5485], [-120.507, 46.551], [-120.5073, 46.5615], [-120.526, 46.5616], [-120.526, 46.5499], [-120.5124, 46.55], [-120.5125, 46.5354], [-120.4683, 46.5351], [-120.4666, 46.5403], [-120.4694, 46.5495], [-120.4662, 46.5575], [-120.4596, 46.5611], [-120.4645, 46.5633], [-120.4611, 46.5731], [-120.4665, 46.5775]]]}, "properties": {"district": "Union Gap School District (WA)", "county": "Yakima"}}, {"type": "Feature", "geometry": {"type": "Polygon", "coordinates": [[[-122.6009, 47.2097], [-122.6008, 47.1988], [-122.5935, 47.1963], [-122.5773, 47.1958], [-122.5775, 47.1988], [-122.5595, 47.199], [-122.5593, 47.1957], [-122.5532, 47.1947], [-122.538, 47.1975], [-122.5274, 47.1975], [-122.5259, 47.1991], [-122.5265, 47.2134], [-122.5054, 47.2138], [-122.5051, 47.2284], [-122.5139, 47.2283], [-122.5126, 47.2247], [-122.5158, 47.2192], [-122.5201, 47.2173], [-122.5265, 47.2173], [-122.5264, 47.2427], [-122.56, 47.2427], [-122.5601, 47.2456], [-122.5654, 47.2468], [-122.5755, 47.2295], [-122.6009, 47.2097]]]}, "properties": {"district": "University Place School District (WA)", "county": "Pierce"}}, {"type": "Feature", "geometry": {"type": "Polygon", "coordinates": [[[-118.0165, 48.2232], [-118.0183, 48.2186], [-118.018, 48.1942], [-118.0184, 48.165], [-118.0179, 48.1354], [-117.9518, 48.1361], [-117.9303, 48.136], [-117.9292, 48.106], [-117.8869, 48.1064], [-117.8869, 48.1138], [-117.8228, 48.1145], [-117.8228, 48.1072], [-117.7903, 48.1072], [-117.7902, 48.0999], [-117.7632, 48.0997], [-117.7632, 48.1034], [-117.7578, 48.1034], [-117.7578, 48.0924], [-117.7472, 48.0924], [-117.7469, 48.1031], [-117.7417, 48.103], [-117.7418, 48.1066], [-117.7364, 48.1065], [-117.7365, 48.1102], [-117.7257, 48.1101], [-117.7258, 48.1138], [-117.715, 48.1137], [-117.7151, 48.1208], [-117.6934, 48.1207], [-117.6935, 48.128], [-117.6829, 48.128], [-117.6828, 48.1317], [-117.6936, 48.1316], [-117.6934, 48.1358], [-117.6932, 48.1792], [-117.6823, 48.1793], [-117.6824, 48.1865], [-117.6934, 48.1864], [-117.6936, 48.2083], [-117.7154, 48.2082], [-117.7153, 48.201], [-117.7372, 48.2012], [-117.7372, 48.1938], [-117.7477, 48.194], [-117.7479, 48.2012], [-117.7587, 48.2012], [-117.7585, 48.1977], [-117.764, 48.1977], [-117.7641, 48.2013], [-117.7805, 48.2012], [-117.7805, 48.2084], [-117.7753, 48.2084], [-117.7799, 48.2168], [-117.7803, 48.2227], [-117.7909, 48.2228], [-117.7912, 48.2156], [-117.7966, 48.2156], [-117.7962, 48.2228], [-117.807, 48.2228], [-117.8076, 48.212], [-117.8181, 48.2117], [-117.8181, 48.2081], [-117.8449, 48.208], [-117.8451, 48.2228], [-117.8342, 48.2227], [-117.8342, 48.219], [-117.8126, 48.2191], [-117.8124, 48.2227], [-117.8233, 48.2226], [-117.8235, 48.2298], [-117.8452, 48.2298], [-117.8452, 48.237], [-117.8237, 48.237], [-117.8241, 48.2514], [-117.8887, 48.2513], [-117.9316, 48.2513], [-117.9536, 48.2527], [-117.9528, 48.2234], [-118.0165, 48.2232]]]}, "properties": {"district": "Valley School District (WA)", "county": "Stevens"}}, {"type": "Feature", "geometry": {"type": "Polygon", "coordinates": [[[-122.761, 45.7504], [-122.7601, 45.7344], [-122.7626, 45.7282], [-122.7725, 45.6996], [-122.7745, 45.6804], [-122.7638, 45.6571], [-122.7381, 45.6441], [-122.7133, 45.6374], [-122.691, 45.6247], [-122.675, 45.618], [-122.6439, 45.6097], [-122.6077, 45.6081], [-122.5823, 45.6041], [-122.5812, 45.6103], [-122.5755, 45.6132], [-122.5764, 45.6243], [-122.581, 45.6227], [-122.5915, 45.6245], [-122.5916, 45.6328], [-122.5811, 45.6329], [-122.5812, 45.6448], [-122.5729, 45.6452], [-122.5736, 45.6507], [-122.5787, 45.6506], [-122.5787, 45.6643], [-122.5839, 45.6644], [-122.5838, 45.6717], [-122.589, 45.6716], [-122.5889, 45.6789], [-122.5994, 45.6788], [-122.5994, 45.6825], [-122.6256, 45.6824], [-122.6257, 45.6869], [-122.6306, 45.6859], [-122.6308, 45.7148], [-122.6269, 45.7148], [-122.6255, 45.7246], [-122.6344, 45.7243], [-122.641, 45.7255], [-122.641, 45.7292], [-122.6463, 45.7291], [-122.6462, 45.7363], [-122.6462, 45.7399], [-122.6513, 45.7399], [-122.6513, 45.7363], [-122.7231, 45.7358], [-122.7261, 45.7328], [-122.7357, 45.7323], [-122.7432, 45.7291], [-122.743, 45.7503], [-122.761, 45.7504]]]}, "properties": {"district": "Vancouver School District (WA)", "county": "Clark"}}, {"type": "Feature", "geometry": {"type": "Polygon", "coordinates": [[[-122.537, 47.4034], [-122.5392, 47.3987], [-122.5393, 47.3925], [-122.5298, 47.3812], [-122.5291, 47.373], [-122.5393, 47.3575], [-122.5417, 47.3492], [-122.5376, 47.3373], [-122.5335, 47.3321], [-122.5281, 47.327], [-122.5173, 47.3216], [-122.5066, 47.3187], [-122.4941, 47.3173], [-122.4841, 47.3173], [-122.4715, 47.3186], [-122.4545, 47.3242], [-122.4372, 47.3337], [-122.4151, 47.3444], [-122.3735, 47.3655], [-122.3559, 47.3753], [-122.351, 47.3781], [-122.348, 47.3823], [-122.3484, 47.3885], [-122.3522, 47.3975], [-122.3922, 47.4326], [-122.4041, 47.4453], [-122.4095, 47.4578], [-122.4101, 47.4767], [-122.4077, 47.4822], [-122.4169, 47.4998], [-122.4263, 47.5121], [-122.4365, 47.5223], [-122.4416, 47.5291], [-122.445, 47.5402], [-122.4448, 47.5444], [-122.447, 47.54], [-122.4583, 47.5327], [-122.474, 47.5266], [-122.48, 47.5217], [-122.4843, 47.515], [-122.4852, 47.5077], [-122.4879, 47.5019], [-122.4956, 47.4916], [-122.5051, 47.4813], [-122.5142, 47.4701], [-122.5192, 47.4616], [-122.5234, 47.4452], [-122.5238, 47.4262], [-122.5279, 47.4161], [-122.537, 47.4034]]]}, "properties": {"district": "Vashon Island School District (WA)", "county": "King"}}, {"type": "Feature", "geometry": {"type": "Polygon", "coordinates": [[[-123.3583, 46.384], [-123.42, 46.3841], [-123.482, 46.3835], [-123.5229, 46.3839], [-123.523, 46.3475], [-123.5235, 46.3281], [-123.5645, 46.3284], [-123.5845, 46.3293], [-123.5837, 46.2999], [-123.5889, 46.2853], [-123.5887, 46.2723], [-123.5688, 46.2718], [-123.5693, 46.2573], [-123.5505, 46.2588], [-123.5381, 46.2606], [-123.5164, 46.2661], [-123.5012, 46.271], [-123.4796, 46.2691], [-123.4687, 46.2645], [-123.4587, 46.257], [-123.4476, 46.2498], [-123.4276, 46.2293], [-123.431, 46.1816], [-123.3904, 46.1544], [-123.3795, 46.151], [-123.3714, 46.1464], [-123.3615, 46.1463], [-123.3464, 46.1451], [-123.3394, 46.1462], [-123.301, 46.1446], [-123.2802, 46.1448], [-123.2512, 46.1566], [-123.242, 46.161], [-123.2229, 46.1674], [-123.2131, 46.1725], [-123.2141, 46.2062], [-123.2159, 46.2134], [-123.2168, 46.242], [-123.2161, 46.2697], [-123.2151, 46.2835], [-123.2149, 46.298], [-123.2162, 46.3262], [-123.2175, 46.3415], [-123.2171, 46.3559], [-123.2183, 46.3697], [-123.218, 46.3856], [-123.2393, 46.3848], [-123.2591, 46.3835], [-123.2752, 46.384], [-123.2964, 46.3835], [-123.3211, 46.3839], [-123.3583, 46.384]]]}, "properties": {"district": "Wahkiakum School District (WA)", "county": "Wahkiakum"}}, {"type": "Feature", "geometry": {"type": "Polygon", "coordinates": [[[-119.973, 46.7371], [-119.9736, 46.7294], [-119.9727, 46.7232], [-119.9687, 46.7144], [-119.9568, 46.6935], [-119.949, 46.6822], [-119.9464, 46.6759], [-119.9305, 46.6625], [-119.9215, 46.6587], [-119.9173, 46.6554], [-119.9147, 46.6502], [-119.9347, 46.6501], [-119.9375, 46.6425], [-119.9323, 46.6426], [-119.9322, 46.639], [-119.927, 46.6391], [-119.9271, 46.6354], [-119.911, 46.6358], [-119.911, 46.6394], [-119.9164, 46.6414], [-119.9104, 46.6447], [-119.9015, 46.6356], [-119.8948, 46.6323], [-119.8816, 46.6306], [-119.874, 46.6283], [-119.869, 46.627], [-119.854, 46.6259], [-119.8364, 46.6255], [-119.8215, 46.6262], [-119.8055, 46.6299], [-119.7655, 46.6352], [-119.751, 46.6357], [-119.743, 46.6379], [-119.7335, 46.6423], [-119.7205, 46.6471], [-119.7101, 46.6489], [-119.6942, 46.6484], [-119.6811, 46.6465], [-119.6711, 46.643], [-119.6592, 46.6403], [-119.6498, 46.6401], [-119.6323, 46.643], [-119.6185, 46.6476], [-119.6011, 46.6573], [-119.5817, 46.6699], [-119.5624, 46.6881], [-119.5543, 46.6942], [-119.5395, 46.7067], [-119.5347, 46.7096], [-119.5261, 46.7212], [-119.5166, 46.7276], [-119.5114, 46.7277], [-119.5011, 46.7247], [-119.4858, 46.7157], [-119.4815, 46.7107], [-119.4649, 46.6969], [-119.4523, 46.6892], [-119.4497, 46.6855], [-119.4532, 46.6792], [-119.4324, 46.6785], [-119.4113, 46.6782], [-119.3692, 46.6782], [-119.3695, 46.7222], [-119.3694, 46.7956], [-119.4957, 46.7954], [-119.5587, 46.7957], [-119.642, 46.7958], [-119.6842, 46.7953], [-119.7459, 46.7958], [-119.7679, 46.7956], [-119.7894, 46.7959], [-119.8114, 46.7956], [-119.8818, 46.7958], [-119.9286, 46.7963], [-119.9431, 46.7747], [-119.9511, 46.7678], [-119.9597, 46.7632], [-119.97, 46.755], [-119.9707, 46.7473], [-119.973, 46.7371]]]}, "properties": {"district": "Wahluke School District (WA)", "county": "Grant"}}, {"type": "Feature", "geometry": {"type": "Polygon", "coordinates": [[[-118.1894, 46.426], [-118.1893, 46.3969], [-118.1998, 46.3968], [-118.1998, 46.3821], [-118.2102, 46.382], [-118.2103, 46.3679], [-118.2417, 46.3675], [-118.2418, 46.3385], [-118.2314, 46.3386], [-118.2314, 46.3459], [-118.221, 46.3461], [-118.2211, 46.3315], [-118.2418, 46.3312], [-118.2418, 46.2807], [-118.2834, 46.2809], [-118.2837, 46.2519], [-118.2941, 46.2519], [-118.2937, 46.2374], [-118.3355, 46.2375], [-118.3358, 46.2087], [-118.221, 46.2085], [-118.221, 46.1942], [-118.1167, 46.1937], [-118.1167, 46.165], [-118.0954, 46.1649], [-118.0954, 46.1506], [-118.0854, 46.1506], [-118.0856, 46.1434], [-118.0755, 46.1434], [-118.0755, 46.1363], [-118.0704, 46.1363], [-118.0704, 46.1327], [-118.0653, 46.1327], [-118.0652, 46.1292], [-118.0549, 46.1292], [-118.0132, 46.1278], [-117.9924, 46.1276], [-117.9918, 46.1494], [-117.9918, 46.1931], [-117.9915, 46.2077], [-118.0436, 46.2079], [-118.0437, 46.2151], [-118.0644, 46.2152], [-118.0645, 46.2297], [-118.0748, 46.2297], [-118.0749, 46.2443], [-118.0645, 46.2443], [-118.0645, 46.2517], [-118.0488, 46.2517], [-118.0488, 46.2553], [-118.0435, 46.2553], [-118.0435, 46.2589], [-118.054, 46.2589], [-118.0539, 46.2806], [-118.0957, 46.2809], [-118.0957, 46.2772], [-118.1112, 46.2772], [-118.1112, 46.2808], [-118.1163, 46.2808], [-118.1161, 46.2955], [-118.1373, 46.2954], [-118.1371, 46.31], [-118.1161, 46.3099], [-118.1159, 46.3244], [-118.0956, 46.3243], [-118.096, 46.3534], [-118.1059, 46.3534], [-118.1059, 46.3607], [-118.0959, 46.3606], [-118.0959, 46.3642], [-118.0906, 46.3643], [-118.0906, 46.3679], [-118.0542, 46.3679], [-118.0538, 46.4119], [-118.0745, 46.412], [-118.0953, 46.412], [-118.0954, 46.4413], [-118.1058, 46.4412], [-118.1057, 46.4135], [-118.109, 46.4173], [-118.1153, 46.4181], [-118.1215, 46.4166], [-118.1286, 46.412], [-118.1367, 46.4119], [-118.1367, 46.4339], [-118.1579, 46.4338], [-118.1579, 46.4265], [-118.1894, 46.426]]]}, "properties": {"district": "Waitsburg School District (WA)", "county": "Walla Walla"}}, {"type": "Feature", "geometry": {"type": "Polygon", "coordinates": [[[-118.5753, 46.2528], [-118.5752, 46.2382], [-118.5959, 46.2382], [-118.5959, 46.2237], [-118.5804, 46.2236], [-118.5804, 46.2091], [-118.5544, 46.2092], [-118.5542, 46.1798], [-118.555, 46.093], [-118.5548, 46.064], [-118.5758, 46.0639], [-118.5759, 46.0537], [-118.5783, 46.0537], [-118.5782, 46.0392], [-118.5757, 46.0392], [-118.5757, 46.001], [-118.5549, 46.0011], [-118.5548, 46.0054], [-118.5339, 46.0057], [-118.5342, 46.0274], [-118.4925, 46.0273], [-118.4926, 46.0346], [-118.472, 46.0347], [-118.4719, 46.0446], [-118.4589, 46.0447], [-118.4614, 46.0513], [-118.4614, 46.0636], [-118.4301, 46.0637], [-118.4302, 46.0781], [-118.3885, 46.0784], [-118.3885, 46.0639], [-118.3756, 46.0638], [-118.3742, 46.0566], [-118.3677, 46.0475], [-118.3678, 46.001], [-118.3672, 46.0007], [-118.3089, 46.0006], [-118.1375, 46.0006], [-117.997, 46.0006], [-117.9955, 46.0129], [-117.9931, 46.0197], [-117.9935, 46.0268], [-117.9921, 46.0414], [-117.9932, 46.0627], [-118.013, 46.0636], [-118.0337, 46.0636], [-118.0537, 46.0641], [-118.0535, 46.0678], [-118.0743, 46.0679], [-118.0743, 46.0787], [-118.132, 46.0785], [-118.1793, 46.0786], [-118.1793, 46.0859], [-118.2, 46.0862], [-118.2001, 46.1149], [-118.2419, 46.1149], [-118.2417, 46.1508], [-118.2105, 46.151], [-118.2106, 46.1798], [-118.221, 46.1798], [-118.221, 46.1942], [-118.221, 46.2085], [-118.3358, 46.2087], [-118.4468, 46.2088], [-118.5335, 46.2093], [-118.5337, 46.2527], [-118.5753, 46.2528]]]}, "properties": {"district": "Walla Walla Public Schools (WA)", "county": "Walla Walla"}}, {"type": "Feature", "geometry": {"type": "Polygon", "coordinates": [[[-120.8849, 46.5217], [-120.8853, 46.4928], [-120.8848, 46.4782], [-120.8819, 46.4784], [-120.7556, 46.4783], [-120.6913, 46.4777], [-120.652, 46.4777], [-120.6282, 46.4781], [-120.6283, 46.4334], [-120.544, 46.4335], [-120.5231, 46.4339], [-120.523, 46.4266], [-120.5023, 46.4265], [-120.5023, 46.3902], [-120.5233, 46.3901], [-120.5227, 46.3172], [-120.5228, 46.3025], [-120.5021, 46.3025], [-120.4923, 46.3015], [-120.439, 46.3013], [-120.439, 46.3327], [-120.4386, 46.4045], [-120.3754, 46.4043], [-120.3752, 46.4332], [-120.3353, 46.433], [-120.3348, 46.462], [-120.3245, 46.4621], [-120.3245, 46.473], [-120.314, 46.4731], [-120.3137, 46.5206], [-120.3557, 46.5204], [-120.3557, 46.5078], [-120.3751, 46.5078], [-120.3751, 46.5277], [-120.4173, 46.528], [-120.4173, 46.535], [-120.438, 46.5347], [-120.4683, 46.5351], [-120.5125, 46.5354], [-120.5495, 46.5353], [-120.586, 46.5355], [-120.586, 46.5209], [-120.6291, 46.5212], [-120.6715, 46.5211], [-120.6716, 46.5191], [-120.6883, 46.5185], [-120.7075, 46.519], [-120.7162, 46.5213], [-120.7388, 46.5228], [-120.7447, 46.5245], [-120.7447, 46.5275], [-120.7589, 46.5301], [-120.7631, 46.5291], [-120.776, 46.5299], [-120.7848, 46.5269], [-120.8083, 46.5287], [-120.8157, 46.5258], [-120.8258, 46.5261], [-120.8314, 46.5244], [-120.8395, 46.5257], [-120.8508, 46.5231], [-120.8558, 46.523], [-120.8628, 46.5254], [-120.8732, 46.5267], [-120.8849, 46.5217]]]}, "properties": {"district": "Wapato School District (WA)", "county": "Yakima"}}, {"type": "Feature", "geometry": {"type": "Polygon", "coordinates": [[[-119.2801, 46.9704], [-119.2801, 46.9414], [-119.2382, 46.9411], [-119.2384, 46.9267], [-119.217, 46.9267], [-119.2172, 46.9122], [-119.1966, 46.9124], [-119.136, 46.9122], [-119.0939, 46.9119], [-119.0855, 46.9041], [-119.0792, 46.9043], [-119.0822, 46.8998], [-119.0749, 46.895], [-119.0718, 46.8945], [-119.0697, 46.8877], [-119.0649, 46.8853], [-119.0665, 46.8828], [-119.0467, 46.8825], [-119.0256, 46.8827], [-118.9936, 46.8823], [-118.9933, 46.8895], [-118.9724, 46.8894], [-118.9724, 46.882], [-118.9409, 46.8817], [-118.9408, 46.8963], [-118.9399, 46.9261], [-118.9402, 46.9554], [-118.9541, 46.9565], [-118.9516, 46.9701], [-118.9437, 46.9743], [-118.9497, 46.9834], [-118.9586, 46.9869], [-118.9607, 46.9922], [-118.966, 46.993], [-118.9738, 47.0085], [-118.981, 47.0086], [-118.9809, 47.0215], [-118.9791, 47.0243], [-118.9686, 47.0293], [-118.9652, 47.0326], [-118.9656, 47.0393], [-118.958, 47.0433], [-118.951, 47.044], [-118.9486, 47.0479], [-118.9529, 47.0497], [-118.9589, 47.049], [-118.9626, 47.0508], [-118.9692, 47.0478], [-118.9739, 47.0497], [-118.9815, 47.0486], [-118.9813, 47.0719], [-118.9811, 47.145], [-118.9808, 47.1741], [-118.9596, 47.1731], [-118.9586, 47.1875], [-118.9589, 47.2019], [-118.9799, 47.2034], [-119.0441, 47.2031], [-119.044, 47.1664], [-119.0447, 47.1524], [-119.0446, 47.1375], [-119.0816, 47.1374], [-119.0822, 47.0494], [-119.0877, 47.0494], [-119.0877, 47.0453], [-119.0923, 47.0416], [-119.1007, 47.0391], [-119.1044, 47.0429], [-119.1108, 47.0427], [-119.1169, 47.0338], [-119.115, 47.0318], [-119.1301, 47.0208], [-119.1299, 47.018], [-119.1369, 47.016], [-119.1345, 47.0131], [-119.1417, 47.0079], [-119.1494, 47.0085], [-119.1494, 47.0003], [-119.1551, 47.0003], [-119.1593, 46.995], [-119.1666, 46.9906], [-119.1727, 46.9939], [-119.1813, 46.9913], [-119.1882, 46.9946], [-119.1992, 46.9923], [-119.2112, 46.9886], [-119.2176, 46.9903], [-119.2267, 46.99], [-119.2378, 46.9883], [-119.238, 46.9702], [-119.2801, 46.9704]]]}, "properties": {"district": "Warden School District (WA)", "county": "Grant"}}, {"type": "Feature", "geometry": {"type": "Polygon", "coordinates": [[[-122.2492, 45.7157], [-122.2492, 45.6719], [-122.2499, 45.6648], [-122.2807, 45.665], [-122.2807, 45.6578], [-122.3318, 45.6578], [-122.3319, 45.6652], [-122.3368, 45.6651], [-122.337, 45.6578], [-122.3431, 45.6578], [-122.3501, 45.6501], [-122.353, 45.6445], [-122.3621, 45.6454], [-122.3668, 45.6433], [-122.3717, 45.6377], [-122.3755, 45.6362], [-122.3832, 45.6361], [-122.3832, 45.6275], [-122.3771, 45.6216], [-122.3713, 45.6214], [-122.3705, 45.6184], [-122.3573, 45.6139], [-122.3527, 45.6106], [-122.3529, 45.6002], [-122.3618, 45.6002], [-122.3683, 45.5975], [-122.3673, 45.5891], [-122.3754, 45.5895], [-122.3695, 45.5848], [-122.369, 45.5819], [-122.3819, 45.5834], [-122.3834, 45.5756], [-122.3803, 45.5759], [-122.3528, 45.5694], [-122.3315, 45.5482], [-122.2966, 45.5436], [-122.2667, 45.5438], [-122.2595, 45.5451], [-122.2595, 45.5634], [-122.2648, 45.5634], [-122.2648, 45.567], [-122.2595, 45.567], [-122.2596, 45.5779], [-122.2543, 45.5779], [-122.2543, 45.5816], [-122.249, 45.5815], [-122.249, 45.5777], [-122.2389, 45.5778], [-122.2388, 45.5925], [-122.2284, 45.5926], [-122.2282, 45.5997], [-122.2079, 45.5997], [-122.2078, 45.5926], [-122.1872, 45.5927], [-122.1874, 45.5856], [-122.1926, 45.5855], [-122.1928, 45.5783], [-122.1977, 45.5783], [-122.1975, 45.5672], [-122.1829, 45.5768], [-122.1668, 45.5796], [-122.1668, 45.5929], [-122.1565, 45.5929], [-122.1565, 45.6002], [-122.1463, 45.6002], [-122.1463, 45.6075], [-122.1256, 45.6075], [-122.1262, 45.6436], [-122.1256, 45.6933], [-122.1261, 45.7507], [-122.1253, 45.7945], [-122.1256, 45.8376], [-122.1255, 45.8662], [-122.1217, 45.8662], [-122.1218, 45.9828], [-122.1217, 46.0505], [-122.1221, 46.0695], [-122.1218, 46.0983], [-122.1221, 46.1285], [-122.1219, 46.1429], [-122.1224, 46.2111], [-122.1145, 46.2112], [-122.1151, 46.2549], [-122.1147, 46.2837], [-122.1139, 46.2982], [-122.114, 46.3272], [-122.1145, 46.3415], [-122.1143, 46.3862], [-122.1558, 46.3859], [-122.1978, 46.3861], [-122.2392, 46.3856], [-122.2399, 46.3669], [-122.2403, 46.3304], [-122.2407, 46.3234], [-122.241, 46.211], [-122.2449, 46.211], [-122.2459, 46.2047], [-122.2454, 46.1419], [-122.2455, 46.1237], [-122.2453, 46.0693], [-122.1947, 46.0696], [-122.1946, 46.0614], [-122.1999, 46.0635], [-122.2458, 46.0632], [-122.2459, 46.0538], [-122.2455, 46.0326], [-122.2466, 46.0113], [-122.2466, 45.9701], [-122.2452, 45.9385], [-122.2445, 45.8666], [-122.2498, 45.8666], [-122.2491, 45.8364], [-122.2501, 45.8228], [-122.2496, 45.8156], [-122.2497, 45.7942], [-122.2502, 45.78], [-122.2502, 45.7509], [-122.2495, 45.7441], [-122.2497, 45.7303], [-122.2492, 45.7157]]]}, "properties": {"district": "Washougal School District (WA)", "county": "Clark"}}, {"type": "Feature", "geometry": {"type": "Polygon", "coordinates": [[[-118.399, 46.8977], [-118.3995, 46.8684], [-118.4419, 46.8686], [-118.4419, 46.8392], [-118.4831, 46.8394], [-118.4829, 46.8249], [-118.4835, 46.7955], [-118.5046, 46.7955], [-118.5053, 46.7662], [-118.5055, 46.7366], [-118.4439, 46.7369], [-118.4016, 46.7366], [-118.3589, 46.7366], [-118.3392, 46.7373], [-118.339, 46.7219], [-118.3642, 46.7218], [-118.3642, 46.7181], [-118.3695, 46.7181], [-118.3694, 46.7145], [-118.3589, 46.7144], [-118.3589, 46.707], [-118.3175, 46.7072], [-118.2337, 46.7067], [-118.2411, 46.7188], [-118.246, 46.7288], [-118.2492, 46.7326], [-118.2403, 46.738], [-118.2335, 46.7339], [-118.2272, 46.7366], [-118.2203, 46.7368], [-118.2055, 46.7397], [-118.1987, 46.739], [-118.1791, 46.7469], [-118.1697, 46.7466], [-118.1691, 46.7677], [-118.1796, 46.7679], [-118.1793, 46.7825], [-118.1491, 46.7821], [-118.1378, 46.7816], [-118.1364, 46.7962], [-118.1349, 46.8255], [-118.1027, 46.8248], [-118.0998, 46.8693], [-118.0983, 46.8837], [-118.1194, 46.8839], [-118.1181, 46.8984], [-118.1395, 46.8985], [-118.1409, 46.884], [-118.1622, 46.8842], [-118.1634, 46.8698], [-118.1844, 46.8702], [-118.1819, 46.8993], [-118.1609, 46.8987], [-118.159, 46.914], [-118.2143, 46.9137], [-118.2511, 46.9138], [-118.3327, 46.9134], [-118.3333, 46.8984], [-118.3568, 46.8975], [-118.399, 46.8977]]]}, "properties": {"district": "Washtucna School District (WA)", "county": "Adams"}}, {"type": "Feature", "geometry": {"type": "Polygon", "coordinates": [[[-120.0936, 47.7578], [-120.1149, 47.7577], [-120.1148, 47.7219], [-120.1331, 47.7219], [-120.1333, 47.7001], [-120.1766, 47.7], [-120.1768, 47.6853], [-120.1757, 47.6712], [-120.176, 47.6562], [-120.1549, 47.6563], [-120.1558, 47.6343], [-120.1761, 47.6343], [-120.1775, 47.627], [-120.1779, 47.6125], [-120.197, 47.6125], [-120.1973, 47.5795], [-120.1725, 47.5796], [-120.1542, 47.5802], [-120.1327, 47.5798], [-120.1329, 47.5505], [-120.1331, 47.4488], [-120.1226, 47.449], [-120.1225, 47.4344], [-120.1125, 47.4345], [-120.1117, 47.4203], [-120.07, 47.4206], [-120.0695, 47.3915], [-120.048, 47.3915], [-120.0055, 47.392], [-119.9621, 47.3922], [-119.9623, 47.4951], [-119.9409, 47.4952], [-119.9412, 47.5097], [-119.8545, 47.51], [-119.8542, 47.4809], [-119.8329, 47.4812], [-119.8329, 47.4667], [-119.8114, 47.4667], [-119.79, 47.4676], [-119.7479, 47.4683], [-119.748, 47.4948], [-119.7467, 47.4972], [-119.7264, 47.4975], [-119.7263, 47.5119], [-119.7051, 47.5122], [-119.7055, 47.57], [-119.6624, 47.5703], [-119.6622, 47.6125], [-119.6631, 47.6125], [-119.6636, 47.6413], [-119.6419, 47.6415], [-119.6422, 47.6556], [-119.6848, 47.6559], [-119.6854, 47.6993], [-119.6853, 47.7356], [-119.7281, 47.7355], [-119.7494, 47.7358], [-119.8136, 47.7357], [-119.8134, 47.7866], [-119.835, 47.7866], [-119.8351, 47.801], [-119.8563, 47.8012], [-119.8564, 47.8231], [-119.8779, 47.8231], [-119.8778, 47.8158], [-119.9098, 47.8156], [-119.9347, 47.8162], [-119.9432, 47.8156], [-119.9429, 47.8045], [-119.9441, 47.79], [-119.9433, 47.7865], [-119.9526, 47.7864], [-119.9509, 47.7814], [-119.9557, 47.7792], [-119.9539, 47.7722], [-119.9857, 47.7721], [-119.9859, 47.7578], [-119.9961, 47.7591], [-120.004, 47.7578], [-120.0182, 47.7579], [-120.0182, 47.7505], [-120.0704, 47.7505], [-120.0935, 47.7507], [-120.0936, 47.7578]]]}, "properties": {"district": "Waterville School District (WA)", "county": "Douglas"}}, {"type": "Feature", "geometry": {"type": "Polygon", "coordinates": [[[-118.0182, 48.0022], [-118.0804, 48.0023], [-118.081, 47.9623], [-118.0807, 47.948], [-118.0806, 47.8898], [-118.1416, 47.8897], [-118.1486, 47.8867], [-118.1438, 47.8847], [-118.138, 47.8754], [-118.1304, 47.8656], [-118.1261, 47.8619], [-118.1206, 47.8519], [-118.1186, 47.8435], [-118.12, 47.8397], [-118.1178, 47.8326], [-118.1078, 47.8325], [-118.1055, 47.8304], [-118.0977, 47.8288], [-118.0993, 47.8236], [-118.0836, 47.8095], [-118.0782, 47.8001], [-118.0698, 47.8002], [-118.0635, 47.7973], [-118.0562, 47.7993], [-118.0526, 47.7979], [-118.0482, 47.7923], [-118.0443, 47.7969], [-118.036, 47.8027], [-118.0315, 47.8038], [-118.0243, 47.8021], [-118.0134, 47.8056], [-118.0103, 47.8097], [-118.0081, 47.8173], [-118.0042, 47.8232], [-117.9947, 47.8322], [-117.9901, 47.8344], [-117.9797, 47.8344], [-117.9661, 47.8322], [-117.9569, 47.8281], [-117.9387, 47.8252], [-117.9355, 47.8232], [-117.9262, 47.8253], [-117.9187, 47.829], [-117.9178, 47.8316], [-117.9129, 47.8352], [-117.9072, 47.8353], [-117.9052, 47.8369], [-117.9016, 47.8359], [-117.8952, 47.8363], [-117.8863, 47.8383], [-117.8838, 47.8422], [-117.8841, 47.8444], [-117.8815, 47.8475], [-117.8762, 47.8474], [-117.8642, 47.8445], [-117.8654, 47.8511], [-117.8653, 47.8605], [-117.8583, 47.8616], [-117.8428, 47.8617], [-117.8431, 47.8756], [-117.8323, 47.8752], [-117.8318, 47.8899], [-117.8542, 47.8898], [-117.8541, 47.9185], [-117.8653, 47.9184], [-117.8651, 47.9765], [-117.8652, 48.0022], [-117.9136, 48.0025], [-117.9498, 48.0021], [-118.0182, 48.0022]]]}, "properties": {"district": "Wellpinit School District (WA)", "county": "Stevens"}}, {"type": "Feature", "geometry": {"type": "Polygon", "coordinates": [[[-120.5569, 47.4385], [-120.5578, 47.3621], [-120.5565, 47.3472], [-120.5566, 47.3069], [-120.5533, 47.3088], [-120.5471, 47.308], [-120.5476, 47.3119], [-120.5282, 47.3167], [-120.5306, 47.3212], [-120.532, 47.3292], [-120.5283, 47.3337], [-120.5215, 47.3319], [-120.5165, 47.3217], [-120.5089, 47.3179], [-120.4976, 47.3176], [-120.4877, 47.3111], [-120.4884, 47.3078], [-120.4819, 47.3057], [-120.4779, 47.3073], [-120.4599, 47.3003], [-120.4493, 47.2941], [-120.4472, 47.2885], [-120.4353, 47.2815], [-120.4268, 47.2744], [-120.4181, 47.2752], [-120.406, 47.2741], [-120.3978, 47.2688], [-120.3892, 47.2609], [-120.3242, 47.2612], [-120.2806, 47.2611], [-120.2594, 47.2618], [-120.2182, 47.2623], [-120.1529, 47.2622], [-120.1316, 47.2619], [-120.0945, 47.2622], [-120.0926, 47.2748], [-120.0899, 47.2771], [-120.0891, 47.2905], [-120.0861, 47.3003], [-120.0878, 47.3086], [-120.0874, 47.3146], [-120.09, 47.32], [-120.0873, 47.3238], [-120.0833, 47.3337], [-120.0896, 47.3414], [-120.0983, 47.3423], [-120.1029, 47.3444], [-120.1056, 47.3484], [-120.1186, 47.3597], [-120.1296, 47.3662], [-120.1509, 47.3667], [-120.1656, 47.3677], [-120.1746, 47.3717], [-120.1787, 47.3715], [-120.2016, 47.3765], [-120.2176, 47.3776], [-120.226, 47.3794], [-120.2365, 47.3787], [-120.2589, 47.3834], [-120.2865, 47.3931], [-120.2932, 47.4008], [-120.2964, 47.4131], [-120.302, 47.4244], [-120.3085, 47.4323], [-120.3119, 47.4452], [-120.3161, 47.4506], [-120.318, 47.4569], [-120.3165, 47.472], [-120.3146, 47.4798], [-120.3098, 47.4909], [-120.3077, 47.5041], [-120.3058, 47.5067], [-120.3029, 47.5201], [-120.2947, 47.5324], [-120.2928, 47.5382], [-120.2859, 47.5447], [-120.2736, 47.5522], [-120.2819, 47.5531], [-120.2832, 47.5677], [-120.2606, 47.5645], [-120.261, 47.5718], [-120.2605, 47.5935], [-120.259, 47.6125], [-120.3216, 47.6117], [-120.3879, 47.6116], [-120.3891, 47.5383], [-120.3944, 47.5382], [-120.3942, 47.4944], [-120.3885, 47.4944], [-120.3885, 47.4907], [-120.3981, 47.4908], [-120.399, 47.4809], [-120.3821, 47.4779], [-120.3708, 47.4718], [-120.3677, 47.4667], [-120.3679, 47.4443], [-120.3674, 47.4373], [-120.3879, 47.4366], [-120.3882, 47.4653], [-120.4098, 47.4654], [-120.4096, 47.451], [-120.4103, 47.4362], [-120.4969, 47.4354], [-120.4999, 47.4207], [-120.5231, 47.4239], [-120.5238, 47.439], [-120.5446, 47.4391], [-120.5569, 47.4385]]]}, "properties": {"district": "Wenatchee School District (WA)", "county": "Chelan"}}, {"type": "Feature", "geometry": {"type": "Polygon", "coordinates": [[[-117.3038, 47.7148], [-117.3039, 47.6887], [-117.3093, 47.6887], [-117.3121, 47.6821], [-117.3373, 47.6755], [-117.3361, 47.6694], [-117.3218, 47.6721], [-117.3219, 47.6639], [-117.3148, 47.6638], [-117.3148, 47.657], [-117.3041, 47.6569], [-117.3042, 47.6207], [-117.2936, 47.6207], [-117.2935, 47.6279], [-117.2828, 47.6279], [-117.2829, 47.657], [-117.2721, 47.657], [-117.2721, 47.6715], [-117.272, 47.6832], [-117.2623, 47.6852], [-117.2639, 47.6889], [-117.2506, 47.6929], [-117.2507, 47.7004], [-117.24, 47.7004], [-117.24, 47.7112], [-117.2239, 47.7113], [-117.2239, 47.7222], [-117.2293, 47.7222], [-117.2294, 47.7403], [-117.2402, 47.7404], [-117.2402, 47.744], [-117.2589, 47.7439], [-117.2615, 47.7458], [-117.2616, 47.7585], [-117.2832, 47.7585], [-117.283, 47.7476], [-117.2776, 47.7476], [-117.2776, 47.744], [-117.2829, 47.744], [-117.2829, 47.7148], [-117.3038, 47.7148]]]}, "properties": {"district": "West Valley School District (Spokane) (WA)", "county": "Spokane"}}, {"type": "Feature", "geometry": {"type": "Polygon", "coordinates": [[[-121.413, 46.5786], [-121.4197, 46.5764], [-121.4246, 46.57], [-121.4215, 46.5652], [-121.4127, 46.5587], [-121.4194, 46.5541], [-121.4208, 46.5513], [-121.4166, 46.5482], [-121.4198, 46.5447], [-121.4301, 46.5392], [-121.4339, 46.5393], [-121.4401, 46.536], [-121.4513, 46.5339], [-121.4506, 46.5306], [-121.4546, 46.5241], [-121.456, 46.5167], [-121.4523, 46.5104], [-121.4501, 46.5035], [-121.4445, 46.5009], [-121.4273, 46.497], [-121.4234, 46.4914], [-121.4285, 46.4896], [-121.4351, 46.4822], [-121.4366, 46.4782], [-121.4344, 46.4743], [-121.353, 46.4744], [-121.3335, 46.4746], [-121.2707, 46.4743], [-121.2225, 46.4743], [-121.1256, 46.4743], [-121.1256, 46.4803], [-121.0707, 46.4804], [-120.9972, 46.4802], [-120.9848, 46.4854], [-120.9706, 46.49], [-120.9575, 46.4922], [-120.9504, 46.4923], [-120.9322, 46.501], [-120.9149, 46.5113], [-120.9082, 46.5136], [-120.9053, 46.5165], [-120.8947, 46.5198], [-120.8849, 46.5217], [-120.8732, 46.5267], [-120.8628, 46.5254], [-120.8558, 46.523], [-120.8508, 46.5231], [-120.8395, 46.5257], [-120.8314, 46.5244], [-120.8258, 46.5261], [-120.8157, 46.5258], [-120.8083, 46.5287], [-120.7848, 46.5269], [-120.776, 46.5299], [-120.7631, 46.5291], [-120.7589, 46.5301], [-120.7447, 46.5275], [-120.7447, 46.5245], [-120.7388, 46.5228], [-120.7162, 46.5213], [-120.7075, 46.519], [-120.6883, 46.5185], [-120.6716, 46.5191], [-120.6715, 46.5211], [-120.6291, 46.5212], [-120.586, 46.5209], [-120.586, 46.5355], [-120.5495, 46.5353], [-120.5493, 46.5615], [-120.5518, 46.5636], [-120.5517, 46.5682], [-120.5622, 46.5709], [-120.5732, 46.5718], [-120.5723, 46.5817], [-120.5777, 46.5818], [-120.5777, 46.5854], [-120.583, 46.5855], [-120.5831, 46.5927], [-120.5724, 46.5927], [-120.5724, 46.6008], [-120.5832, 46.605], [-120.5856, 46.6107], [-120.5808, 46.6121], [-120.5809, 46.6156], [-120.5937, 46.6163], [-120.6121, 46.6165], [-120.62, 46.6183], [-120.6201, 46.6219], [-120.636, 46.622], [-120.6359, 46.6075], [-120.6573, 46.6074], [-120.6569, 46.6218], [-120.6777, 46.6207], [-120.7201, 46.6219], [-120.7622, 46.6219], [-120.7827, 46.6223], [-120.8242, 46.6219], [-120.8239, 46.6074], [-120.8448, 46.6072], [-120.8452, 46.5928], [-120.866, 46.5929], [-120.8665, 46.5784], [-120.9094, 46.5785], [-120.9499, 46.5781], [-120.9604, 46.5788], [-120.9822, 46.5786], [-121.0117, 46.5788], [-121.0324, 46.5785], [-121.0744, 46.5791], [-121.1375, 46.5786], [-121.3265, 46.5786], [-121.413, 46.5786]]]}, "properties": {"district": "West Valley School District (Yakima) (WA)", "county": "Yakima"}}, {"type": "Feature", "geometry": {"type": "Polygon", "coordinates": [[[-122.3047, 46.5178], [-122.3041, 46.4915], [-122.3044, 46.4815], [-122.292, 46.4766], [-122.276, 46.4694], [-122.2623, 46.4662], [-122.2512, 46.4658], [-122.2512, 46.4677], [-122.2417, 46.4685], [-122.2416, 46.4005], [-122.241, 46.3859], [-122.1978, 46.3863], [-122.1558, 46.3862], [-122.1143, 46.3865], [-122.1145, 46.3883], [-122.0321, 46.3878], [-121.9899, 46.388], [-121.9899, 46.3886], [-121.9117, 46.3886], [-121.7887, 46.3886], [-121.6869, 46.3886], [-121.5223, 46.3886], [-121.5223, 46.3882], [-121.4867, 46.3881], [-121.4565, 46.3886], [-121.4475, 46.3846], [-121.4457, 46.388], [-121.397, 46.3881], [-121.3938, 46.39], [-121.3899, 46.4014], [-121.3903, 46.4059], [-121.3866, 46.4106], [-121.3932, 46.4172], [-121.3968, 46.4225], [-121.402, 46.4248], [-121.4078, 46.4309], [-121.4081, 46.4388], [-121.4107, 46.4461], [-121.4146, 46.4514], [-121.4126, 46.4588], [-121.4207, 46.4631], [-121.4254, 46.4641], [-121.4297, 46.471], [-121.4344, 46.4743], [-121.4366, 46.4782], [-121.4351, 46.4822], [-121.4285, 46.4896], [-121.4234, 46.4914], [-121.4273, 46.497], [-121.4445, 46.5009], [-121.4501, 46.5035], [-121.4523, 46.5104], [-121.456, 46.5167], [-121.4546, 46.5241], [-121.4506, 46.5306], [-121.4513, 46.5339], [-121.4401, 46.536], [-121.4339, 46.5393], [-121.4301, 46.5392], [-121.4198, 46.5447], [-121.4166, 46.5482], [-121.4208, 46.5513], [-121.4194, 46.5541], [-121.4127, 46.5587], [-121.4215, 46.5652], [-121.4246, 46.57], [-121.4197, 46.5764], [-121.413, 46.5786], [-121.4057, 46.5823], [-121.4029, 46.5879], [-121.4023, 46.5943], [-121.4076, 46.6021], [-121.4055, 46.6053], [-121.4007, 46.6066], [-121.3997, 46.6119], [-121.3896, 46.6167], [-121.3867, 46.6212], [-121.3896, 46.6287], [-121.3864, 46.636], [-121.3907, 46.6396], [-121.398, 46.6418], [-121.3952, 46.6458], [-121.4137, 46.6487], [-121.4163, 46.6514], [-121.4165, 46.6595], [-121.4115, 46.6656], [-121.4132, 46.6759], [-121.4073, 46.6837], [-121.3952, 46.6872], [-121.3767, 46.6865], [-121.3745, 46.6929], [-121.3802, 46.6992], [-121.3768, 46.7047], [-121.37, 46.7064], [-121.3687, 46.7089], [-121.3581, 46.7122], [-121.3583, 46.7168], [-121.3634, 46.723], [-121.3688, 46.7262], [-121.3839, 46.7284], [-121.3949, 46.7269], [-121.408, 46.7283], [-121.4124, 46.7356], [-121.4294, 46.7393], [-121.4312, 46.7419], [-121.4238, 46.7523], [-121.4253, 46.7574], [-121.4337, 46.7592], [-121.4418, 46.7582], [-121.4386, 46.7626], [-121.4432, 46.7676], [-121.4468, 46.7677], [-121.4478, 46.7731], [-121.4525, 46.7767], [-121.4552, 46.7838], [-121.6214, 46.7838], [-121.7586, 46.7838], [-121.7728, 46.7771], [-121.777, 46.7765], [-121.7877, 46.7698], [-121.7903, 46.7643], [-121.7977, 46.7619], [-121.8054, 46.7561], [-121.8034, 46.7529], [-121.8099, 46.7478], [-121.8174, 46.7473], [-121.8204, 46.7453], [-121.8259, 46.738], [-121.8298, 46.7352], [-121.8318, 46.7302], [-121.8419, 46.7285], [-121.855, 46.7292], [-121.8552, 46.6777], [-121.9599, 46.6777], [-122.0009, 46.6775], [-122.0441, 46.6778], [-122.0718, 46.6772], [-122.1072, 46.6772], [-122.1078, 46.6484], [-122.1474, 46.6482], [-122.1689, 46.6487], [-122.1781, 46.6482], [-122.199, 46.6483], [-122.1988, 46.6169], [-122.1991, 46.5617], [-122.1785, 46.5618], [-122.1784, 46.5179], [-122.1992, 46.5179], [-122.2207, 46.5185], [-122.2208, 46.504], [-122.242, 46.5041], [-122.2419, 46.5186], [-122.2631, 46.5178], [-122.3047, 46.5178]]]}, "properties": {"district": "White Pass School District (WA)", "county": "Lewis"}}, {"type": "Feature", "geometry": {"type": "Polygon", "coordinates": [[[-122.1442, 47.2031], [-122.1441, 47.1884], [-122.1569, 47.1882], [-122.1576, 47.1737], [-122.1494, 47.1737], [-122.1495, 47.1679], [-122.1654, 47.1695], [-122.1657, 47.1656], [-122.1605, 47.1626], [-122.1442, 47.162], [-122.145, 47.14], [-122.134, 47.1398], [-122.1343, 47.1326], [-122.1348, 47.1254], [-122.1128, 47.1258], [-122.1134, 47.1114], [-122.1026, 47.1117], [-122.1025, 47.1044], [-122.0804, 47.1044], [-122.0809, 47.0973], [-122.036, 47.0975], [-122.0348, 47.0654], [-122.035, 47.0401], [-122.0567, 47.0398], [-122.0559, 47.0253], [-122.0136, 47.0256], [-122.0139, 47.0547], [-121.9721, 47.0547], [-121.9718, 47.0366], [-121.9702, 46.997], [-121.9679, 46.9966], [-121.9395, 46.9967], [-121.9091, 46.9962], [-121.8879, 46.9966], [-121.8557, 46.9964], [-121.8545, 46.996], [-121.7513, 46.9959], [-121.7292, 46.9962], [-121.7292, 46.9074], [-121.6438, 46.9074], [-121.4978, 46.9074], [-121.4917, 46.9091], [-121.485, 46.9128], [-121.4754, 46.9133], [-121.4659, 46.9202], [-121.4564, 46.9236], [-121.457, 46.928], [-121.4495, 46.9344], [-121.4522, 46.9413], [-121.4503, 46.9483], [-121.4532, 46.9516], [-121.4532, 46.957], [-121.4584, 46.9606], [-121.4551, 46.9648], [-121.4421, 46.9729], [-121.4458, 46.9802], [-121.4381, 46.984], [-121.427, 46.9881], [-121.4209, 46.9886], [-121.4193, 46.9919], [-121.4135, 46.9952], [-121.4091, 46.9952], [-121.4065, 46.9987], [-121.4093, 47.0028], [-121.4038, 47.015], [-121.3971, 47.0183], [-121.3947, 47.0233], [-121.3998, 47.0335], [-121.3926, 47.041], [-121.3863, 47.0461], [-121.3859, 47.0492], [-121.3811, 47.0504], [-121.3741, 47.057], [-121.3766, 47.0615], [-121.3754, 47.0733], [-121.3789, 47.0756], [-121.3833, 47.0848], [-121.38, 47.0872], [-121.3923, 47.0889], [-121.4068, 47.0886], [-121.412, 47.0907], [-121.4174, 47.0884], [-121.4282, 47.0873], [-121.4418, 47.0844], [-121.4499, 47.0884], [-121.4547, 47.0894], [-121.4586, 47.0927], [-121.4661, 47.0961], [-121.4758, 47.1033], [-121.4811, 47.1109], [-121.4863, 47.1124], [-121.4906, 47.1168], [-121.4977, 47.1166], [-121.5067, 47.1187], [-121.5091, 47.1223], [-121.5172, 47.1224], [-121.5315, 47.1246], [-121.5354, 47.1226], [-121.5512, 47.1229], [-121.5599, 47.1196], [-121.5708, 47.1193], [-121.576, 47.1202], [-121.5817, 47.1186], [-121.5937, 47.1218], [-121.6011, 47.1318], [-121.6096, 47.1384], [-121.6118, 47.1432], [-121.6244, 47.1513], [-121.631, 47.1535], [-121.6376, 47.1533], [-121.6438, 47.1556], [-121.6493, 47.1551], [-121.6558, 47.1586], [-121.6638, 47.1599], [-121.6687, 47.1559], [-121.675, 47.1549], [-121.6842, 47.1498], [-121.7051, 47.152], [-121.7199, 47.1512], [-121.7292, 47.158], [-121.7386, 47.1607], [-121.7425, 47.1642], [-121.7495, 47.1621], [-121.7617, 47.1673], [-121.7698, 47.1654], [-121.7756, 47.1679], [-121.7781, 47.1734], [-121.7827, 47.1723], [-121.7965, 47.1731], [-121.8033, 47.1692], [-121.8064, 47.1653], [-121.8104, 47.1639], [-121.8144, 47.159], [-121.8193, 47.1588], [-121.8316, 47.149], [-121.8403, 47.1432], [-121.8461, 47.1444], [-121.8489, 47.1471], [-121.8611, 47.1475], [-121.8608, 47.1507], [-121.8665, 47.1526], [-121.8741, 47.1507], [-121.878, 47.1538], [-121.8862, 47.1529], [-121.9015, 47.1557], [-121.9094, 47.1505], [-121.9179, 47.1503], [-121.9282, 47.1474], [-121.9279, 47.1448], [-121.9349, 47.1382], [-121.9435, 47.14], [-121.9506, 47.1452], [-121.9499, 47.151], [-121.9516, 47.154], [-121.9579, 47.1571], [-121.9647, 47.156], [-121.971, 47.157], [-121.9727, 47.1602], [-121.9803, 47.1645], [-121.9914, 47.1632], [-121.9939, 47.1726], [-122.0006, 47.1702], [-122.0127, 47.1761], [-122.0223, 47.174], [-122.0319, 47.175], [-122.0358, 47.173], [-122.0481, 47.1714], [-122.0529, 47.175], [-122.0659, 47.1871], [-122.0782, 47.1892], [-122.0878, 47.1941], [-122.0948, 47.195], [-122.0973, 47.1997], [-122.1005, 47.2], [-122.1125, 47.2137], [-122.1255, 47.2138], [-122.1255, 47.2102], [-122.1308, 47.2102], [-122.1335, 47.2066], [-122.1442, 47.2066], [-122.1442, 47.2031]]]}, "properties": {"district": "White River School District (WA)", "county": "Pierce"}}, {"type": "Feature", "geometry": {"type": "Polygon", "coordinates": [[[-121.6126, 45.8989], [-121.6125, 45.8704], [-121.6086, 45.8704], [-121.6085, 45.8401], [-121.6088, 45.8], [-121.6092, 45.7825], [-121.609, 45.7542], [-121.6093, 45.7096], [-121.5329, 45.7265], [-121.4991, 45.7207], [-121.4628, 45.7013], [-121.424, 45.6941], [-121.4017, 45.6929], [-121.3835, 45.6992], [-121.3836, 45.7174], [-121.3625, 45.7176], [-121.3623, 45.739], [-121.3636, 45.7965], [-121.3528, 45.7976], [-121.3427, 45.7974], [-121.3428, 45.8119], [-121.3222, 45.812], [-121.3221, 45.8265], [-121.3011, 45.8263], [-121.3016, 45.8554], [-121.301, 45.8693], [-121.3218, 45.8695], [-121.3221, 45.8914], [-121.3325, 45.8913], [-121.3638, 45.8915], [-121.3845, 45.8911], [-121.405, 45.8913], [-121.4048, 45.8985], [-121.4459, 45.8987], [-121.5446, 45.8989], [-121.5907, 45.8987], [-121.6126, 45.8989]]]}, "properties": {"district": "White Salmon Valley School District (WA)", "county": "Klickitat"}}, {"type": "Feature", "geometry": {"type": "Polygon", "coordinates": [[[-118.8722, 47.9253], [-118.8725, 47.8669], [-118.8508, 47.8669], [-118.8507, 47.8565], [-118.8512, 47.772], [-118.8511, 47.7573], [-118.8518, 47.7429], [-118.83, 47.7429], [-118.8298, 47.6994], [-118.8286, 47.6845], [-118.8278, 47.649], [-118.8276, 47.6119], [-118.829, 47.5953], [-118.8496, 47.5954], [-118.8496, 47.5447], [-118.8494, 47.5229], [-118.807, 47.5228], [-118.7423, 47.5232], [-118.7209, 47.523], [-118.721, 47.5375], [-118.6783, 47.5375], [-118.6783, 47.552], [-118.6355, 47.5518], [-118.6355, 47.5809], [-118.6349, 47.6414], [-118.6153, 47.6413], [-118.592, 47.6417], [-118.5922, 47.6564], [-118.5695, 47.6561], [-118.5696, 47.6707], [-118.5924, 47.6707], [-118.5927, 47.6993], [-118.5924, 47.7178], [-118.5869, 47.7178], [-118.5868, 47.7288], [-118.6136, 47.7286], [-118.6136, 47.7506], [-118.5923, 47.7506], [-118.5922, 47.7873], [-118.5701, 47.7872], [-118.57, 47.8018], [-118.5812, 47.8017], [-118.5811, 47.8598], [-118.5589, 47.8599], [-118.5593, 47.8741], [-118.5396, 47.8741], [-118.5369, 47.8768], [-118.5426, 47.8806], [-118.544, 47.8886], [-118.5422, 47.8926], [-118.5346, 47.9012], [-118.5321, 47.9105], [-118.5335, 47.9149], [-118.541, 47.9204], [-118.5634, 47.9276], [-118.5704, 47.9323], [-118.5846, 47.9325], [-118.5981, 47.9292], [-118.607, 47.9312], [-118.6138, 47.9289], [-118.6248, 47.9276], [-118.6343, 47.9299], [-118.6414, 47.926], [-118.652, 47.9271], [-118.662, 47.9374], [-118.6779, 47.941], [-118.6884, 47.9427], [-118.6975, 47.9405], [-118.7076, 47.9336], [-118.7111, 47.9192], [-118.71, 47.9098], [-118.7117, 47.9033], [-118.7149, 47.902], [-118.7303, 47.9002], [-118.7355, 47.9005], [-118.7454, 47.9032], [-118.799, 47.903], [-118.8506, 47.9034], [-118.8505, 47.9253], [-118.8722, 47.9253]]]}, "properties": {"district": "Wilbur School District (WA)", "county": "Lincoln"}}, {"type": "Feature", "geometry": {"type": "Polygon", "coordinates": [[[-123.5885, 46.7363], [-123.6109, 46.7358], [-123.6638, 46.7359], [-123.664, 46.7077], [-123.6745, 46.7079], [-123.6744, 46.6936], [-123.6953, 46.6938], [-123.6955, 46.6685], [-123.706, 46.6684], [-123.706, 46.6719], [-123.7271, 46.6716], [-123.7256, 46.6669], [-123.7166, 46.6669], [-123.7162, 46.6538], [-123.6955, 46.654], [-123.6957, 46.6358], [-123.7165, 46.6357], [-123.7156, 46.5923], [-123.6952, 46.5928], [-123.6946, 46.5781], [-123.6949, 46.5634], [-123.7247, 46.5631], [-123.7255, 46.5271], [-123.7256, 46.5062], [-123.7254, 46.4709], [-123.685, 46.4708], [-123.6855, 46.4565], [-123.6428, 46.457], [-123.6014, 46.4564], [-123.6014, 46.4541], [-123.5651, 46.4544], [-123.5652, 46.4397], [-123.5235, 46.44], [-123.4831, 46.44], [-123.4831, 46.4414], [-123.4629, 46.4415], [-123.4428, 46.4423], [-123.4213, 46.4421], [-123.3996, 46.4427], [-123.3582, 46.4413], [-123.3574, 46.4705], [-123.3584, 46.4916], [-123.3584, 46.5414], [-123.4, 46.5409], [-123.4148, 46.5404], [-123.4156, 46.563], [-123.3665, 46.5625], [-123.365, 46.563], [-123.3656, 46.5771], [-123.3646, 46.5909], [-123.3654, 46.6201], [-123.3648, 46.6277], [-123.3651, 46.6493], [-123.3667, 46.6778], [-123.3679, 46.6922], [-123.4043, 46.692], [-123.4292, 46.6924], [-123.4734, 46.6922], [-123.4839, 46.6915], [-123.5066, 46.6923], [-123.5884, 46.6927], [-123.5879, 46.7072], [-123.5885, 46.7363]]]}, "properties": {"district": "Willapa Valley School District (WA)", "county": "Pacific"}}, {"type": "Feature", "geometry": {"type": "Polygon", "coordinates": [[[-119.3732, 47.4766], [-119.3731, 47.426], [-119.3661, 47.4308], [-119.3579, 47.4349], [-119.3496, 47.4328], [-119.3229, 47.4318], [-119.3153, 47.4325], [-119.3074, 47.431], [-119.2934, 47.4327], [-119.287, 47.4349], [-119.2809, 47.4354], [-119.267, 47.4385], [-119.2559, 47.4388], [-119.256, 47.4242], [-119.2773, 47.4246], [-119.2773, 47.41], [-119.2985, 47.4104], [-119.2984, 47.3824], [-119.2986, 47.3376], [-119.2922, 47.3334], [-119.2804, 47.3292], [-119.2765, 47.3292], [-119.2699, 47.3261], [-119.2467, 47.3242], [-119.2399, 47.3222], [-119.2227, 47.3315], [-119.2166, 47.332], [-119.2101, 47.3287], [-119.1492, 47.3278], [-119.1489, 47.3204], [-119.1491, 47.2772], [-119.0859, 47.2762], [-119.065, 47.2765], [-119.0646, 47.296], [-119.0644, 47.3345], [-119.0217, 47.3345], [-119.0216, 47.3565], [-119.043, 47.3565], [-119.0429, 47.3859], [-118.9852, 47.3679], [-118.9787, 47.3642], [-118.9577, 47.3635], [-118.9148, 47.3633], [-118.8938, 47.3637], [-118.8931, 47.4068], [-118.8926, 47.4213], [-118.9567, 47.4217], [-118.9675, 47.4221], [-118.9672, 47.4676], [-118.9676, 47.495], [-118.9353, 47.4948], [-118.9354, 47.5094], [-118.914, 47.5092], [-118.9136, 47.5227], [-118.9142, 47.5456], [-118.9573, 47.5459], [-118.9575, 47.5532], [-118.9777, 47.5534], [-119.0317, 47.5533], [-119.0857, 47.5529], [-119.0855, 47.5674], [-119.1494, 47.5678], [-119.1492, 47.5751], [-119.1708, 47.5753], [-119.1711, 47.5534], [-119.2342, 47.5541], [-119.2345, 47.5417], [-119.2341, 47.4743], [-119.2558, 47.4751], [-119.2985, 47.4754], [-119.3732, 47.4766]]]}, "properties": {"district": "Wilson Creek School District (WA)", "county": "Grant"}}, {"type": "Feature", "geometry": {"type": "Polygon", "coordinates": [[[-123.0224, 46.562], [-123.0218, 46.5463], [-123.0323, 46.5463], [-123.0318, 46.5176], [-123.032, 46.5034], [-122.9907, 46.5032], [-122.9904, 46.4744], [-123.0526, 46.4744], [-123.0533, 46.4594], [-123.0523, 46.4456], [-123.0524, 46.4312], [-123.0316, 46.4311], [-123.0315, 46.4378], [-123.0109, 46.4381], [-122.9283, 46.4381], [-122.9285, 46.4598], [-122.8996, 46.4599], [-122.8978, 46.4642], [-122.8782, 46.4582], [-122.8756, 46.46], [-122.8653, 46.46], [-122.8656, 46.5034], [-122.8558, 46.5034], [-122.8558, 46.5251], [-122.8558, 46.5468], [-122.8655, 46.5468], [-122.8655, 46.5432], [-122.8813, 46.5433], [-122.8813, 46.5324], [-122.8918, 46.5325], [-122.8918, 46.5361], [-122.9023, 46.5361], [-122.9023, 46.5397], [-122.9075, 46.5398], [-122.9075, 46.5325], [-122.918, 46.5325], [-122.918, 46.518], [-122.9598, 46.5181], [-122.9599, 46.5324], [-122.981, 46.5322], [-122.981, 46.5538], [-122.9813, 46.5619], [-123.0224, 46.562]]]}, "properties": {"district": "Winlock School District (WA)", "county": "Lewis"}}, {"type": "Feature", "geometry": {"type": "Polygon", "coordinates": [[[-123.6944, 47.2564], [-123.696, 47.2564], [-123.6966, 47.2717], [-123.6952, 47.2844], [-123.6958, 47.2993], [-123.7179, 47.3017], [-123.7396, 47.3017], [-123.7392, 47.3162], [-123.7394, 47.345], [-123.7755, 47.3445], [-123.8398, 47.3445], [-123.8402, 47.337], [-123.8389, 47.3303], [-123.8409, 47.3158], [-123.8418, 47.2721], [-123.8433, 47.2571], [-123.8387, 47.2571], [-123.8398, 47.2413], [-123.8397, 47.2127], [-123.8397, 47.198], [-123.8409, 47.1834], [-123.8411, 47.1685], [-123.839, 47.1526], [-123.8396, 47.124], [-123.8387, 47.0808], [-123.8184, 47.0807], [-123.8184, 47.0659], [-123.7985, 47.0664], [-123.7782, 47.066], [-123.7353, 47.0658], [-123.7344, 47.1162], [-123.7339, 47.1231], [-123.7348, 47.1382], [-123.7342, 47.145], [-123.7342, 47.1666], [-123.6954, 47.1669], [-123.6955, 47.1813], [-123.6942, 47.21], [-123.6946, 47.2387], [-123.6944, 47.2564]]]}, "properties": {"district": "Wishkah Valley School District (WA)", "county": "Grays Harbor"}}, {"type": "Feature", "geometry": {"type": "Polygon", "coordinates": [[[-121.0517, 45.6948], [-121.0516, 45.6657], [-121.0929, 45.6656], [-121.0932, 45.651], [-121.0714, 45.6509], [-121.0645, 45.6525], [-121.0338, 45.651], [-121.0074, 45.6532], [-120.9835, 45.6484], [-120.9778, 45.6494], [-120.9531, 45.6567], [-120.944, 45.6564], [-120.9136, 45.64], [-120.8958, 45.6429], [-120.8857, 45.6502], [-120.8852, 45.6937], [-121.0049, 45.6948], [-121.0517, 45.6948]]]}, "properties": {"district": "Wishram School District (WA)", "county": "Klickitat"}}, {"type": "Feature", "geometry": {"type": "Polygon", "coordinates": [[[-122.8118, 45.9531], [-122.8062, 45.9324], [-122.8115, 45.9127], [-122.7981, 45.8843], [-122.785, 45.8677], [-122.7855, 45.8505], [-122.7774, 45.853], [-122.7733, 45.8574], [-122.7615, 45.8616], [-122.7497, 45.8645], [-122.7432, 45.8701], [-122.7359, 45.8706], [-122.723, 45.8667], [-122.7207, 45.8671], [-122.7219, 45.8728], [-122.7218, 45.8952], [-122.7013, 45.8955], [-122.7012, 45.91], [-122.6806, 45.9098], [-122.6806, 45.9171], [-122.6755, 45.9171], [-122.6754, 45.9134], [-122.6392, 45.9131], [-122.6391, 45.9271], [-122.6389, 45.9375], [-122.6272, 45.9356], [-122.62, 45.9368], [-122.6157, 45.9357], [-122.606, 45.94], [-122.601, 45.9448], [-122.5903, 45.9484], [-122.5854, 45.9528], [-122.578, 45.9547], [-122.572, 45.9526], [-122.5646, 45.9517], [-122.5574, 45.9538], [-122.5546, 45.9598], [-122.5498, 45.9626], [-122.5469, 45.967], [-122.5383, 45.9702], [-122.5318, 45.974], [-122.5345, 45.9792], [-122.523, 45.9841], [-122.5179, 45.9828], [-122.5107, 45.9849], [-122.5064, 45.9803], [-122.4975, 45.9805], [-122.4984, 45.9863], [-122.4939, 45.9868], [-122.4896, 45.9835], [-122.4847, 45.9836], [-122.4788, 45.9879], [-122.4524, 45.985], [-122.4464, 45.9832], [-122.4422, 45.9758], [-122.4318, 45.9757], [-122.4224, 45.9774], [-122.4184, 45.974], [-122.3985, 45.9725], [-122.3898, 45.9667], [-122.3829, 45.9648], [-122.3798, 45.9616], [-122.3741, 45.9602], [-122.3632, 45.9627], [-122.3631, 45.9598], [-122.3578, 45.9569], [-122.3521, 45.9588], [-122.3435, 45.9595], [-122.3327, 45.9651], [-122.3244, 45.9761], [-122.3253, 45.9827], [-122.3184, 45.9854], [-122.3148, 45.9908], [-122.3166, 45.9939], [-122.3225, 45.9964], [-122.325, 45.9998], [-122.3245, 46.0071], [-122.3289, 46.0101], [-122.3254, 46.0126], [-122.3175, 46.0127], [-122.3137, 46.017], [-122.3152, 46.0216], [-122.3117, 46.0288], [-122.3059, 46.0296], [-122.2947, 46.038], [-122.2944, 46.0492], [-122.2874, 46.0496], [-122.2834, 46.0514], [-122.2765, 46.0582], [-122.2692, 46.0596], [-122.2591, 46.0578], [-122.2459, 46.0538], [-122.2458, 46.0632], [-122.246, 46.1281], [-122.2679, 46.1281], [-122.2989, 46.1266], [-122.3537, 46.1265], [-122.4742, 46.1265], [-122.493, 46.1266], [-122.4922, 46.097], [-122.4731, 46.0971], [-122.473, 46.0683], [-122.4923, 46.0683], [-122.4923, 46.0694], [-122.513, 46.0693], [-122.5131, 46.0549], [-122.5345, 46.0549], [-122.5344, 46.0477], [-122.5555, 46.0477], [-122.5556, 46.0406], [-122.6177, 46.0404], [-122.638, 46.0408], [-122.6388, 46.0222], [-122.6481, 46.0225], [-122.659, 46.0252], [-122.6693, 46.0251], [-122.6693, 46.0108], [-122.6807, 46.0111], [-122.6804, 46.0036], [-122.6998, 46.0035], [-122.6993, 45.9672], [-122.7296, 45.9684], [-122.7422, 45.9675], [-122.742, 45.953], [-122.8118, 45.9531]]]}, "properties": {"district": "Woodland School District (WA)", "county": "Cowlitz"}}, {"type": "Feature", "geometry": {"type": "Polygon", "coordinates": [[[-120.5809, 46.6156], [-120.5808, 46.6121], [-120.5856, 46.6107], [-120.5832, 46.605], [-120.5724, 46.6008], [-120.5724, 46.5927], [-120.5831, 46.5927], [-120.583, 46.5855], [-120.5777, 46.5854], [-120.5777, 46.5818], [-120.5723, 46.5817], [-120.5732, 46.5718], [-120.5622, 46.5709], [-120.5517, 46.5682], [-120.5518, 46.5636], [-120.5493, 46.5615], [-120.5495, 46.5353], [-120.5125, 46.5354], [-120.5124, 46.55], [-120.526, 46.5499], [-120.526, 46.5616], [-120.5073, 46.5615], [-120.507, 46.551], [-120.5022, 46.5485], [-120.5023, 46.5615], [-120.491, 46.5613], [-120.4902, 46.5668], [-120.4829, 46.5667], [-120.4828, 46.5704], [-120.472, 46.5703], [-120.472, 46.5775], [-120.4665, 46.5775], [-120.4607, 46.5821], [-120.47, 46.5925], [-120.4735, 46.6048], [-120.4837, 46.6066], [-120.489, 46.6109], [-120.4879, 46.6134], [-120.4907, 46.6221], [-120.5009, 46.6245], [-120.5028, 46.6272], [-120.5093, 46.6301], [-120.5163, 46.6294], [-120.5257, 46.6267], [-120.5428, 46.6243], [-120.5493, 46.6256], [-120.5633, 46.6264], [-120.578, 46.6313], [-120.5779, 46.6253], [-120.5801, 46.6217], [-120.5809, 46.6156]]]}, "properties": {"district": "Yakima School District (WA)", "county": "Yakima"}}, {"type": "Feature", "geometry": {"type": "Polygon", "coordinates": [[[-122.6607, 47.0105], [-122.675, 47.0104], [-122.6752, 47.0032], [-122.6963, 47.0032], [-122.6963, 47.0105], [-122.7067, 47.0104], [-122.7067, 47.0035], [-122.716, 47.006], [-122.7191, 47.0015], [-122.7287, 46.9996], [-122.7386, 46.9995], [-122.7387, 46.9923], [-122.7597, 46.9923], [-122.7597, 46.9887], [-122.7676, 46.9887], [-122.7677, 46.9845], [-122.7817, 46.9871], [-122.7809, 46.9669], [-122.7703, 46.9669], [-122.7704, 46.956], [-122.7597, 46.9559], [-122.7597, 46.9632], [-122.7387, 46.9633], [-122.7386, 46.9591], [-122.7439, 46.9597], [-122.7439, 46.9525], [-122.7383, 46.9524], [-122.6965, 46.9524], [-122.6964, 46.9378], [-122.6542, 46.938], [-122.6541, 46.9089], [-122.6337, 46.909], [-122.634, 46.8941], [-122.6446, 46.8941], [-122.6451, 46.8578], [-122.6346, 46.8578], [-122.6348, 46.8505], [-122.6295, 46.8505], [-122.6297, 46.836], [-122.6349, 46.836], [-122.6355, 46.8216], [-122.628, 46.8197], [-122.6146, 46.8197], [-122.6156, 46.807], [-122.6152, 46.792], [-122.6158, 46.7622], [-122.571, 46.7633], [-122.5497, 46.7634], [-122.4868, 46.762], [-122.4867, 46.7631], [-122.4024, 46.7628], [-122.3596, 46.7631], [-122.2771, 46.763], [-122.224, 46.7629], [-122.2031, 46.7631], [-122.208, 46.7655], [-122.2113, 46.7702], [-122.2159, 46.7687], [-122.2227, 46.7701], [-122.2265, 46.7688], [-122.2305, 46.7723], [-122.2361, 46.7729], [-122.2415, 46.7759], [-122.2478, 46.7751], [-122.25, 46.7718], [-122.2568, 46.7726], [-122.2611, 46.7712], [-122.2616, 46.766], [-122.2696, 46.7668], [-122.2778, 46.775], [-122.2858, 46.7741], [-122.2887, 46.7782], [-122.293, 46.7805], [-122.2967, 46.7856], [-122.3085, 46.7892], [-122.3125, 46.796], [-122.3063, 46.8063], [-122.3025, 46.809], [-122.3042, 46.8152], [-122.3036, 46.8281], [-122.3101, 46.8299], [-122.3186, 46.8284], [-122.3251, 46.8305], [-122.3239, 46.8344], [-122.3294, 46.8389], [-122.3256, 46.8414], [-122.3277, 46.8443], [-122.3341, 46.8421], [-122.3383, 46.838], [-122.3442, 46.837], [-122.356, 46.839], [-122.3604, 46.8433], [-122.3641, 46.8417], [-122.3712, 46.8454], [-122.3785, 46.8394], [-122.383, 46.84], [-122.3907, 46.8457], [-122.406, 46.8425], [-122.408, 46.8458], [-122.4166, 46.8453], [-122.4215, 46.8489], [-122.4209, 46.8643], [-122.4105, 46.8643], [-122.4114, 46.886], [-122.4228, 46.8864], [-122.4227, 46.8937], [-122.4122, 46.8937], [-122.412, 46.901], [-122.4226, 46.901], [-122.4224, 46.9082], [-122.3996, 46.9078], [-122.3999, 46.9348], [-122.3996, 46.9441], [-122.4213, 46.9441], [-122.4215, 46.9334], [-122.4741, 46.9342], [-122.4741, 46.9451], [-122.4893, 46.9452], [-122.4893, 46.9525], [-122.4946, 46.9524], [-122.4945, 46.9597], [-122.505, 46.9596], [-122.505, 46.9669], [-122.5265, 46.9666], [-122.5264, 46.9812], [-122.5537, 46.9814], [-122.5603, 46.9825], [-122.5655, 46.9741], [-122.5688, 46.9741], [-122.5688, 46.967], [-122.5769, 46.9704], [-122.5778, 46.9759], [-122.5845, 46.9743], [-122.596, 46.974], [-122.6012, 46.9761], [-122.611, 46.9767], [-122.6116, 46.9672], [-122.6185, 46.9702], [-122.6291, 46.9715], [-122.6382, 46.9781], [-122.6367, 46.9831], [-122.6315, 46.9881], [-122.6298, 46.9974], [-122.6328, 46.9992], [-122.6464, 47.0039], [-122.6487, 47.0065], [-122.657, 47.0061], [-122.6607, 47.0105]]]}, "properties": {"district": "Yelm School District (WA)", "county": "Thurston"}}, {"type": "Feature", "geometry": {"type": "Polygon", "coordinates": [[[-120.2901, 46.5201], [-120.2907, 46.4329], [-120.2932, 46.4329], [-120.2935, 46.4069], [-120.2802, 46.3981], [-120.2711, 46.3959], [-120.2697, 46.3941], [-120.2612, 46.3974], [-120.2582, 46.3949], [-120.2524, 46.3948], [-120.2441, 46.3871], [-120.2435, 46.3834], [-120.2375, 46.3848], [-120.2317, 46.3843], [-120.2231, 46.3761], [-120.2228, 46.3714], [-120.2039, 46.3715], [-120.2041, 46.3788], [-120.1883, 46.3789], [-120.1936, 46.3848], [-120.1887, 46.3897], [-120.1887, 46.4476], [-120.1881, 46.4764], [-120.1254, 46.4767], [-120.1254, 46.4914], [-120.2068, 46.4911], [-120.2091, 46.4946], [-120.209, 46.5056], [-120.2505, 46.5056], [-120.2505, 46.52], [-120.2901, 46.5201]]]}, "properties": {"district": "Zillah School District (WA)", "county": "Yakima"}}]}