district,librarian_fte,year,librarians_per_school,students_per_librarian,teachers_per_librarian,teacher_fte,locale_code,locale_tier,ela_pct_met_grade4,ela_pct_met_grade8,ela_pct_foundational_grade4,ela_pct_foundational_grade8
Aberdeen School District (WA),1.0,2015-16,0.09,3288.0,195.0,194.9,33.0,Mid-size,47.3,46.4,,
Aberdeen School District (WA),1.0,2016-17,0.09,3408.0,204.0,204.19,33.0,Mid-size,44.7,40.4,,
Aberdeen School District (WA),1.0,2017-18,0.09,3435.0,208.0,207.68,33.0,Mid-size,45.8,37.9,,
Aberdeen School District (WA),1.0,2018-19,0.08,3534.0,210.0,210.36,33.0,Mid-size,40.4,39.2,,
Aberdeen School District (WA),0.0,2019-20,0.0,,,203.55,33.0,Mid-size,,,,
Aberdeen School District (WA),0.0,2020-21,0.0,,,163.9,33.0,Mid-size,37.0,32.2,,
Aberdeen School District (WA),0.0,2021-22,0.0,,,186.56,33.0,Mid-size,33.9,32.2,,
Aberdeen School District (WA),0.0,2022-23,0.0,,,204.0,33.0,Mid-size,32.0,32.2,,
Aberdeen School District (WA),0.0,2023-24,,,,182.37,33.0,Mid-size,32.5,28.8,50.0,60.7
Aberdeen School District (WA),0.0,2024-25,,,,170.8,33.0,Mid-size,30.2,31.7,55.3,57.0
Adna School District (WA),0.0,2015-16,0.0,,,34.5,42.0,Distant Rural,70.2,58.3,,
Adna School District (WA),0.0,2016-17,0.0,,,35.83,42.0,Distant Rural,76.2,75.0,,
Adna School District (WA),0.0,2017-18,0.0,,,36.37,42.0,Distant Rural,66.0,50.9,,
Adna School District (WA),0.0,2018-19,0.0,,,36.35,42.0,Distant Rural,58.8,71.8,,
Adna School District (WA),0.0,2019-20,0.0,,,36.21,42.0,Distant Rural,,,,
Adna School District (WA),0.0,2020-21,0.0,,,36.26,42.0,Distant Rural,52.3,50.0,,
Adna School District (WA),0.0,2021-22,0.0,,,33.67,42.0,Distant Rural,54.5,50.0,,
Adna School District (WA),0.0,2022-23,0.0,,,37.0,42.0,Distant Rural,56.4,31.6,,
Adna School District (WA),0.0,2023-24,,,,32.01,42.0,Distant Rural,56.3,25.0,83.3,61.5
Adna School District (WA),0.0,2024-25,,,,34.16,42.0,Distant Rural,65.8,46.9,86.8,83.7
Almira School District (WA),0.0,2015-16,0.0,,,9.5,43.0,Distant Rural,,57.9,,
Almira School District (WA),0.0,2016-17,0.0,,,11.01,43.0,Distant Rural,,66.7,,
Almira School District (WA),0.0,2017-18,0.0,,,9.84,43.0,Distant Rural,,,,
Almira School District (WA),0.0,2018-19,0.0,,,10.98,43.0,Distant Rural,,72.2,,
Almira School District (WA),0.0,2019-20,0.0,,,10.99,43.0,Distant Rural,,,,
Almira School District (WA),0.0,2020-21,0.0,,,11.0,43.0,Distant Rural,,,,
Almira School District (WA),0.0,2021-22,0.0,,,10.7,43.0,Distant Rural,,60.0,,
Almira School District (WA),0.0,2022-23,0.0,,,11.0,43.0,Distant Rural,57.1,62.1,,
Almira School District (WA),0.0,2023-24,,,,10.68,43.0,Distant Rural,60.0,52.2,90.0,69.6
Almira School District (WA),0.0,2024-25,,,,11.97,43.0,Distant Rural,,80.0,,90.0
Anacortes School District (WA),0.0,2015-16,0.0,,,134.25,31.0,Mid-size,69.7,74.5,,
Anacortes School District (WA),0.0,2016-17,0.0,,,145.61,31.0,Mid-size,69.4,74.2,,
Anacortes School District (WA),0.0,2017-18,0.0,,,151.27,31.0,Mid-size,71.8,65.9,,
Anacortes School District (WA),0.0,2018-19,0.0,,,151.13,31.0,Mid-size,60.7,78.8,,
Anacortes School District (WA),1.0,2019-20,0.13,2795.0,147.0,147.03,31.0,Mid-size,,,,
Anacortes School District (WA),1.0,2020-21,0.13,2586.0,147.0,146.92,31.0,Mid-size,53.5,65.9,,
Anacortes School District (WA),1.0,2021-22,0.13,2551.0,143.0,142.65,31.0,Mid-size,64.9,60.7,,
Anacortes School District (WA),1.0,2022-23,0.13,2606.0,144.0,144.0,31.0,Mid-size,65.3,51.1,,
Anacortes School District (WA),1.0,2023-24,0.13,2621.0,142.0,142.03,31.0,Mid-size,56.6,54.3,81.6,77.4
Anacortes School District (WA),1.0,2024-25,0.13,2595.0,141.0,140.91,31.0,Mid-size,64.5,54.7,82.7,80.3
Arlington School District (WA),3.0,2015-16,0.3,1853.0,92.0,276.02,22.0,Suburban,65.7,75.6,,
Arlington School District (WA),3.0,2016-17,0.3,1850.0,93.0,280.16,22.0,Suburban,67.4,67.6,,
Arlington School District (WA),2.0,2017-18,0.18,2788.0,142.0,283.73,22.0,Suburban,63.7,64.8,,
Arlington School District (WA),2.0,2018-19,0.18,2915.0,150.0,300.93,22.0,Suburban,60.3,67.6,,
Arlington School District (WA),2.0,2019-20,0.18,2968.0,155.0,309.68,22.0,Suburban,,,,
Arlington School District (WA),2.0,2020-21,0.18,2726.0,155.0,309.89,22.0,Suburban,46.9,51.6,,
Arlington School District (WA),2.0,2021-22,0.18,2699.0,149.0,297.56,22.0,Suburban,46.0,45.2,,
Arlington School District (WA),2.0,2022-23,0.18,2753.0,157.0,313.0,22.0,Suburban,49.6,54.3,,
Arlington School District (WA),2.0,2023-24,0.18,2819.0,149.0,297.91,22.0,Suburban,40.9,51.2,64.6,74.9
Arlington School District (WA),0.0,2024-25,,,,293.84,22.0,Suburban,44.4,44.8,69.9,70.9
Asotin-Anatone School District (WA),0.0,2015-16,0.0,,,37.8,23.0,Suburban,65.1,71.7,,
Asotin-Anatone School District (WA),0.0,2016-17,0.0,,,38.02,23.0,Suburban,68.9,58.5,,
Asotin-Anatone School District (WA),0.0,2017-18,0.0,,,38.03,23.0,Suburban,72.7,63.9,,
Asotin-Anatone School District (WA),0.0,2018-19,0.0,,,39.42,23.0,Suburban,61.9,64.2,,
Asotin-Anatone School District (WA),0.0,2019-20,0.0,,,36.61,23.0,Suburban,,,,
Asotin-Anatone School District (WA),0.0,2020-21,0.0,,,39.6,23.0,Suburban,65.8,50.0,,
Asotin-Anatone School District (WA),0.0,2021-22,0.0,,,39.21,23.0,Suburban,78.4,57.8,,
Asotin-Anatone School District (WA),0.0,2022-23,0.0,,,39.0,23.0,Suburban,65.6,48.9,,
Asotin-Anatone School District (WA),0.0,2023-24,,,,40.0,23.0,Suburban,57.5,57.6,75.0,81.8
Asotin-Anatone School District (WA),0.0,2024-25,,,,38.33,23.0,Suburban,56.9,47.1,70.6,72.6
Auburn School District (WA),21.0,2015-16,0.91,755.0,41.0,853.82,13.0,Urban,61.1,52.1,,
Auburn School District (WA),21.02,2016-17,0.91,769.0,43.0,913.91,13.0,Urban,58.8,50.5,,
Auburn School District (WA),21.01,2017-18,0.91,796.0,43.0,912.77,13.0,Urban,59.2,49.8,,
Auburn School District (WA),21.0,2018-19,0.88,834.0,44.0,923.75,13.0,Urban,56.9,48.9,,
Auburn School District (WA),13.95,2019-20,0.58,1287.0,70.0,979.73,13.0,Urban,,,,
Auburn School District (WA),14.05,2020-21,0.56,1210.0,72.0,1005.6,13.0,Urban,31.9,28.0,,
Auburn School District (WA),15.0,2021-22,0.58,1156.0,59.0,884.88,13.0,Urban,41.4,40.5,,
Auburn School District (WA),16.0,2022-23,0.59,1116.0,66.0,1055.0,13.0,Urban,43.7,41.0,,
Auburn School District (WA),15.5,2023-24,0.6,1168.0,69.0,1066.01,13.0,Urban,39.7,35.1,58.1,57.5
Auburn School District (WA),15.0,2024-25,0.58,1212.0,70.0,1051.42,13.0,Urban,42.7,38.1,61.7,59.4
Bainbridge Island School District (WA),5.25,2015-16,0.53,747.0,39.0,205.29,22.0,Suburban,78.2,77.4,,
Bainbridge Island School District (WA),5.25,2016-17,0.53,740.0,39.0,206.05,22.0,Suburban,83.9,71.7,,
Bainbridge Island School District (WA),5.05,2017-18,0.51,767.0,40.0,201.98,22.0,Suburban,79.7,74.3,,
Bainbridge Island School District (WA),5.25,2018-19,0.53,728.0,41.0,215.45,22.0,Suburban,84.9,80.5,,
Bainbridge Island School District (WA),5.25,2019-20,0.53,730.0,40.0,207.79,22.0,Suburban,,,,
Bainbridge Island School District (WA),5.25,2020-21,0.53,686.0,40.0,208.92,22.0,Suburban,78.9,77.4,,
Bainbridge Island School District (WA),5.25,2021-22,0.53,693.0,37.0,194.12,22.0,Suburban,80.8,72.4,,
Bainbridge Island School District (WA),5.25,2022-23,0.53,685.0,38.0,202.0,22.0,Suburban,84.9,79.7,,
Bainbridge Island School District (WA),4.55,2023-24,0.46,781.0,43.0,197.63,22.0,Suburban,80.9,78.1,90.8,93.1
Bainbridge Island School District (WA),4.6,2024-25,0.46,764.0,42.0,195.27,22.0,Suburban,77.8,81.0,90.1,93.7
Battle Ground School District (WA),15.0,2015-16,0.71,905.0,48.0,721.86,21.0,Suburban,55.3,65.9,,
Battle Ground School District (WA),15.0,2016-17,0.71,895.0,50.0,742.65,21.0,Suburban,51.7,58.6,,
Battle Ground School District (WA),15.0,2017-18,0.71,893.0,50.0,756.89,21.0,Suburban,58.0,60.4,,
Battle Ground School District (WA),8.0,2018-19,0.38,1650.0,94.0,749.52,21.0,Suburban,50.0,56.6,,
Battle Ground School District (WA),8.0,2019-20,0.38,1650.0,90.0,717.24,21.0,Suburban,,,,
Battle Ground School District (WA),8.0,2020-21,0.38,1479.0,88.0,705.23,21.0,Suburban,48.2,51.4,,
Battle Ground School District (WA),8.0,2021-22,0.38,1468.0,77.0,614.81,21.0,Suburban,52.3,54.0,,
Battle Ground School District (WA),8.0,2022-23,0.38,1549.0,88.0,700.0,21.0,Suburban,49.0,49.3,,
Battle Ground School District (WA),8.0,2023-24,0.36,1553.0,90.0,719.81,21.0,Suburban,45.7,44.5,69.0,72.1
Battle Ground School District (WA),8.0,2024-25,0.38,1594.0,88.0,705.31,21.0,Suburban,48.3,46.4,67.8,72.8
Bellevue School District (WA),22.26,2015-16,0.74,901.0,50.0,1106.35,12.0,Urban,76.8,83.1,,
Bellevue School District (WA),27.89,2016-17,0.93,733.0,39.0,1084.51,12.0,Urban,74.6,77.3,,
Bellevue School District (WA),26.7,2017-18,0.89,773.0,41.0,1097.98,12.0,Urban,76.1,81.6,,
Bellevue School District (WA),28.22,2018-19,0.91,766.0,40.0,1126.06,12.0,Urban,74.1,78.1,,
Bellevue School District (WA),22.75,2019-20,0.73,953.0,52.0,1172.36,12.0,Urban,,,,
Bellevue School District (WA),13.33,2020-21,0.43,1515.0,87.0,1157.6,12.0,Urban,70.6,72.7,,
Bellevue School District (WA),18.48,2021-22,0.6,1056.0,56.0,1035.69,12.0,Urban,71.3,71.7,,
Bellevue School District (WA),17.6,2022-23,0.55,1085.0,60.0,1058.0,12.0,Urban,72.3,71.2,,
Bellevue School District (WA),0.0,2023-24,,,,1115.22,12.0,Urban,68.5,69.5,81.5,83.2
Bellevue School District (WA),0.0,2024-25,,,,1145.22,12.0,Urban,70.8,69.7,82.8,82.9
Bellingham School District (WA),19.5,2015-16,0.75,580.0,31.0,598.2,13.0,Urban,62.5,73.2,,
Bellingham School District (WA),19.2,2016-17,0.74,600.0,32.0,607.81,13.0,Urban,54.8,66.1,,
Bellingham School District (WA),19.4,2017-18,0.78,605.0,33.0,643.91,13.0,Urban,55.8,71.1,,
Bellingham School District (WA),20.89,2018-19,0.84,570.0,32.0,663.34,13.0,Urban,50.8,64.9,,
Bellingham School District (WA),12.0,2019-20,0.48,1002.0,56.0,668.14,13.0,Urban,,,,
Bellingham School District (WA),12.1,2020-21,0.48,949.0,56.0,675.55,13.0,Urban,44.8,55.7,,
Bellingham School District (WA),19.61,2021-22,0.78,583.0,34.0,659.71,13.0,Urban,47.2,55.4,,
Bellingham School District (WA),20.1,2022-23,0.8,578.0,35.0,705.0,13.0,Urban,47.8,53.8,,
Bellingham School District (WA),13.12,2023-24,0.52,876.0,51.0,671.46,13.0,Urban,46.7,49.1,65.4,68.0
Bellingham School District (WA),9.14,2024-25,0.37,1240.0,71.0,651.58,13.0,Urban,45.5,54.9,65.0,73.9
Benge School District (WA),0.0,2015-16,0.0,,,1.96,43.0,Distant Rural,,,,
Benge School District (WA),0.0,2016-17,0.0,,,1.96,43.0,Distant Rural,,,,
Benge School District (WA),0.0,2017-18,0.0,,,2.0,43.0,Distant Rural,,,,
Benge School District (WA),0.0,2018-19,0.0,,,1.99,43.0,Distant Rural,,,,
Benge School District (WA),0.0,2019-20,0.0,,,2.0,43.0,Distant Rural,,,,
Benge School District (WA),0.0,2020-21,0.0,,,1.0,43.0,Distant Rural,,,,
Benge School District (WA),0.0,2021-22,0.0,,,2.0,43.0,Distant Rural,,,,
Benge School District (WA),0.0,2022-23,0.0,,,2.0,43.0,Distant Rural,,,,
Benge School District (WA),0.0,2023-24,,,,2.0,43.0,Distant Rural,,,,
Benge School District (WA),0.0,2024-25,,,,2.0,43.0,Distant Rural,,,,
Bethel School District (WA),17.2,2015-16,0.44,1101.0,57.0,972.33,21.0,Suburban,55.3,54.8,,
Bethel School District (WA),17.69,2016-17,0.47,1087.0,56.0,984.94,21.0,Suburban,56.9,55.5,,
Bethel School District (WA),17.43,2017-18,0.54,1134.0,58.0,1011.77,21.0,Suburban,61.2,53.8,,
Bethel School District (WA),17.17,2018-19,0.54,1172.0,62.0,1063.39,21.0,Suburban,60.4,55.4,,
Bethel School District (WA),18.2,2019-20,0.59,1133.0,61.0,1118.97,21.0,Suburban,,,,
Bethel School District (WA),18.28,2020-21,0.57,1098.0,63.0,1148.83,21.0,Suburban,39.7,45.5,,
Bethel School District (WA),18.9,2021-22,0.56,1094.0,59.0,1117.28,21.0,Suburban,46.8,47.3,,
Bethel School District (WA),12.19,2022-23,0.36,1736.0,94.0,1140.0,21.0,Suburban,46.9,43.4,,
Bethel School District (WA),12.4,2023-24,0.32,1737.0,93.0,1148.96,21.0,Suburban,48.7,45.0,69.8,74.1
Bethel School District (WA),12.5,2024-25,0.35,1716.0,93.0,1160.66,21.0,Suburban,48.9,46.0,70.8,73.1
Bickleton School District (WA),0.0,2015-16,0.0,,,10.87,43.0,Distant Rural,,,,
Bickleton School District (WA),0.0,2016-17,0.0,,,11.26,43.0,Distant Rural,72.7,,,
Bickleton School District (WA),0.0,2017-18,0.0,,,11.99,43.0,Distant Rural,,70.0,,
Bickleton School District (WA),0.0,2018-19,0.0,,,13.01,43.0,Distant Rural,33.3,,,
Bickleton School District (WA),0.0,2019-20,0.0,,,12.7,43.0,Distant Rural,,,,
Bickleton School District (WA),0.0,2020-21,0.0,,,12.02,43.0,Distant Rural,83.3,,,
Bickleton School District (WA),0.0,2021-22,0.0,,,12.0,43.0,Distant Rural,,,,
Bickleton School District (WA),0.0,2022-23,0.0,,,12.0,43.0,Distant Rural,,,,
Bickleton School District (WA),0.0,2023-24,,,,12.7,43.0,Distant Rural,,,,
Bickleton School District (WA),0.0,2024-25,,,,13.0,43.0,Distant Rural,,,,
Blaine School District (WA),2.8,2015-16,0.47,798.0,41.0,114.85,31.0,Mid-size,48.8,71.0,,
Blaine School District (WA),3.0,2016-17,0.43,752.0,40.0,120.0,31.0,Mid-size,56.1,51.0,,
Blaine School District (WA),3.0,2017-18,0.43,750.0,41.0,121.89,31.0,Mid-size,52.0,58.4,,
Blaine School District (WA),2.0,2018-19,0.29,1150.0,63.0,126.79,31.0,Mid-size,46.6,55.9,,
Blaine School District (WA),1.0,2019-20,0.14,2290.0,129.0,129.25,31.0,Mid-size,,,,
Blaine School District (WA),1.0,2020-21,0.14,2164.0,127.0,127.19,31.0,Mid-size,40.7,52.1,,
Blaine School District (WA),1.0,2021-22,0.14,2145.0,118.0,117.82,31.0,Mid-size,32.3,48.5,,
Blaine School District (WA),1.0,2022-23,0.14,2081.0,131.0,131.0,31.0,Mid-size,34.6,40.8,,
Blaine School District (WA),0.0,2023-24,,,,116.59,31.0,Mid-size,35.9,40.6,54.9,69.2
Blaine School District (WA),0.0,2024-25,,,,103.63,31.0,Mid-size,34.9,47.7,56.8,74.8
Boistfort School District (WA),0.0,2015-16,0.0,,,6.0,42.0,Distant Rural,,,,
Boistfort School District (WA),0.0,2016-17,0.0,,,6.0,42.0,Distant Rural,40.0,,,
Boistfort School District (WA),0.0,2017-18,0.0,,,4.0,42.0,Distant Rural,,,,
Boistfort School District (WA),0.0,2018-19,0.0,,,6.17,42.0,Distant Rural,29.4,,,
Boistfort School District (WA),0.0,2019-20,0.0,,,6.0,42.0,Distant Rural,,,,
Boistfort School District (WA),0.0,2020-21,0.0,,,8.06,42.0,Distant Rural,,,,
Boistfort School District (WA),0.0,2021-22,0.0,,,6.0,42.0,Distant Rural,,,,
Boistfort School District (WA),0.0,2022-23,0.0,,,4.0,42.0,Distant Rural,,36.4,,
Boistfort School District (WA),0.0,2023-24,,,,6.0,42.0,Distant Rural,40.0,,80.0,
Boistfort School District (WA),0.0,2024-25,,,,5.57,42.0,Distant Rural,,,,
Bremerton School District (WA),5.75,2015-16,0.41,902.0,55.0,319.0,13.0,Urban,51.7,40.4,,
Bremerton School District (WA),5.74,2016-17,0.41,895.0,57.0,324.37,13.0,Urban,42.2,41.2,,
Bremerton School District (WA),5.74,2017-18,0.41,882.0,55.0,318.15,13.0,Urban,48.7,45.8,,
Bremerton School District (WA),5.85,2018-19,0.42,857.0,56.0,325.93,13.0,Urban,47.4,43.1,,
Bremerton School District (WA),5.0,2019-20,0.36,991.0,64.0,318.78,13.0,Urban,,,,
Bremerton School District (WA),1.01,2020-21,0.07,4491.0,302.0,305.27,13.0,Urban,37.0,37.0,,
Bremerton School District (WA),1.0,2021-22,0.07,4404.0,288.0,287.88,13.0,Urban,38.3,29.5,,
Bremerton School District (WA),1.0,2022-23,0.08,4383.0,303.0,303.0,13.0,Urban,32.7,24.9,,
Bremerton School District (WA),1.0,2023-24,0.08,4367.0,280.0,279.89,13.0,Urban,41.1,27.0,54.7,49.6
Bremerton School District (WA),1.0,2024-25,0.08,4383.0,280.0,280.03,13.0,Urban,38.8,27.2,60.3,49.5
Brewster School District (WA),0.75,2015-16,0.19,1329.0,80.0,59.88,43.0,Distant Rural,30.3,23.7,,
Brewster School District (WA),0.7,2016-17,0.18,1376.0,86.0,59.96,43.0,Distant Rural,30.1,37.3,,
Brewster School District (WA),0.0,2017-18,0.0,,,55.25,43.0,Distant Rural,32.9,34.7,,
Brewster School District (WA),0.0,2018-19,0.0,,,55.15,43.0,Distant Rural,23.9,55.4,,
Brewster School District (WA),0.0,2019-20,0.0,,,58.25,43.0,Distant Rural,,,,
Brewster School District (WA),0.0,2020-21,0.0,,,52.14,43.0,Distant Rural,28.8,35.0,,
Brewster School District (WA),0.0,2021-22,0.0,,,57.58,43.0,Distant Rural,25.0,45.7,,
Brewster School District (WA),0.0,2022-23,0.0,,,58.0,43.0,Distant Rural,25.9,37.1,,
Brewster School District (WA),0.0,2023-24,,,,59.92,43.0,Distant Rural,11.9,50.6,37.3,74.7
Brewster School District (WA),0.0,2024-25,,,,58.87,43.0,Distant Rural,32.1,42.7,62.5,76.0
Bridgeport School District (WA),0.0,2015-16,0.0,,,51.01,43.0,Distant Rural,14.7,41.9,,
Bridgeport School District (WA),0.0,2016-17,0.0,,,57.79,43.0,Distant Rural,12.7,32.2,,
Bridgeport School District (WA),0.0,2017-18,0.0,,,51.84,43.0,Distant Rural,28.1,33.3,,
Bridgeport School District (WA),0.0,2018-19,0.0,,,55.48,43.0,Distant Rural,20.7,34.0,,
Bridgeport School District (WA),0.0,2019-20,0.0,,,55.12,43.0,Distant Rural,,,,
Bridgeport School District (WA),0.0,2020-21,0.0,,,44.1,43.0,Distant Rural,20.0,19.7,,
Bridgeport School District (WA),0.0,2021-22,0.0,,,46.23,43.0,Distant Rural,26.3,25.0,,
Bridgeport School District (WA),0.0,2022-23,0.0,,,50.0,43.0,Distant Rural,18.8,27.4,,
Bridgeport School District (WA),0.0,2023-24,,,,48.26,43.0,Distant Rural,,24.6,15.6,54.1
Bridgeport School District (WA),0.0,2024-25,,,,45.0,43.0,Distant Rural,7.8,22.2,29.4,50.0
Brinnon School District (WA),0.0,2015-16,0.0,,,4.1,41.0,Rural,,,,
Brinnon School District (WA),0.0,2016-17,0.0,,,4.12,41.0,Rural,,,,
Brinnon School District (WA),0.0,2017-18,0.0,,,4.3,41.0,Rural,70.0,,,
Brinnon School District (WA),0.0,2018-19,0.0,,,5.34,41.0,Rural,,,,
Brinnon School District (WA),0.0,2019-20,0.0,,,5.33,41.0,Rural,,,,
Brinnon School District (WA),0.0,2020-21,0.0,,,5.32,41.0,Rural,72.7,,,
Brinnon School District (WA),0.0,2021-22,0.0,,,6.13,41.0,Rural,72.7,,,
Brinnon School District (WA),0.0,2022-23,0.0,,,6.0,41.0,Rural,,,,
Brinnon School District (WA),0.0,2023-24,,,,5.69,42.0,Distant Rural,,,,
Brinnon School District (WA),0.0,2024-25,,,,5.18,42.0,Distant Rural,63.6,,72.7,
Burlington-Edison School District (WA),0.0,2015-16,-0.13,-3683.0,-208.0,208.31,23.0,Suburban,46.0,49.4,,
Burlington-Edison School District (WA),0.0,2016-17,0.0,,,206.23,23.0,Suburban,25.7,48.0,,
Burlington-Edison School District (WA),0.0,2017-18,0.0,,,205.59,23.0,Suburban,34.2,39.6,,
Burlington-Edison School District (WA),0.0,2018-19,0.0,,,203.6,23.0,Suburban,34.6,33.6,,
Burlington-Edison School District (WA),0.0,2019-20,0.0,,,209.5,23.0,Suburban,,,,
Burlington-Edison School District (WA),0.0,2020-21,0.0,,,206.97,23.0,Suburban,34.0,40.1,,
Burlington-Edison School District (WA),0.0,2021-22,0.0,,,192.0,23.0,Suburban,33.5,37.5,,
Burlington-Edison School District (WA),0.0,2022-23,0.0,,,220.0,23.0,Suburban,31.7,42.2,,
Burlington-Edison School District (WA),0.0,2023-24,,,,204.39,23.0,Suburban,29.1,27.6,55.6,57.7
Burlington-Edison School District (WA),0.0,2024-25,,,,205.27,23.0,Suburban,27.7,30.3,47.0,55.1
Camas School District (WA),8.59,2015-16,0.78,804.0,41.0,351.12,21.0,Suburban,80.6,84.1,,
Camas School District (WA),8.6,2016-17,0.78,825.0,43.0,366.01,21.0,Suburban,77.8,78.5,,
Camas School District (WA),8.6,2017-18,0.78,825.0,44.0,379.4,21.0,Suburban,80.2,78.2,,
Camas School District (WA),9.0,2018-19,0.64,828.0,44.0,392.21,21.0,Suburban,80.3,76.4,,
Camas School District (WA),9.4,2019-20,0.63,810.0,41.0,384.5,21.0,Suburban,,,,
Camas School District (WA),9.4,2020-21,0.63,770.0,43.0,402.25,21.0,Suburban,74.6,73.5,,
Camas School District (WA),9.6,2021-22,0.6,753.0,41.0,388.95,21.0,Suburban,74.4,73.0,,
Camas School District (WA),9.6,2022-23,0.6,763.0,43.0,410.0,21.0,Suburban,74.7,75.3,,
Camas School District (WA),9.5,2023-24,0.59,763.0,40.0,384.62,21.0,Suburban,70.5,69.1,86.6,86.1
Camas School District (WA),9.5,2024-25,0.63,762.0,40.0,382.91,21.0,Suburban,78.4,68.5,89.7,85.9
Cape Flattery School District (WA),0.0,2015-16,-0.25,-475.0,-39.0,39.19,43.0,Distant Rural,71.0,34.6,,
Cape Flattery School District (WA),0.0,2016-17,0.0,,,36.53,43.0,Distant Rural,60.5,43.9,,
Cape Flattery School District (WA),0.0,2017-18,0.0,,,39.51,43.0,Distant Rural,46.2,51.4,,
Cape Flattery School District (WA),0.0,2018-19,0.0,,,38.51,43.0,Distant Rural,48.6,48.3,,
Cape Flattery School District (WA),0.0,2019-20,0.0,,,38.32,43.0,Distant Rural,,,,
Cape Flattery School District (WA),0.0,2020-21,0.0,,,38.92,43.0,Distant Rural,22.0,35.1,,
Cape Flattery School District (WA),0.0,2021-22,0.0,,,42.32,43.0,Distant Rural,29.3,28.6,,
Cape Flattery School District (WA),0.0,2022-23,0.0,,,40.0,43.0,Distant Rural,33.3,30.6,,
Cape Flattery School District (WA),0.0,2023-24,,,,38.99,43.0,Distant Rural,32.4,55.6,59.5,84.4
Cape Flattery School District (WA),0.0,2024-25,,,,39.88,43.0,Distant Rural,30.6,27.9,71.4,62.8
Carbonado School District (WA),0.0,2015-16,0.0,,,11.5,41.0,Rural,47.6,66.7,,
Carbonado School District (WA),0.0,2016-17,0.0,,,12.11,41.0,Rural,81.0,76.2,,
Carbonado School District (WA),0.0,2017-18,0.0,,,12.51,41.0,Rural,76.2,60.9,,
Carbonado School District (WA),0.0,2018-19,0.0,,,12.51,41.0,Rural,61.1,82.4,,
Carbonado School District (WA),0.0,2019-20,0.0,,,12.5,41.0,Rural,,,,
Carbonado School District (WA),0.0,2020-21,0.0,,,11.5,41.0,Rural,66.7,80.0,,
Carbonado School District (WA),0.0,2021-22,0.0,,,12.5,41.0,Rural,42.9,80.0,,
Carbonado School District (WA),0.0,2022-23,0.0,,,13.0,41.0,Rural,50.0,,,
Carbonado School District (WA),0.0,2023-24,,,,12.52,41.0,Rural,68.8,76.2,93.8,100.0
Carbonado School District (WA),0.0,2024-25,,,,12.73,41.0,Rural,62.5,58.3,87.5,91.7
Cascade School District (WA),0.0,2015-16,0.0,,,78.02,32.0,Mid-size,60.0,76.8,,
Cascade School District (WA),0.0,2016-17,0.0,,,81.35,32.0,Mid-size,67.3,71.3,,
Cascade School District (WA),0.0,2017-18,0.0,,,76.01,32.0,Mid-size,64.9,64.0,,
Cascade School District (WA),0.0,2018-19,0.0,,,79.15,32.0,Mid-size,65.7,68.1,,
Cascade School District (WA),0.0,2019-20,0.0,,,80.5,32.0,Mid-size,,,,
Cascade School District (WA),0.0,2020-21,0.0,,,77.71,32.0,Mid-size,45.9,54.2,,
Cascade School District (WA),0.0,2021-22,0.0,,,83.17,32.0,Mid-size,63.5,53.2,,
Cascade School District (WA),0.0,2022-23,0.0,,,85.0,32.0,Mid-size,76.5,53.8,,
Cascade School District (WA),0.0,2023-24,,,,74.69,42.0,Distant Rural,58.6,55.9,75.9,82.8
Cascade School District (WA),0.0,2024-25,,,,78.23,42.0,Distant Rural,68.5,56.8,81.5,85.2
Cashmere School District (WA),2.68,2015-16,0.89,576.0,32.0,84.64,31.0,Mid-size,63.8,67.0,,
Cashmere School District (WA),2.24,2016-17,0.75,719.0,39.0,87.84,31.0,Mid-size,61.0,69.7,,
Cashmere School District (WA),2.47,2017-18,0.82,651.0,37.0,91.31,31.0,Mid-size,65.1,65.2,,
Cashmere School District (WA),1.95,2018-19,0.65,872.0,47.0,91.6,31.0,Mid-size,60.3,69.0,,
Cashmere School District (WA),1.5,2019-20,0.5,1117.0,63.0,95.03,31.0,Mid-size,,,,
Cashmere School District (WA),1.8,2020-21,0.6,903.0,53.0,94.97,31.0,Mid-size,53.4,50.0,,
Cashmere School District (WA),1.73,2021-22,0.58,938.0,53.0,92.26,31.0,Mid-size,60.0,65.9,,
Cashmere School District (WA),1.75,2022-23,0.58,903.0,58.0,101.0,31.0,Mid-size,63.7,74.6,,
Cashmere School District (WA),1.0,2023-24,0.33,1630.0,102.0,101.7,23.0,Suburban,69.8,72.7,88.2,92.2
Cashmere School District (WA),1.0,2024-25,0.33,1677.0,97.0,97.45,23.0,Suburban,72.6,69.3,87.3,91.3
Castle Rock School District (WA),0.0,2015-16,0.0,,,67.4,31.0,Mid-size,51.9,57.0,,
Castle Rock School District (WA),0.0,2016-17,0.0,,,69.9,31.0,Mid-size,65.8,48.2,,
Castle Rock School District (WA),0.0,2017-18,0.0,,,72.13,31.0,Mid-size,52.3,57.1,,
Castle Rock School District (WA),0.0,2018-19,0.0,,,74.52,31.0,Mid-size,48.1,59.3,,
Castle Rock School District (WA),0.0,2019-20,0.0,,,74.88,31.0,Mid-size,,,,
Castle Rock School District (WA),0.0,2020-21,0.0,,,69.98,31.0,Mid-size,30.6,36.4,,
Castle Rock School District (WA),0.0,2021-22,0.0,,,75.87,31.0,Mid-size,47.4,39.7,,
Castle Rock School District (WA),0.0,2022-23,0.0,,,86.0,31.0,Mid-size,47.3,34.8,,
Castle Rock School District (WA),0.0,2023-24,,,,90.04,23.0,Suburban,37.4,29.0,58.9,60.8
Castle Rock School District (WA),0.0,2024-25,,,,80.81,23.0,Suburban,35.8,30.1,65.0,57.5
Centerville School District (WA),0.0,2015-16,0.0,,,5.0,42.0,Distant Rural,40.0,,,
Centerville School District (WA),0.0,2016-17,0.0,,,5.0,42.0,Distant Rural,66.7,,,
Centerville School District (WA),0.0,2017-18,0.0,,,6.0,42.0,Distant Rural,75.0,,,
Centerville School District (WA),0.0,2018-19,0.0,,,5.7,42.0,Distant Rural,,,,
Centerville School District (WA),0.0,2019-20,0.0,,,5.6,42.0,Distant Rural,,,,
Centerville School District (WA),0.0,2020-21,0.0,,,4.7,42.0,Distant Rural,,,,
Centerville School District (WA),0.0,2021-22,0.0,,,5.0,42.0,Distant Rural,,,,
Centerville School District (WA),0.0,2022-23,0.0,,,5.0,42.0,Distant Rural,69.2,58.3,,
Centerville School District (WA),0.0,2023-24,,,,5.0,43.0,Distant Rural,,,,
Centerville School District (WA),0.0,2024-25,,,,5.0,43.0,Distant Rural,,,,
Central Kitsap School District (WA),18.0,2015-16,0.78,616.0,33.0,587.39,13.0,Urban,63.8,69.0,,
Central Kitsap School District (WA),18.0,2016-17,0.9,617.0,34.0,605.07,13.0,Urban,62.2,63.6,,
Central Kitsap School District (WA),9.0,2017-18,0.47,1260.0,66.0,596.48,13.0,Urban,66.6,64.9,,
Central Kitsap School District (WA),18.0,2018-19,0.95,637.0,35.0,634.98,13.0,Urban,64.2,64.6,,
Central Kitsap School District (WA),18.0,2019-20,0.95,659.0,35.0,638.62,13.0,Urban,,,,
Central Kitsap School District (WA),18.0,2020-21,0.95,618.0,33.0,592.05,22.0,Suburban,,64.3,,
Central Kitsap School District (WA),18.0,2021-22,0.95,626.0,34.0,606.33,13.0,Urban,54.1,55.5,,
Central Kitsap School District (WA),18.0,2022-23,0.95,623.0,34.0,612.0,13.0,Urban,52.6,50.3,,
Central Kitsap School District (WA),17.8,2023-24,0.94,624.0,34.0,603.26,13.0,Urban,56.2,46.1,76.8,72.5
Central Kitsap School District (WA),18.0,2024-25,0.95,617.0,34.0,605.01,13.0,Urban,54.2,51.2,75.4,72.5
Central Valley School District (WA),22.1,2015-16,0.79,603.0,33.0,735.41,13.0,Urban,62.1,62.9,,
Central Valley School District (WA),22.3,2016-17,0.8,604.0,33.0,746.56,13.0,Urban,58.1,64.9,,
Central Valley School District (WA),23.6,2017-18,0.84,588.0,34.0,814.08,13.0,Urban,62.1,63.2,,
Central Valley School District (WA),22.81,2018-19,0.76,640.0,37.0,840.13,13.0,Urban,59.0,63.4,,
Central Valley School District (WA),24.61,2019-20,0.79,601.0,33.0,816.0,13.0,Urban,,,,
Central Valley School District (WA),7.0,2020-21,0.23,2023.0,117.0,819.79,12.0,Urban,48.3,57.1,,
Central Valley School District (WA),23.0,2021-22,0.7,634.0,38.0,867.8,12.0,Urban,49.0,54.6,,
Central Valley School District (WA),8.0,2022-23,0.25,1836.0,117.0,933.0,12.0,Urban,52.2,53.6,,
Central Valley School District (WA),6.3,2023-24,0.2,2337.0,132.0,829.59,12.0,Urban,51.7,52.0,71.9,76.1
Central Valley School District (WA),6.1,2024-25,0.19,2463.0,139.0,849.3,12.0,Urban,56.9,55.4,75.2,74.8
Centralia School District (WA),0.0,2015-16,0.0,,,196.03,32.0,Mid-size,48.9,51.5,,
Centralia School District (WA),0.0,2016-17,0.0,,,199.67,32.0,Mid-size,46.2,47.4,,
Centralia School District (WA),0.0,2017-18,0.0,,,196.89,32.0,Mid-size,46.0,57.3,,
Centralia School District (WA),1.0,2018-19,0.11,3577.0,204.0,203.59,32.0,Mid-size,46.2,46.8,,
Centralia School District (WA),1.0,2019-20,0.11,3638.0,197.0,197.39,32.0,Mid-size,,,,
Centralia School District (WA),0.0,2020-21,0.0,,,180.23,32.0,Mid-size,26.5,35.9,,
Centralia School District (WA),0.0,2021-22,0.0,,,201.45,32.0,Mid-size,29.0,37.2,,
Centralia School District (WA),0.0,2022-23,0.0,,,210.0,32.0,Mid-size,29.9,38.8,,
Centralia School District (WA),1.0,2023-24,0.11,3374.0,208.0,208.07,32.0,Mid-size,33.5,25.8,55.8,48.9
Centralia School District (WA),1.0,2024-25,0.11,3313.0,192.0,191.61,32.0,Mid-size,32.7,38.3,53.5,63.8
Chehalis School District (WA),1.0,2015-16,0.11,3026.0,167.0,167.38,32.0,Mid-size,54.2,56.6,,
Chehalis School District (WA),1.0,2016-17,0.11,3068.0,172.0,171.68,32.0,Mid-size,54.2,61.0,,
Chehalis School District (WA),0.0,2017-18,0.0,,,175.12,32.0,Mid-size,59.6,62.9,,
Chehalis School District (WA),0.0,2018-19,0.0,,,177.03,32.0,Mid-size,56.9,61.4,,
Chehalis School District (WA),1.0,2019-20,0.13,3259.0,173.0,173.41,32.0,Mid-size,,,,
Chehalis School District (WA),0.0,2020-21,0.0,,,175.71,32.0,Mid-size,49.8,52.0,,
Chehalis School District (WA),0.0,2021-22,0.0,,,166.62,32.0,Mid-size,53.2,52.0,,
Chehalis School District (WA),0.0,2022-23,0.0,,,173.0,32.0,Mid-size,50.7,49.3,,
Chehalis School District (WA),0.0,2023-24,,,,173.64,32.0,Mid-size,46.6,43.3,69.7,71.1
Chehalis School District (WA),0.0,2024-25,,,,170.51,32.0,Mid-size,45.0,49.6,69.0,77.2
Cheney School District (WA),4.0,2015-16,0.33,1139.0,65.0,259.93,31.0,Mid-size,53.3,55.7,,
Cheney School District (WA),3.88,2016-17,0.32,1210.0,68.0,263.82,31.0,Mid-size,45.8,48.5,,
Cheney School District (WA),4.5,2017-18,0.38,1077.0,63.0,282.95,31.0,Mid-size,52.6,53.3,,
Cheney School District (WA),4.5,2018-19,0.38,1142.0,64.0,286.89,31.0,Mid-size,59.6,48.3,,
Cheney School District (WA),3.07,2019-20,0.26,1716.0,100.0,308.06,31.0,Mid-size,,,,
Cheney School District (WA),3.25,2020-21,0.27,1562.0,92.0,297.86,31.0,Mid-size,50.1,48.9,,
Cheney School District (WA),2.25,2021-22,0.19,2381.0,137.0,308.6,31.0,Mid-size,49.1,48.9,,
Cheney School District (WA),1.45,2022-23,0.12,3821.0,225.0,326.0,31.0,Mid-size,43.6,44.5,,
Cheney School District (WA),1.45,2023-24,0.11,3902.0,227.0,329.78,31.0,Mid-size,44.5,40.8,64.7,65.4
Cheney School District (WA),1.38,2024-25,0.11,4103.0,240.0,331.01,31.0,Mid-size,38.4,38.2,59.1,60.2
Chewelah School District (WA),0.0,2015-16,0.0,,,47.42,43.0,Distant Rural,42.3,65.2,,
Chewelah School District (WA),0.0,2016-17,0.0,,,46.41,43.0,Distant Rural,64.9,55.6,,
Chewelah School District (WA),0.0,2017-18,0.0,,,44.58,43.0,Distant Rural,64.7,68.3,,
Chewelah School District (WA),0.0,2018-19,0.0,,,44.53,43.0,Distant Rural,56.0,56.9,,
Chewelah School District (WA),0.0,2019-20,0.0,,,43.53,43.0,Distant Rural,,,,
Chewelah School District (WA),0.0,2020-21,0.0,,,43.73,43.0,Distant Rural,42.5,47.3,,
Chewelah School District (WA),0.0,2021-22,0.0,,,45.52,43.0,Distant Rural,38.3,52.5,,
Chewelah School District (WA),0.0,2022-23,0.0,,,48.0,43.0,Distant Rural,34.4,49.1,,
Chewelah School District (WA),0.0,2023-24,,,,49.56,43.0,Distant Rural,31.2,37.1,57.4,71.0
Chewelah School District (WA),0.0,2024-25,,,,48.53,43.0,Distant Rural,30.6,32.4,58.3,60.3
Chimacum School District (WA),1.0,2015-16,0.17,1089.0,55.0,54.83,41.0,Rural,45.5,52.8,,
Chimacum School District (WA),1.0,2016-17,0.17,1064.0,59.0,59.31,41.0,Rural,41.9,43.3,,
Chimacum School District (WA),0.8,2017-18,0.13,1233.0,70.0,56.12,41.0,Rural,50.0,36.6,,
Chimacum School District (WA),0.8,2018-19,0.13,1095.0,63.0,50.69,41.0,Rural,62.7,46.0,,
Chimacum School District (WA),0.8,2019-20,0.16,1044.0,62.0,49.56,41.0,Rural,,,,
Chimacum School District (WA),0.8,2020-21,0.16,916.0,55.0,43.62,41.0,Rural,31.9,38.6,,
Chimacum School District (WA),1.0,2021-22,0.2,715.0,41.0,41.0,41.0,Rural,28.0,36.2,,
Chimacum School District (WA),1.0,2022-23,0.2,717.0,44.0,44.0,41.0,Rural,44.0,51.0,,
Chimacum School District (WA),1.0,2023-24,0.2,722.0,47.0,47.18,41.0,Rural,35.9,46.3,67.9,65.9
Chimacum School District (WA),1.0,2024-25,0.2,704.0,45.0,44.69,41.0,Rural,26.5,40.9,53.1,71.2
Clarkston School District (WA),1.4,2015-16,0.14,1919.0,104.0,146.04,23.0,Suburban,45.0,57.6,,
Clarkston School District (WA),1.6,2016-17,0.18,1704.0,92.0,146.56,23.0,Suburban,36.3,64.8,,
Clarkston School District (WA),1.62,2017-18,0.18,1673.0,93.0,150.36,23.0,Suburban,48.2,59.3,,
Clarkston School District (WA),1.62,2018-19,0.18,1648.0,93.0,150.45,23.0,Suburban,50.0,58.3,,
Clarkston School District (WA),0.0,2019-20,0.0,,,146.59,23.0,Suburban,,,,
Clarkston School District (WA),0.0,2020-21,0.0,,,136.35,23.0,Suburban,38.0,53.6,,
Clarkston School District (WA),0.0,2021-22,0.0,,,143.44,23.0,Suburban,34.7,50.9,,
Clarkston School District (WA),0.0,2022-23,0.0,,,142.0,23.0,Suburban,44.9,46.3,,
Clarkston School District (WA),0.0,2023-24,,,,143.4,23.0,Suburban,41.9,45.4,65.5,69.5
Clarkston School District (WA),0.0,2024-25,,,,137.47,23.0,Suburban,38.4,47.3,57.8,71.5
Cle Elum-Roslyn School District (WA),0.0,2015-16,0.0,,,52.75,32.0,Mid-size,62.5,73.0,,
Cle Elum-Roslyn School District (WA),0.0,2016-17,0.0,,,52.54,32.0,Mid-size,50.0,51.4,,
Cle Elum-Roslyn School District (WA),0.0,2017-18,0.0,,,52.54,32.0,Mid-size,43.2,64.4,,
Cle Elum-Roslyn School District (WA),0.0,2018-19,0.0,,,53.33,32.0,Mid-size,53.7,70.8,,
Cle Elum-Roslyn School District (WA),0.0,2019-20,0.0,,,52.97,32.0,Mid-size,,,,
Cle Elum-Roslyn School District (WA),0.0,2020-21,0.0,,,54.24,32.0,Mid-size,46.8,40.5,,
Cle Elum-Roslyn School District (WA),0.0,2021-22,0.0,,,50.88,32.0,Mid-size,42.9,32.8,,
Cle Elum-Roslyn School District (WA),0.0,2022-23,0.0,,,56.0,32.0,Mid-size,47.4,63.3,,
Cle Elum-Roslyn School District (WA),0.0,2023-24,,,,50.57,32.0,Mid-size,45.8,49.4,69.5,79.5
Cle Elum-Roslyn School District (WA),0.0,2024-25,,,,54.62,32.0,Mid-size,49.2,48.1,76.2,79.8
Clover Park School District (WA),23.0,2015-16,0.7,557.0,31.0,723.42,13.0,Urban,50.1,53.7,,
Clover Park School District (WA),23.0,2016-17,0.7,573.0,31.0,723.04,13.0,Urban,45.9,52.3,,
Clover Park School District (WA),23.0,2017-18,0.7,577.0,32.0,746.43,13.0,Urban,43.4,49.9,,
Clover Park School District (WA),23.0,2018-19,0.7,591.0,33.0,761.14,13.0,Urban,48.5,51.2,,
Clover Park School District (WA),17.9,2019-20,0.54,769.0,44.0,782.75,13.0,Urban,,,,
Clover Park School District (WA),17.88,2020-21,0.56,702.0,41.0,726.57,13.0,Urban,34.1,36.9,,
Clover Park School District (WA),16.02,2021-22,0.5,788.0,43.0,692.5,13.0,Urban,42.6,35.6,,
Clover Park School District (WA),18.46,2022-23,0.58,681.0,40.0,745.0,13.0,Urban,38.3,37.2,,
Clover Park School District (WA),18.73,2023-24,0.57,662.0,41.0,764.74,13.0,Urban,41.4,32.2,62.9,57.2
Clover Park School District (WA),18.05,2024-25,0.55,684.0,44.0,790.88,13.0,Urban,39.6,29.7,61.4,55.5
Colfax School District (WA),0.5,2015-16,0.25,1200.0,68.0,34.0,32.0,Mid-size,85.4,75.6,,
Colfax School District (WA),0.5,2016-17,0.25,1208.0,68.0,34.09,32.0,Mid-size,86.5,83.0,,
Colfax School District (WA),0.0,2017-18,0.0,,,35.09,32.0,Mid-size,89.7,67.6,,
Colfax School District (WA),0.0,2018-19,0.0,,,35.09,32.0,Mid-size,81.8,63.0,,
Colfax School District (WA),0.0,2019-20,0.0,,,34.34,32.0,Mid-size,,,,
Colfax School District (WA),0.0,2020-21,0.0,,,34.7,32.0,Mid-size,62.2,71.1,,
Colfax School District (WA),0.0,2021-22,0.0,,,34.79,32.0,Mid-size,55.3,78.9,,
Colfax School District (WA),0.0,2022-23,0.0,,,35.0,32.0,Mid-size,73.7,77.1,,
Colfax School District (WA),0.0,2023-24,,,,35.17,43.0,Distant Rural,57.1,61.9,78.6,88.1
Colfax School District (WA),0.0,2024-25,,,,34.17,43.0,Distant Rural,65.9,42.2,90.2,71.1
College Place School District (WA),2.0,2015-16,0.67,601.0,38.0,75.13,23.0,Suburban,35.5,51.3,,
College Place School District (WA),2.0,2016-17,0.67,677.0,42.0,83.17,23.0,Suburban,40.7,56.0,,
College Place School District (WA),2.0,2017-18,0.67,723.0,41.0,82.21,23.0,Suburban,43.9,53.4,,
College Place School District (WA),1.0,2018-19,0.33,1465.0,85.0,85.47,23.0,Suburban,38.4,51.7,,
College Place School District (WA),1.3,2019-20,0.33,1252.0,70.0,91.46,23.0,Suburban,,,,
College Place School District (WA),0.3,2020-21,0.08,5367.0,309.0,92.72,23.0,Suburban,44.5,41.1,,
College Place School District (WA),0.3,2021-22,0.08,5233.0,308.0,92.51,23.0,Suburban,49.2,35.7,,
College Place School District (WA),0.3,2022-23,0.08,5180.0,330.0,99.0,23.0,Suburban,51.0,43.1,,
College Place School District (WA),0.3,2023-24,0.08,5123.0,330.0,99.03,23.0,Suburban,51.1,43.9,65.7,74.0
College Place School District (WA),0.3,2024-25,0.08,5103.0,327.0,98.22,23.0,Suburban,51.7,56.7,69.8,80.4
Colton School District (WA),0.0,2015-16,0.0,,,13.5,42.0,Distant Rural,,61.5,,
Colton School District (WA),0.0,2016-17,0.0,,,14.62,42.0,Distant Rural,,66.7,,
Colton School District (WA),0.0,2017-18,0.0,,,14.68,42.0,Distant Rural,35.7,,,
Colton School District (WA),0.0,2018-19,0.0,,,14.77,42.0,Distant Rural,46.2,,,
Colton School District (WA),0.0,2019-20,0.0,,,15.4,42.0,Distant Rural,,,,
Colton School District (WA),0.0,2020-21,0.0,,,15.4,42.0,Distant Rural,60.0,28.6,,
Colton School District (WA),0.0,2021-22,0.0,,,17.25,42.0,Distant Rural,,35.7,,
Colton School District (WA),0.0,2022-23,0.0,,,16.0,42.0,Distant Rural,47.1,,,
Colton School District (WA),0.0,2023-24,,,,15.26,42.0,Distant Rural,,,,
Colton School District (WA),0.0,2024-25,,,,15.21,42.0,Distant Rural,54.6,23.1,81.8,61.5
Columbia (Stevens) School District (WA),0.0,2015-16,0.0,,,13.45,43.0,Distant Rural,30.0,,,
Columbia (Stevens) School District (WA),0.0,2016-17,0.0,,,14.83,43.0,Distant Rural,,71.4,,
Columbia (Stevens) School District (WA),0.0,2017-18,0.0,,,14.77,43.0,Distant Rural,50.0,,,
Columbia (Stevens) School District (WA),0.0,2018-19,0.0,,,13.06,43.0,Distant Rural,25.0,40.0,,
Columbia (Stevens) School District (WA),0.0,2019-20,0.0,,,13.77,43.0,Distant Rural,,,,
Columbia (Stevens) School District (WA),0.0,2020-21,0.0,,,12.51,43.0,Distant Rural,,,,
Columbia (Stevens) School District (WA),0.0,2021-22,0.0,,,12.35,43.0,Distant Rural,,,,
Columbia (Stevens) School District (WA),0.0,2022-23,0.0,,,12.0,43.0,Distant Rural,,,,
Columbia (Stevens) School District (WA),0.0,2023-24,,,,12.85,43.0,Distant Rural,,,,
Columbia (Stevens) School District (WA),0.0,2024-25,,,,12.35,43.0,Distant Rural,30.0,61.5,50.0,92.3
Columbia (Walla Walla) School District (WA),0.0,2015-16,0.0,,,48.2,41.0,Rural,44.8,58.5,,
Columbia (Walla Walla) School District (WA),0.0,2016-17,0.0,,,46.82,41.0,Rural,39.3,24.6,,
Columbia (Walla Walla) School District (WA),0.0,2017-18,0.0,,,46.16,41.0,Rural,54.4,34.2,,
Columbia (Walla Walla) School District (WA),0.0,2018-19,0.0,,,44.9,41.0,Rural,36.5,47.9,,
Columbia (Walla Walla) School District (WA),0.0,2019-20,0.0,,,45.58,41.0,Rural,,,,
Columbia (Walla Walla) School District (WA),0.0,2020-21,0.0,,,43.71,41.0,Rural,41.9,46.0,,
Columbia (Walla Walla) School District (WA),0.0,2021-22,0.0,,,47.8,41.0,Rural,41.3,38.5,,
Columbia (Walla Walla) School District (WA),0.0,2022-23,0.0,,,49.0,41.0,Rural,26.8,31.5,,
Columbia (Walla Walla) School District (WA),0.0,2023-24,,,,53.3,41.0,Rural,34.0,25.9,69.8,51.7
Columbia (Walla Walla) School District (WA),0.0,2024-25,,,,49.62,41.0,Rural,27.5,19.4,45.1,62.7
Colville School District (WA),2.0,2015-16,0.4,907.0,50.0,99.46,33.0,Mid-size,67.2,65.5,,
Colville School District (WA),2.02,2016-17,0.4,861.0,50.0,100.46,33.0,Mid-size,65.4,59.0,,
Colville School District (WA),3.02,2017-18,0.6,604.0,33.0,101.11,33.0,Mid-size,67.5,65.9,,
Colville School District (WA),3.02,2018-19,0.6,611.0,33.0,99.09,33.0,Mid-size,64.5,60.9,,
Colville School District (WA),2.52,2019-20,0.42,695.0,41.0,102.83,33.0,Mid-size,,,,
Colville School District (WA),2.52,2020-21,0.42,625.0,38.0,95.08,33.0,Mid-size,61.1,52.4,,
Colville School District (WA),2.52,2021-22,0.42,654.0,40.0,99.93,33.0,Mid-size,53.3,52.1,,
Colville School District (WA),2.5,2022-23,0.42,674.0,41.0,102.0,33.0,Mid-size,52.6,58.3,,
Colville School District (WA),3.0,2023-24,0.5,573.0,36.0,107.6,33.0,Mid-size,43.3,52.0,61.5,73.2
Colville School District (WA),1.5,2024-25,0.25,1158.0,68.0,101.96,33.0,Mid-size,56.5,53.8,72.2,85.6
Concrete School District (WA),0.0,2015-16,0.0,,,29.44,42.0,Distant Rural,54.2,42.9,,
Concrete School District (WA),0.0,2016-17,0.0,,,33.39,42.0,Distant Rural,38.9,32.6,,
Concrete School District (WA),0.0,2017-18,0.0,,,32.66,42.0,Distant Rural,40.0,26.5,,
Concrete School District (WA),0.0,2018-19,0.0,,,33.4,42.0,Distant Rural,38.1,45.8,,
Concrete School District (WA),0.0,2019-20,0.0,,,31.36,42.0,Distant Rural,,,,
Concrete School District (WA),0.0,2020-21,0.0,,,32.43,42.0,Distant Rural,24.4,34.4,,
Concrete School District (WA),0.0,2021-22,0.0,,,32.15,42.0,Distant Rural,25.6,54.1,,
Concrete School District (WA),0.0,2022-23,0.0,,,36.0,42.0,Distant Rural,41.9,43.2,,
Concrete School District (WA),0.0,2023-24,,,,34.64,42.0,Distant Rural,36.1,20.0,58.3,54.3
Concrete School District (WA),0.0,2024-25,,,,32.63,42.0,Distant Rural,41.2,26.5,70.6,64.7
Conway School District (WA),0.0,2015-16,0.0,,,23.32,41.0,Rural,57.1,72.0,,
Conway School District (WA),0.0,2016-17,0.0,,,23.34,41.0,Rural,66.0,70.2,,
Conway School District (WA),0.0,2017-18,0.0,,,24.74,41.0,Rural,70.9,74.0,,
Conway School District (WA),0.0,2018-19,0.0,,,25.82,41.0,Rural,58.2,62.5,,
Conway School District (WA),0.0,2019-20,0.0,,,25.0,41.0,Rural,,,,
Conway School District (WA),0.0,2020-21,0.0,,,25.02,41.0,Rural,52.0,59.6,,
Conway School District (WA),0.0,2021-22,0.0,,,24.78,41.0,Rural,46.9,64.6,,
Conway School District (WA),0.0,2022-23,0.0,,,26.0,41.0,Rural,66.7,55.6,,
Conway School District (WA),0.0,2023-24,,,,24.59,41.0,Rural,38.9,46.5,66.7,83.7
Conway School District (WA),0.0,2024-25,,,,25.1,41.0,Rural,45.5,51.3,84.1,74.4
Cosmopolis School District (WA),0.0,2015-16,0.0,,,10.43,33.0,Mid-size,35.0,,,
Cosmopolis School District (WA),0.0,2016-17,0.0,,,10.15,33.0,Mid-size,40.0,,,
Cosmopolis School District (WA),0.0,2017-18,0.0,,,10.79,33.0,Mid-size,52.4,,,
Cosmopolis School District (WA),0.0,2018-19,0.0,,,10.04,33.0,Mid-size,61.1,,,
Cosmopolis School District (WA),0.0,2019-20,0.0,,,11.85,33.0,Mid-size,,,,
Cosmopolis School District (WA),0.0,2020-21,0.0,,,11.86,33.0,Mid-size,64.3,,,
Cosmopolis School District (WA),0.0,2021-22,0.0,,,12.0,33.0,Mid-size,61.5,,,
Cosmopolis School District (WA),0.0,2022-23,0.0,,,14.0,33.0,Mid-size,,,,
Cosmopolis School District (WA),0.0,2023-24,,,,14.81,33.0,Mid-size,47.8,,73.9,
Cosmopolis School District (WA),0.0,2024-25,,,,10.6,33.0,Mid-size,25.9,,66.7,
Coulee-Hartline School District (WA),0.0,2015-16,0.0,,,15.38,43.0,Distant Rural,42.9,,,
Coulee-Hartline School District (WA),0.0,2016-17,0.0,,,14.72,43.0,Distant Rural,42.9,,,
Coulee-Hartline School District (WA),0.0,2017-18,0.0,,,14.93,43.0,Distant Rural,75.0,,,
Coulee-Hartline School District (WA),0.0,2018-19,0.0,,,15.1,43.0,Distant Rural,75.0,,,
Coulee-Hartline School District (WA),0.0,2019-20,0.0,,,14.95,43.0,Distant Rural,,,,
Coulee-Hartline School District (WA),0.0,2020-21,0.0,,,14.73,43.0,Distant Rural,42.9,,,
Coulee-Hartline School District (WA),0.0,2021-22,0.0,,,17.29,43.0,Distant Rural,46.2,,,
Coulee-Hartline School District (WA),0.0,2022-23,0.0,,,17.0,43.0,Distant Rural,64.3,,,
Coulee-Hartline School District (WA),0.0,2023-24,,,,14.44,43.0,Distant Rural,62.5,,81.3,
Coulee-Hartline School District (WA),0.0,2024-25,,,,13.87,43.0,Distant Rural,,,,
Coupeville School District (WA),0.0,2015-16,-0.14,-949.0,-54.0,53.86,41.0,Rural,78.1,51.8,,
Coupeville School District (WA),0.0,2016-17,0.0,,,56.93,41.0,Rural,79.3,60.3,,
Coupeville School District (WA),0.0,2017-18,0.0,,,56.84,41.0,Rural,76.5,57.1,,
Coupeville School District (WA),0.0,2018-19,0.0,,,60.28,41.0,Rural,76.3,75.0,,
Coupeville School District (WA),0.0,2019-20,0.0,,,59.33,41.0,Rural,,,,
Coupeville School District (WA),0.0,2020-21,0.0,,,55.62,41.0,Rural,63.0,67.3,,
Coupeville School District (WA),0.0,2021-22,0.0,,,64.52,41.0,Rural,73.0,67.3,,
Coupeville School District (WA),0.0,2022-23,0.0,,,58.0,41.0,Rural,62.9,55.4,,
Coupeville School District (WA),0.0,2023-24,,,,56.56,32.0,Mid-size,65.8,61.1,82.9,79.2
Coupeville School District (WA),0.0,2024-25,,,,50.49,32.0,Mid-size,64.5,62.2,81.7,83.8
Crescent School District (WA),0.0,2015-16,-0.5,-272.0,-20.0,20.41,43.0,Distant Rural,50.0,60.0,,
Crescent School District (WA),0.2,2016-17,0.1,1510.0,108.0,21.51,43.0,Distant Rural,15.0,66.7,,
Crescent School District (WA),0.13,2017-18,0.07,2362.0,156.0,20.24,43.0,Distant Rural,69.2,65.0,,
Crescent School District (WA),0.29,2018-19,0.15,1176.0,72.0,21.02,43.0,Distant Rural,50.0,65.2,,
Crescent School District (WA),0.4,2019-20,0.2,915.0,52.0,20.65,43.0,Distant Rural,,,,
Crescent School District (WA),0.4,2020-21,0.2,820.0,53.0,21.21,43.0,Distant Rural,34.5,50.0,,
Crescent School District (WA),0.4,2021-22,0.2,765.0,54.0,21.53,43.0,Distant Rural,50.0,44.4,,
Crescent School District (WA),0.2,2022-23,0.1,1680.0,105.0,21.0,43.0,Distant Rural,,62.5,,
Crescent School District (WA),0.2,2023-24,0.1,1795.0,107.0,21.39,43.0,Distant Rural,47.4,,84.2,
Crescent School District (WA),0.2,2024-25,0.1,1860.0,110.0,22.0,43.0,Distant Rural,20.0,40.0,60.0,86.7
Creston School District (WA),0.0,2015-16,0.0,,,13.01,43.0,Distant Rural,,,,
Creston School District (WA),0.0,2016-17,0.0,,,12.5,43.0,Distant Rural,,69.2,,
Creston School District (WA),0.0,2017-18,0.0,,,11.49,43.0,Distant Rural,,,,
Creston School District (WA),0.0,2018-19,0.0,,,10.38,43.0,Distant Rural,,,,
Creston School District (WA),0.0,2019-20,0.0,,,10.42,43.0,Distant Rural,,,,
Creston School District (WA),0.0,2020-21,0.0,,,9.55,43.0,Distant Rural,,,,
Creston School District (WA),0.0,2021-22,0.0,,,9.22,43.0,Distant Rural,,,,
Creston School District (WA),0.0,2022-23,0.0,,,10.0,43.0,Distant Rural,,,,
Creston School District (WA),0.0,2023-24,,,,9.01,43.0,Distant Rural,,,,
Creston School District (WA),0.0,2024-25,,,,11.0,43.0,Distant Rural,,,,
Curlew School District (WA),0.0,2015-16,0.0,,,16.12,43.0,Distant Rural,25.0,66.7,,
Curlew School District (WA),0.0,2016-17,0.0,,,13.59,43.0,Distant Rural,52.9,42.1,,
Curlew School District (WA),0.0,2017-18,0.0,,,13.99,43.0,Distant Rural,25.0,16.0,,
Curlew School District (WA),0.0,2018-19,0.0,,,14.52,43.0,Distant Rural,,30.0,,
Curlew School District (WA),0.0,2019-20,0.0,,,15.51,43.0,Distant Rural,,,,
Curlew School District (WA),0.0,2020-21,0.0,,,17.07,43.0,Distant Rural,53.8,23.1,,
Curlew School District (WA),0.0,2021-22,0.0,,,19.49,43.0,Distant Rural,15.4,,,
Curlew School District (WA),0.0,2022-23,0.0,,,17.0,43.0,Distant Rural,,,,
Curlew School District (WA),0.0,2023-24,,,,18.83,43.0,Distant Rural,46.2,15.8,76.9,36.8
Curlew School District (WA),0.0,2024-25,,,,18.28,43.0,Distant Rural,40.0,30.8,60.0,53.9
Cusick School District (WA),0.0,2015-16,0.0,,,18.02,43.0,Distant Rural,33.3,60.0,,
Cusick School District (WA),0.0,2016-17,0.0,,,16.47,43.0,Distant Rural,33.3,58.8,,
Cusick School District (WA),0.0,2017-18,0.0,,,15.94,43.0,Distant Rural,27.3,46.2,,
Cusick School District (WA),0.0,2018-19,0.0,,,18.58,43.0,Distant Rural,33.3,37.5,,
Cusick School District (WA),0.0,2019-20,0.0,,,20.2,43.0,Distant Rural,,,,
Cusick School District (WA),0.0,2020-21,0.0,,,20.68,43.0,Distant Rural,22.2,38.5,,
Cusick School District (WA),0.0,2021-22,0.0,,,24.33,43.0,Distant Rural,18.8,20.8,,
Cusick School District (WA),0.0,2022-23,0.0,,,24.0,43.0,Distant Rural,50.0,38.9,,
Cusick School District (WA),0.0,2023-24,,,,26.88,43.0,Distant Rural,62.5,52.4,75.0,76.2
Cusick School District (WA),0.0,2024-25,,,,26.01,43.0,Distant Rural,63.6,50.0,77.3,90.0
Damman School District (WA),0.0,2015-16,0.0,,,2.0,41.0,Rural,,,,
Damman School District (WA),0.0,2016-17,0.0,,,2.0,41.0,Rural,,,,
Damman School District (WA),0.0,2017-18,0.0,,,2.5,41.0,Rural,,,,
Damman School District (WA),0.0,2018-19,0.0,,,2.5,41.0,Rural,,,,
Damman School District (WA),0.0,2019-20,0.0,,,2.49,41.0,Rural,,,,
Damman School District (WA),0.0,2020-21,0.0,,,2.49,41.0,Rural,,,,
Damman School District (WA),0.0,2021-22,0.0,,,2.0,41.0,Rural,,,,
Damman School District (WA),0.0,2022-23,0.0,,,2.0,41.0,Rural,,,,
Damman School District (WA),0.0,2023-24,,,,2.0,41.0,Rural,,,,
Damman School District (WA),0.0,2024-25,,,,2.0,41.0,Rural,,,,
Darrington School District (WA),0.0,2015-16,0.0,,,29.02,42.0,Distant Rural,42.3,55.3,,
Darrington School District (WA),0.0,2016-17,0.0,,,26.69,42.0,Distant Rural,51.5,50.0,,
Darrington School District (WA),0.0,2017-18,0.0,,,24.84,42.0,Distant Rural,39.4,59.5,,
Darrington School District (WA),0.0,2018-19,0.0,,,23.58,42.0,Distant Rural,40.9,64.7,,
Darrington School District (WA),0.0,2019-20,0.0,,,25.0,42.0,Distant Rural,,,,
Darrington School District (WA),0.0,2020-21,0.0,,,23.0,42.0,Distant Rural,36.0,33.3,,
Darrington School District (WA),0.0,2021-22,0.0,,,28.43,42.0,Distant Rural,28.6,33.3,,
Darrington School District (WA),0.0,2022-23,0.0,,,29.0,42.0,Distant Rural,12.8,50.0,,
Darrington School District (WA),0.0,2023-24,,,,31.25,42.0,Distant Rural,23.7,62.5,39.5,83.3
Darrington School District (WA),0.0,2024-25,,,,32.0,42.0,Distant Rural,34.6,39.4,50.0,69.7
Davenport School District (WA),0.0,2015-16,0.0,,,36.96,42.0,Distant Rural,45.5,77.8,,
Davenport School District (WA),0.0,2016-17,0.0,,,37.64,42.0,Distant Rural,57.1,68.2,,
Davenport School District (WA),0.0,2017-18,0.0,,,37.97,42.0,Distant Rural,63.4,83.7,,
Davenport School District (WA),0.0,2018-19,0.0,,,36.98,42.0,Distant Rural,58.7,81.4,,
Davenport School District (WA),0.0,2019-20,0.0,,,36.89,42.0,Distant Rural,,,,
Davenport School District (WA),0.0,2020-21,0.0,,,34.41,42.0,Distant Rural,57.6,55.1,,
Davenport School District (WA),0.0,2021-22,0.0,,,39.38,42.0,Distant Rural,73.5,74.5,,
Davenport School District (WA),0.0,2022-23,0.0,,,41.0,42.0,Distant Rural,63.6,57.7,,
Davenport School District (WA),0.0,2023-24,,,,41.98,42.0,Distant Rural,52.9,61.2,76.5,91.8
Davenport School District (WA),0.0,2024-25,,,,38.03,42.0,Distant Rural,55.9,64.3,76.3,88.1
Dayton School District (WA),0.0,2015-16,0.0,,,29.51,32.0,Mid-size,75.0,36.8,,
Dayton School District (WA),0.0,2016-17,0.0,,,29.55,32.0,Mid-size,52.6,70.4,,
Dayton School District (WA),0.0,2017-18,0.0,,,30.03,32.0,Mid-size,58.1,52.4,,
Dayton School District (WA),0.0,2018-19,0.0,,,32.02,32.0,Mid-size,70.6,60.9,,
Dayton School District (WA),0.0,2019-20,0.0,,,31.04,32.0,Mid-size,,,,
Dayton School District (WA),0.0,2020-21,0.0,,,30.0,32.0,Mid-size,21.1,34.8,,
Dayton School District (WA),0.0,2021-22,0.0,,,29.77,32.0,Mid-size,22.2,35.0,,
Dayton School District (WA),0.0,2022-23,0.0,,,31.0,32.0,Mid-size,29.0,56.7,,
Dayton School District (WA),0.0,2023-24,,,,28.45,42.0,Distant Rural,48.3,40.0,72.4,60.0
Dayton School District (WA),0.0,2024-25,,,,27.93,42.0,Distant Rural,57.1,45.2,82.1,71.0
Deer Park School District (WA),2.0,2015-16,0.29,1250.0,64.0,127.75,41.0,Rural,52.3,58.9,,
Deer Park School District (WA),1.0,2016-17,0.14,2518.0,133.0,132.67,41.0,Rural,53.9,67.1,,
Deer Park School District (WA),1.0,2017-18,0.14,2514.0,135.0,134.81,41.0,Rural,65.2,68.2,,
Deer Park School District (WA),1.0,2018-19,0.14,2634.0,135.0,135.42,41.0,Rural,60.0,68.9,,
Deer Park School District (WA),0.0,2019-20,0.0,,,136.24,41.0,Rural,,,,
Deer Park School District (WA),0.0,2020-21,0.0,,,136.01,41.0,Rural,46.4,50.2,,
Deer Park School District (WA),0.0,2021-22,0.0,,,148.13,41.0,Rural,54.1,63.7,,
Deer Park School District (WA),0.0,2022-23,0.0,,,148.0,41.0,Rural,42.1,57.0,,
Deer Park School District (WA),1.5,2023-24,0.19,1851.0,102.0,152.62,42.0,Distant Rural,49.3,52.0,68.5,75.7
Deer Park School District (WA),2.47,2024-25,0.31,1127.0,59.0,145.99,42.0,Distant Rural,47.4,49.1,72.1,74.5
Dieringer School District (WA),0.0,2015-16,0.0,,,78.59,21.0,Suburban,85.3,69.9,,
Dieringer School District (WA),0.0,2016-17,0.0,,,77.79,21.0,Suburban,78.5,71.8,,
Dieringer School District (WA),0.0,2017-18,0.0,,,81.65,21.0,Suburban,84.5,68.8,,
Dieringer School District (WA),0.0,2018-19,0.0,,,79.7,21.0,Suburban,75.8,77.1,,
Dieringer School District (WA),0.0,2019-20,0.0,,,84.7,21.0,Suburban,,,,
Dieringer School District (WA),0.0,2020-21,0.0,,,82.13,21.0,Suburban,62.8,65.9,,
Dieringer School District (WA),0.0,2021-22,0.0,,,77.08,21.0,Suburban,68.7,63.0,,
Dieringer School District (WA),0.0,2022-23,0.0,,,84.0,21.0,Suburban,75.2,58.6,,
Dieringer School District (WA),0.0,2023-24,,,,84.87,21.0,Suburban,63.1,69.5,84.7,85.9
Dieringer School District (WA),0.0,2024-25,,,,82.92,21.0,Suburban,71.8,69.8,88.0,87.8
Dixie School District (WA),0.0,2015-16,0.0,,,2.0,42.0,Distant Rural,,,,
Dixie School District (WA),0.0,2016-17,0.0,,,2.0,42.0,Distant Rural,,,,
Dixie School District (WA),0.0,2017-18,0.0,,,2.0,42.0,Distant Rural,,,,
Dixie School District (WA),0.0,2018-19,0.0,,,2.0,42.0,Distant Rural,,,,
Dixie School District (WA),0.0,2019-20,0.0,,,2.0,42.0,Distant Rural,,,,
Dixie School District (WA),0.0,2020-21,0.0,,,2.0,42.0,Distant Rural,,,,
Dixie School District (WA),0.0,2021-22,0.0,,,2.0,42.0,Distant Rural,,,,
Dixie School District (WA),0.0,2022-23,0.0,,,1.0,42.0,Distant Rural,,,,
Dixie School District (WA),0.0,2023-24,,,,2.0,42.0,Distant Rural,,,,
Dixie School District (WA),0.0,2024-25,,,,2.0,42.0,Distant Rural,,,,
East Valley School District (Spokane) (WA),1.0,2015-16,0.11,4311.0,236.0,236.48,13.0,Urban,49.4,62.5,,
East Valley School District (Spokane) (WA),1.0,2016-17,0.1,4262.0,240.0,240.11,13.0,Urban,52.4,62.5,,
East Valley School District (Spokane) (WA),1.0,2017-18,0.1,4266.0,236.0,235.56,13.0,Urban,52.4,57.0,,
East Valley School District (Spokane) (WA),1.0,2018-19,0.1,4277.0,230.0,229.7,13.0,Urban,51.0,56.1,,
East Valley School District (Spokane) (WA),1.01,2019-20,0.1,4191.0,225.0,227.1,13.0,Urban,,,,
East Valley School District (Spokane) (WA),1.01,2020-21,0.11,3700.0,215.0,217.58,12.0,Urban,40.7,41.0,,
East Valley School District (Spokane) (WA),1.0,2021-22,0.11,3666.0,209.0,209.02,12.0,Urban,35.2,50.7,,
East Valley School District (Spokane) (WA),1.0,2022-23,0.11,3670.0,215.0,215.0,12.0,Urban,36.2,46.7,,
East Valley School District (Spokane) (WA),1.0,2023-24,0.11,3594.0,203.0,203.01,12.0,Urban,44.8,38.9,66.1,67.0
East Valley School District (Spokane) (WA),0.0,2024-25,,,,205.17,12.0,Urban,36.8,43.2,59.7,70.5
East Valley School District (Yakima) (WA),0.2,2015-16,0.04,15685.0,861.0,172.27,22.0,Suburban,53.6,53.7,,
East Valley School District (Yakima) (WA),0.2,2016-17,0.04,16130.0,872.0,174.47,22.0,Suburban,58.6,51.0,,
East Valley School District (Yakima) (WA),0.0,2017-18,0.0,,,179.23,22.0,Suburban,60.9,50.4,,
East Valley School District (Yakima) (WA),0.0,2018-19,0.0,,,181.7,22.0,Suburban,62.3,57.7,,
East Valley School District (Yakima) (WA),0.0,2019-20,0.0,,,181.63,22.0,Suburban,,,,
East Valley School District (Yakima) (WA),0.0,2020-21,0.0,,,178.26,22.0,Suburban,43.9,46.1,,
East Valley School District (Yakima) (WA),0.0,2021-22,0.0,,,180.97,22.0,Suburban,46.7,47.1,,
East Valley School District (Yakima) (WA),0.0,2022-23,0.0,,,183.0,22.0,Suburban,51.7,42.2,,
East Valley School District (Yakima) (WA),0.0,2023-24,,,,184.4,41.0,Rural,45.4,45.6,72.5,74.6
East Valley School District (Yakima) (WA),0.0,2024-25,,,,174.13,41.0,Rural,47.2,43.8,73.6,71.2
Eastmont School District (WA),5.57,2015-16,0.46,1071.0,58.0,321.74,23.0,Suburban,65.1,44.7,,
Eastmont School District (WA),5.4,2016-17,0.45,1130.0,58.0,314.37,23.0,Suburban,57.9,42.4,,
Eastmont School District (WA),5.2,2017-18,0.43,1198.0,64.0,333.35,23.0,Suburban,64.4,50.1,,
Eastmont School District (WA),5.2,2018-19,0.47,1215.0,66.0,341.65,23.0,Suburban,63.7,51.6,,
Eastmont School District (WA),3.5,2019-20,0.32,1802.0,99.0,345.1,23.0,Suburban,,,,
Eastmont School District (WA),3.38,2020-21,0.31,1788.0,100.0,339.1,23.0,Suburban,48.6,46.1,,
Eastmont School District (WA),2.7,2021-22,0.23,2209.0,132.0,357.23,23.0,Suburban,51.8,47.3,,
Eastmont School District (WA),2.7,2022-23,0.23,2234.0,134.0,361.0,23.0,Suburban,49.2,44.2,,
Eastmont School District (WA),2.5,2023-24,0.21,2436.0,141.0,353.65,13.0,Urban,44.8,36.1,67.0,64.1
Eastmont School District (WA),2.0,2024-25,0.17,2965.0,166.0,331.41,13.0,Urban,56.1,47.2,72.6,75.9
Easton School District (WA),0.0,2015-16,0.0,,,11.0,42.0,Distant Rural,36.4,50.0,,
Easton School District (WA),0.0,2016-17,0.0,,,11.63,42.0,Distant Rural,27.3,,,
Easton School District (WA),0.0,2017-18,0.0,,,10.07,42.0,Distant Rural,28.6,40.0,,
Easton School District (WA),0.0,2018-19,0.0,,,13.03,42.0,Distant Rural,,,,
Easton School District (WA),0.0,2019-20,0.0,,,13.04,42.0,Distant Rural,,,,
Easton School District (WA),0.0,2020-21,0.0,,,9.3,42.0,Distant Rural,,30.0,,
Easton School District (WA),0.0,2021-22,0.0,,,10.21,42.0,Distant Rural,,54.5,,
Easton School District (WA),0.0,2022-23,0.0,,,9.0,42.0,Distant Rural,,,,
Easton School District (WA),0.0,2023-24,,,,9.5,42.0,Distant Rural,,,,
Easton School District (WA),0.0,2024-25,,,,9.0,42.0,Distant Rural,,,,
Eatonville School District (WA),2.0,2015-16,0.25,975.0,49.0,98.29,32.0,Mid-size,59.3,36.2,,
Eatonville School District (WA),1.0,2016-17,0.13,1961.0,98.0,97.51,32.0,Mid-size,53.5,58.6,,
Eatonville School District (WA),1.0,2017-18,0.13,1926.0,100.0,100.26,32.0,Mid-size,57.8,50.0,,
Eatonville School District (WA),1.0,2018-19,0.11,1979.0,103.0,103.02,32.0,Mid-size,57.0,63.7,,
Eatonville School District (WA),1.0,2019-20,0.11,2059.0,98.0,98.09,32.0,Mid-size,,,,
Eatonville School District (WA),0.0,2020-21,0.0,,,105.75,32.0,Mid-size,27.5,49.4,,
Eatonville School District (WA),0.0,2021-22,0.0,,,97.68,32.0,Mid-size,44.2,47.7,,
Eatonville School District (WA),0.0,2022-23,0.0,,,112.0,32.0,Mid-size,37.0,42.5,,
Eatonville School District (WA),0.0,2023-24,,,,114.61,42.0,Distant Rural,52.1,30.1,71.5,54.1
Eatonville School District (WA),0.0,2024-25,,,,108.58,42.0,Distant Rural,49.3,41.8,74.3,63.3
Edmonds School District (WA),30.43,2015-16,0.78,691.0,34.0,1047.38,21.0,Suburban,59.6,59.2,,
Edmonds School District (WA),31.69,2016-17,0.81,671.0,34.0,1064.31,21.0,Suburban,58.9,61.2,,
Edmonds School District (WA),32.8,2017-18,0.86,647.0,33.0,1075.14,21.0,Suburban,57.1,64.0,,
Edmonds School District (WA),31.6,2018-19,0.83,674.0,36.0,1134.29,21.0,Suburban,59.0,62.5,,
Edmonds School District (WA),8.01,2019-20,0.21,2712.0,142.0,1134.73,21.0,Suburban,,,,
Edmonds School District (WA),9.0,2020-21,0.24,2317.0,128.0,1151.76,21.0,Suburban,44.1,52.1,,
Edmonds School District (WA),10.3,2021-22,0.26,1975.0,109.0,1119.78,21.0,Suburban,48.1,49.5,,
Edmonds School District (WA),9.2,2022-23,0.24,2224.0,128.0,1173.0,21.0,Suburban,51.6,46.9,,
Edmonds School District (WA),9.0,2023-24,0.24,2306.0,125.0,1129.4,21.0,Suburban,49.2,48.4,67.9,68.9
Edmonds School District (WA),10.0,2024-25,0.26,2096.0,112.0,1123.37,21.0,Suburban,51.8,55.2,68.9,74.2
Ellensburg School District (WA),4.8,2015-16,0.69,679.0,34.0,165.41,32.0,Mid-size,47.2,37.9,,
Ellensburg School District (WA),4.8,2016-17,0.69,698.0,35.0,170.33,32.0,Mid-size,43.8,40.7,,
Ellensburg School District (WA),4.8,2017-18,0.69,706.0,38.0,184.44,32.0,Mid-size,44.4,41.6,,
Ellensburg School District (WA),2.3,2018-19,0.33,1456.0,84.0,192.52,32.0,Mid-size,46.7,47.6,,
Ellensburg School District (WA),2.3,2019-20,0.33,1500.0,84.0,192.87,32.0,Mid-size,,,,
Ellensburg School District (WA),1.5,2020-21,0.21,2133.0,126.0,189.7,32.0,Mid-size,40.9,44.2,,
Ellensburg School District (WA),1.91,2021-22,0.27,1714.0,98.0,188.05,32.0,Mid-size,51.8,39.6,,
Ellensburg School District (WA),0.0,2022-23,0.0,,,191.0,32.0,Mid-size,41.1,35.9,,
Ellensburg School District (WA),0.0,2023-24,,,,183.79,32.0,Mid-size,49.8,40.2,64.0,59.8
Ellensburg School District (WA),0.0,2024-25,,,,185.99,32.0,Mid-size,41.5,40.3,71.9,66.8
Elma School District (WA),0.0,2015-16,0.0,,,78.74,32.0,Mid-size,50.0,38.2,,
Elma School District (WA),0.0,2016-17,0.0,,,81.23,32.0,Mid-size,53.1,58.3,,
Elma School District (WA),0.0,2017-18,0.0,,,82.63,32.0,Mid-size,59.4,42.2,,
Elma School District (WA),0.0,2018-19,0.0,,,85.21,32.0,Mid-size,59.3,47.7,,
Elma School District (WA),0.0,2019-20,0.0,,,88.32,32.0,Mid-size,,,,
Elma School District (WA),0.0,2020-21,0.0,,,90.81,32.0,Mid-size,41.9,43.0,,
Elma School District (WA),0.0,2021-22,0.0,,,84.7,32.0,Mid-size,49.5,38.3,,
Elma School District (WA),0.0,2022-23,0.0,,,92.0,32.0,Mid-size,45.3,45.8,,
Elma School District (WA),0.0,2023-24,,,,92.76,32.0,Mid-size,49.0,45.2,78.0,74.7
Elma School District (WA),0.0,2024-25,,,,91.0,32.0,Mid-size,38.8,49.6,56.1,71.8
Endicott School District (WA),0.0,2015-16,0.0,,,9.28,43.0,Distant Rural,,52.4,,
Endicott School District (WA),0.0,2016-17,0.0,,,11.75,43.0,Distant Rural,,68.8,,
Endicott School District (WA),0.0,2017-18,0.0,,,11.73,43.0,Distant Rural,,81.0,,
Endicott School District (WA),0.0,2018-19,0.0,,,11.3,43.0,Distant Rural,,60.0,,
Endicott School District (WA),0.0,2019-20,0.0,,,12.3,43.0,Distant Rural,,,,
Endicott School District (WA),0.0,2020-21,0.0,,,11.81,43.0,Distant Rural,,56.3,,
Endicott School District (WA),0.0,2021-22,0.0,,,12.3,43.0,Distant Rural,,71.4,,
Endicott School District (WA),0.0,2022-23,0.0,,,12.0,43.0,Distant Rural,,33.3,,
Endicott School District (WA),0.0,2023-24,,,,11.71,43.0,Distant Rural,,64.7,,76.5
Endicott School District (WA),0.0,2024-25,,,,12.01,43.0,Distant Rural,,38.5,,84.6
Entiat School District (WA),0.0,2015-16,0.0,,,22.78,42.0,Distant Rural,23.8,47.1,,
Entiat School District (WA),0.0,2016-17,0.0,,,21.74,42.0,Distant Rural,50.0,45.2,,
Entiat School District (WA),0.0,2017-18,0.0,,,22.93,42.0,Distant Rural,45.5,52.2,,
Entiat School District (WA),0.0,2018-19,0.0,,,20.97,42.0,Distant Rural,44.1,56.0,,
Entiat School District (WA),0.0,2019-20,0.0,,,22.31,42.0,Distant Rural,,,,
Entiat School District (WA),0.0,2020-21,0.0,,,22.06,42.0,Distant Rural,28.6,35.0,,
Entiat School District (WA),0.0,2021-22,0.0,,,23.74,42.0,Distant Rural,28.6,41.7,,
Entiat School District (WA),0.0,2022-23,0.0,,,25.0,42.0,Distant Rural,42.1,55.6,,
Entiat School District (WA),0.0,2023-24,,,,27.0,42.0,Distant Rural,44.8,45.8,62.1,70.8
Entiat School District (WA),0.0,2024-25,,,,29.0,42.0,Distant Rural,28.6,26.1,37.1,69.6
Enumclaw School District (WA),4.1,2015-16,0.46,995.0,51.0,210.31,21.0,Suburban,54.5,74.4,,
Enumclaw School District (WA),4.62,2016-17,0.51,878.0,46.0,214.21,21.0,Suburban,68.6,63.4,,
Enumclaw School District (WA),4.92,2017-18,0.49,837.0,43.0,210.7,21.0,Suburban,66.3,65.0,,
Enumclaw School District (WA),2.1,2018-19,0.21,1992.0,103.0,215.84,21.0,Suburban,59.8,65.4,,
Enumclaw School District (WA),1.3,2019-20,0.13,3328.0,175.0,227.32,21.0,Suburban,,,,
Enumclaw School District (WA),2.0,2020-21,0.2,2061.0,117.0,233.82,21.0,Suburban,52.2,62.8,,
Enumclaw School District (WA),2.0,2021-22,0.2,2121.0,115.0,229.08,21.0,Suburban,51.9,59.7,,
Enumclaw School District (WA),2.0,2022-23,0.2,2218.0,121.0,241.0,21.0,Suburban,52.7,49.7,,
Enumclaw School District (WA),1.0,2023-24,0.1,4550.0,246.0,245.51,21.0,Suburban,45.7,50.9,68.6,78.1
Enumclaw School District (WA),0.7,2024-25,0.08,6489.0,341.0,239.01,21.0,Suburban,55.8,61.3,78.4,82.7
Ephrata School District (WA),1.0,2015-16,0.13,2414.0,127.0,127.32,32.0,Mid-size,58.5,52.7,,
Ephrata School District (WA),1.0,2016-17,0.13,2500.0,138.0,138.35,32.0,Mid-size,57.0,60.5,,
Ephrata School District (WA),1.0,2017-18,0.11,2602.0,141.0,141.26,32.0,Mid-size,62.9,56.6,,
Ephrata School District (WA),1.0,2018-19,0.14,2623.0,144.0,144.36,32.0,Mid-size,48.8,61.2,,
Ephrata School District (WA),1.0,2019-20,0.13,2738.0,142.0,142.11,32.0,Mid-size,,,,
Ephrata School District (WA),1.0,2020-21,0.13,2578.0,142.0,142.28,32.0,Mid-size,30.3,54.0,,
Ephrata School District (WA),1.0,2021-22,0.13,2701.0,138.0,137.51,32.0,Mid-size,28.2,52.7,,
Ephrata School District (WA),1.0,2022-23,0.13,2807.0,149.0,149.0,32.0,Mid-size,39.2,54.3,,
Ephrata School District (WA),1.0,2023-24,0.13,2853.0,151.0,151.01,32.0,Mid-size,44.0,51.4,61.2,77.9
Ephrata School District (WA),1.0,2024-25,0.13,2833.0,153.0,153.09,32.0,Mid-size,39.3,48.3,56.1,74.4
Evaline School District (WA),0.0,2015-16,0.0,,,2.38,41.0,Rural,70.0,,,
Evaline School District (WA),0.0,2016-17,0.0,,,2.46,41.0,Rural,,,,
Evaline School District (WA),0.0,2017-18,0.0,,,2.96,41.0,Rural,,,,
Evaline School District (WA),0.0,2018-19,0.0,,,3.85,41.0,Rural,,,,
Evaline School District (WA),0.0,2019-20,0.0,,,4.88,41.0,Rural,,,,
Evaline School District (WA),0.0,2020-21,0.0,,,5.37,41.0,Rural,63.6,,,
Evaline School District (WA),0.0,2021-22,0.0,,,5.0,41.0,Rural,72.7,,,
Evaline School District (WA),0.0,2022-23,0.0,,,6.0,41.0,Rural,,,,
Evaline School District (WA),0.0,2023-24,,,,4.74,41.0,Rural,,,,
Evaline School District (WA),0.0,2024-25,,,,4.38,41.0,Rural,,,,
Everett School District (WA),25.17,2015-16,0.79,792.0,38.0,958.3,12.0,Urban,66.5,73.2,,
Everett School District (WA),24.49,2016-17,0.77,826.0,41.0,1002.18,12.0,Urban,65.3,72.8,,
Everett School District (WA),24.0,2017-18,0.75,852.0,43.0,1043.75,12.0,Urban,70.8,72.6,,
Everett School District (WA),17.52,2018-19,0.55,1191.0,63.0,1105.62,12.0,Urban,71.3,73.9,,
Everett School District (WA),19.03,2019-20,0.58,1112.0,58.0,1103.97,12.0,Urban,,,,
Everett School District (WA),16.43,2020-21,0.5,1231.0,67.0,1103.46,12.0,Urban,55.7,56.7,,
Everett School District (WA),16.38,2021-22,0.5,1237.0,62.0,1015.32,12.0,Urban,62.1,59.8,,
Everett School District (WA),17.39,2022-23,0.53,1171.0,63.0,1102.0,12.0,Urban,65.3,62.1,,
Everett School District (WA),12.5,2023-24,0.38,1625.0,85.0,1058.69,12.0,Urban,65.7,61.9,78.9,80.3
Everett School District (WA),12.25,2024-25,0.37,1673.0,88.0,1073.71,12.0,Urban,65.8,59.5,81.2,76.6
Evergreen School District (Clark) (WA),31.71,2015-16,0.83,820.0,46.0,1448.5,12.0,Urban,53.7,50.0,,
Evergreen School District (Clark) (WA),31.67,2016-17,0.81,828.0,46.0,1465.43,12.0,Urban,53.2,50.0,,
Evergreen School District (Clark) (WA),32.19,2017-18,0.85,797.0,46.0,1474.17,12.0,Urban,52.7,50.7,,
Evergreen School District (Clark) (WA),32.66,2018-19,0.84,779.0,47.0,1528.96,12.0,Urban,49.3,43.2,,
Evergreen School District (Clark) (WA),18.05,2019-20,0.46,1386.0,83.0,1500.7,12.0,Urban,,,,
Evergreen School District (Clark) (WA),18.7,2020-21,0.48,1260.0,78.0,1450.2,12.0,Urban,34.2,42.9,,
Evergreen School District (Clark) (WA),18.74,2021-22,0.48,1219.0,71.0,1326.59,12.0,Urban,37.5,38.4,,
Evergreen School District (Clark) (WA),21.98,2022-23,0.56,1028.0,61.0,1348.0,12.0,Urban,39.9,32.4,,
Evergreen School District (Clark) (WA),8.39,2023-24,0.22,2628.0,156.0,1311.71,12.0,Urban,35.4,30.6,57.9,52.8
Evergreen School District (Clark) (WA),0.0,2024-25,,,,1270.53,12.0,Urban,37.2,34.3,61.3,58.1
Evergreen School District (Stevens) (WA),0.0,2015-16,0.0,,,2.0,43.0,Distant Rural,,,,
Evergreen School District (Stevens) (WA),0.0,2016-17,0.0,,,2.0,43.0,Distant Rural,,,,
Evergreen School District (Stevens) (WA),0.0,2017-18,0.0,,,2.32,43.0,Distant Rural,,,,
Evergreen School District (Stevens) (WA),0.0,2018-19,0.0,,,2.39,43.0,Distant Rural,,,,
Evergreen School District (Stevens) (WA),0.0,2019-20,0.0,,,2.78,43.0,Distant Rural,,,,
Evergreen School District (Stevens) (WA),0.0,2020-21,0.0,,,2.24,43.0,Distant Rural,,,,
Evergreen School District (Stevens) (WA),0.0,2021-22,0.0,,,2.6,43.0,Distant Rural,,,,
Evergreen School District (Stevens) (WA),0.0,2022-23,0.0,,,3.0,43.0,Distant Rural,,,,
Evergreen School District (Stevens) (WA),0.0,2023-24,,,,2.71,43.0,Distant Rural,50.0,,70.0,
Evergreen School District (Stevens) (WA),0.0,2024-25,,,,2.7,43.0,Distant Rural,,,,
Federal Way School District (WA),11.5,2015-16,0.24,2003.0,108.0,1240.66,21.0,Suburban,42.1,53.9,,
Federal Way School District (WA),13.47,2016-17,0.29,1711.0,94.0,1270.99,21.0,Suburban,38.0,49.1,,
Federal Way School District (WA),13.36,2017-18,0.29,1730.0,96.0,1276.09,21.0,Suburban,40.3,50.2,,
Federal Way School District (WA),14.15,2018-19,0.31,1660.0,91.0,1284.25,21.0,Suburban,42.8,46.2,,
Federal Way School District (WA),14.51,2019-20,0.32,1605.0,88.0,1277.73,21.0,Suburban,,,,
Federal Way School District (WA),14.29,2020-21,0.31,1523.0,87.0,1240.35,21.0,Suburban,32.1,33.1,,
Federal Way School District (WA),14.36,2021-22,0.31,1472.0,75.0,1073.29,21.0,Suburban,34.2,38.8,,
Federal Way School District (WA),13.36,2022-23,0.29,1617.0,89.0,1184.0,21.0,Suburban,30.7,35.3,,
Federal Way School District (WA),15.19,2023-24,0.33,1436.0,80.0,1210.15,21.0,Suburban,32.5,32.4,51.9,58.0
Federal Way School District (WA),15.19,2024-25,0.33,1465.0,80.0,1216.68,21.0,Suburban,32.6,36.8,51.7,61.2
Ferndale School District (WA),0.0,2015-16,0.0,,,253.22,22.0,Suburban,46.1,57.0,,
Ferndale School District (WA),0.0,2016-17,0.0,,,249.35,22.0,Suburban,47.9,50.0,,
Ferndale School District (WA),0.0,2017-18,0.0,,,251.3,22.0,Suburban,48.3,50.4,,
Ferndale School District (WA),0.0,2018-19,0.0,,,251.28,22.0,Suburban,50.1,57.9,,
Ferndale School District (WA),0.0,2019-20,0.0,,,264.35,22.0,Suburban,,,,
Ferndale School District (WA),0.0,2020-21,0.0,,,243.66,22.0,Suburban,41.0,48.2,,
Ferndale School District (WA),0.0,2021-22,0.0,,,282.86,22.0,Suburban,33.3,49.8,,
Ferndale School District (WA),0.0,2022-23,0.0,,,289.0,22.0,Suburban,36.1,49.7,,
Ferndale School District (WA),0.0,2023-24,,,,301.08,22.0,Suburban,38.1,49.1,58.6,73.1
Ferndale School District (WA),0.0,2024-25,,,,265.58,22.0,Suburban,42.5,48.1,60.1,72.7
Fife School District (WA),3.5,2015-16,0.58,1055.0,54.0,190.02,21.0,Suburban,50.6,61.2,,
Fife School District (WA),4.01,2016-17,0.67,927.0,49.0,196.72,21.0,Suburban,45.9,59.5,,
Fife School District (WA),4.0,2017-18,0.67,960.0,50.0,201.22,21.0,Suburban,46.8,59.4,,
Fife School District (WA),4.0,2018-19,0.67,961.0,52.0,206.67,21.0,Suburban,53.4,52.6,,
Fife School District (WA),4.0,2019-20,0.57,977.0,52.0,208.36,21.0,Suburban,,,,
Fife School District (WA),4.5,2020-21,0.64,840.0,46.0,206.12,21.0,Suburban,36.3,51.4,,
Fife School District (WA),5.5,2021-22,0.79,689.0,36.0,200.18,21.0,Suburban,42.8,46.4,,
Fife School District (WA),5.5,2022-23,0.79,708.0,38.0,209.0,21.0,Suburban,43.6,46.3,,
Fife School District (WA),3.5,2023-24,0.5,1119.0,61.0,214.06,21.0,Suburban,41.0,41.8,64.2,74.7
Fife School District (WA),3.11,2024-25,0.44,1281.0,67.0,208.1,21.0,Suburban,42.8,46.3,64.0,72.2
Finley School District (WA),2.0,2015-16,0.67,456.0,27.0,54.19,22.0,Suburban,39.7,33.3,,
Finley School District (WA),2.0,2016-17,0.67,465.0,27.0,53.61,22.0,Suburban,27.8,28.8,,
Finley School District (WA),2.0,2017-18,0.67,461.0,27.0,53.61,22.0,Suburban,26.8,26.1,,
Finley School District (WA),1.0,2018-19,0.33,885.0,53.0,52.58,22.0,Suburban,32.8,50.0,,
Finley School District (WA),1.0,2019-20,0.33,914.0,54.0,53.6,22.0,Suburban,,,,
Finley School District (WA),1.0,2020-21,0.33,875.0,50.0,49.6,22.0,Suburban,44.1,32.2,,
Finley School District (WA),1.0,2021-22,0.33,880.0,52.0,51.6,22.0,Suburban,47.8,27.2,,
Finley School District (WA),1.0,2022-23,0.33,871.0,50.0,50.0,22.0,Suburban,24.2,21.3,,
Finley School District (WA),0.0,2023-24,,,,52.6,21.0,Suburban,21.4,18.0,47.1,53.9
Finley School District (WA),0.0,2024-25,,,,50.6,21.0,Suburban,23.6,26.7,45.5,63.3
Franklin Pierce School District (WA),9.0,2015-16,0.6,860.0,49.0,436.87,21.0,Suburban,50.7,53.3,,
Franklin Pierce School District (WA),9.0,2016-17,0.6,869.0,49.0,442.56,21.0,Suburban,47.4,52.8,,
Franklin Pierce School District (WA),9.0,2017-18,0.6,874.0,50.0,445.98,21.0,Suburban,47.6,46.2,,
Franklin Pierce School District (WA),9.0,2018-19,0.6,899.0,51.0,457.86,21.0,Suburban,49.5,47.6,,
Franklin Pierce School District (WA),9.0,2019-20,0.6,899.0,52.0,467.61,21.0,Suburban,,,,
Franklin Pierce School District (WA),8.0,2020-21,0.53,949.0,57.0,457.77,21.0,Suburban,30.2,40.3,,
Franklin Pierce School District (WA),7.0,2021-22,0.47,1078.0,63.0,438.63,21.0,Suburban,31.1,33.4,,
Franklin Pierce School District (WA),7.0,2022-23,0.47,1061.0,68.0,473.0,21.0,Suburban,37.1,32.1,,
Franklin Pierce School District (WA),8.0,2023-24,0.53,912.0,59.0,471.77,21.0,Suburban,38.6,30.6,59.2,56.7
Franklin Pierce School District (WA),8.0,2024-25,0.57,898.0,56.0,444.06,21.0,Suburban,35.8,28.6,59.0,57.8
Freeman School District (WA),0.0,2015-16,0.0,,,47.69,42.0,Distant Rural,66.1,77.3,,
Freeman School District (WA),0.0,2016-17,0.0,,,48.57,42.0,Distant Rural,69.1,61.6,,
Freeman School District (WA),0.0,2017-18,0.0,,,50.11,42.0,Distant Rural,69.1,82.9,,
Freeman School District (WA),0.0,2018-19,0.0,,,53.33,42.0,Distant Rural,67.1,73.6,,
Freeman School District (WA),0.0,2019-20,0.0,,,51.94,42.0,Distant Rural,,,,
Freeman School District (WA),0.0,2020-21,0.0,,,52.34,42.0,Distant Rural,57.9,59.7,,
Freeman School District (WA),0.0,2021-22,0.0,,,55.92,42.0,Distant Rural,67.2,64.5,,
Freeman School District (WA),0.0,2022-23,0.0,,,55.0,42.0,Distant Rural,66.7,52.5,,
Freeman School District (WA),0.0,2023-24,,,,55.06,42.0,Distant Rural,75.5,45.7,90.6,65.7
Freeman School District (WA),0.0,2024-25,,,,49.79,42.0,Distant Rural,70.7,48.5,93.1,88.2
Garfield School District (WA),0.5,2015-16,0.17,232.0,24.0,12.06,43.0,Distant Rural,,60.0,,
Garfield School District (WA),0.5,2016-17,0.17,232.0,22.0,11.18,43.0,Distant Rural,,,,
Garfield School District (WA),0.0,2017-18,0.0,,,12.46,43.0,Distant Rural,66.7,,,
Garfield School District (WA),0.0,2018-19,0.0,,,11.5,43.0,Distant Rural,,,,
Garfield School District (WA),0.0,2019-20,0.0,,,12.0,43.0,Distant Rural,,,,
Garfield School District (WA),0.0,2020-21,0.0,,,11.97,43.0,Distant Rural,,71.4,,
Garfield School District (WA),0.0,2021-22,0.0,,,11.85,43.0,Distant Rural,,57.1,,
Garfield School District (WA),0.0,2022-23,0.0,,,12.0,43.0,Distant Rural,,60.0,,
Garfield School District (WA),0.0,2023-24,,,,11.85,43.0,Distant Rural,,66.7,,91.7
Garfield School District (WA),0.0,2024-25,,,,11.69,43.0,Distant Rural,,,,
Glenwood School District (WA),0.0,2015-16,0.0,,,9.0,43.0,Distant Rural,,,,
Glenwood School District (WA),0.0,2016-17,0.0,,,9.3,43.0,Distant Rural,38.5,,,
Glenwood School District (WA),0.0,2017-18,0.0,,,9.3,43.0,Distant Rural,,,,
Glenwood School District (WA),0.0,2018-19,0.0,,,10.25,43.0,Distant Rural,,63.6,,
Glenwood School District (WA),0.0,2019-20,0.0,,,9.25,43.0,Distant Rural,,,,
Glenwood School District (WA),0.0,2020-21,0.0,,,9.66,43.0,Distant Rural,,,,
Glenwood School District (WA),0.0,2021-22,0.0,,,9.26,43.0,Distant Rural,,,,
Glenwood School District (WA),0.0,2022-23,0.0,,,9.0,43.0,Distant Rural,,,,
Glenwood School District (WA),0.0,2023-24,,,,10.28,43.0,Distant Rural,,,,
Glenwood School District (WA),0.0,2024-25,,,,9.04,43.0,Distant Rural,,,,
Goldendale School District (WA),0.17,2015-16,0.04,5553.0,311.0,52.89,33.0,Mid-size,47.0,59.2,,
Goldendale School District (WA),0.17,2016-17,0.04,5547.0,321.0,54.57,33.0,Mid-size,50.8,57.5,,
Goldendale School District (WA),0.17,2017-18,0.04,5747.0,317.0,53.95,33.0,Mid-size,30.2,47.9,,
Goldendale School District (WA),0.17,2018-19,0.04,5424.0,311.0,52.9,33.0,Mid-size,43.2,36.0,,
Goldendale School District (WA),0.17,2019-20,0.04,5529.0,286.0,48.63,33.0,Mid-size,,,,
Goldendale School District (WA),0.17,2020-21,0.03,12847.0,274.0,46.53,33.0,Mid-size,25.8,34.4,,
Goldendale School District (WA),0.17,2021-22,0.03,13406.0,535.0,90.97,33.0,Mid-size,20.6,32.8,,
Goldendale School District (WA),0.17,2022-23,0.03,17506.0,759.0,129.0,33.0,Mid-size,39.6,46.4,,
Goldendale School District (WA),0.17,2023-24,0.03,17306.0,724.0,123.0,43.0,Distant Rural,30.2,16.9,54.7,60.0
Goldendale School District (WA),0.17,2024-25,0.03,17724.0,707.0,120.13,13.0,Urban,44.3,33.3,62.3,58.0
Grand Coulee Dam School District (WA),0.0,2015-16,0.0,,,41.69,43.0,Distant Rural,35.7,44.4,,
Grand Coulee Dam School District (WA),0.0,2016-17,0.0,,,43.88,43.0,Distant Rural,31.9,36.2,,
Grand Coulee Dam School District (WA),0.0,2017-18,0.0,,,44.8,43.0,Distant Rural,29.0,50.0,,
Grand Coulee Dam School District (WA),0.0,2018-19,0.0,,,44.51,43.0,Distant Rural,37.5,38.5,,
Grand Coulee Dam School District (WA),0.0,2019-20,0.0,,,44.64,43.0,Distant Rural,,,,
Grand Coulee Dam School District (WA),0.0,2020-21,0.0,,,40.02,43.0,Distant Rural,19.1,22.2,,
Grand Coulee Dam School District (WA),0.0,2021-22,0.0,,,45.32,43.0,Distant Rural,15.2,17.0,,
Grand Coulee Dam School District (WA),0.0,2022-23,0.0,,,45.0,43.0,Distant Rural,20.7,35.1,,
Grand Coulee Dam School District (WA),0.0,2023-24,,,,45.59,43.0,Distant Rural,28.6,23.5,50.0,45.1
Grand Coulee Dam School District (WA),0.0,2024-25,,,,47.25,43.0,Distant Rural,15.9,26.8,43.2,51.8
Grandview School District (WA),4.0,2015-16,0.5,927.0,43.0,172.98,32.0,Mid-size,35.8,35.3,,
Grandview School District (WA),4.0,2016-17,0.5,933.0,46.0,184.07,32.0,Mid-size,35.6,32.5,,
Grandview School District (WA),4.0,2017-18,0.57,934.0,47.0,188.02,32.0,Mid-size,47.1,35.5,,
Grandview School District (WA),4.0,2018-19,0.57,935.0,48.0,190.04,32.0,Mid-size,39.6,36.4,,
Grandview School District (WA),4.0,2019-20,0.57,939.0,49.0,194.55,32.0,Mid-size,,,,
Grandview School District (WA),4.0,2020-21,0.57,909.0,48.0,192.28,32.0,Mid-size,29.0,26.3,,
Grandview School District (WA),5.0,2021-22,0.71,732.0,39.0,193.4,32.0,Mid-size,34.3,35.3,,
Grandview School District (WA),5.0,2022-23,0.71,724.0,40.0,202.0,32.0,Mid-size,28.8,36.6,,
Grandview School District (WA),5.0,2023-24,0.71,727.0,40.0,202.11,32.0,Mid-size,29.9,27.7,60.2,53.2
Grandview School District (WA),4.72,2024-25,0.67,759.0,40.0,187.28,32.0,Mid-size,36.1,30.5,55.8,55.9
Granger School District (WA),1.0,2015-16,0.33,1521.0,80.0,80.43,32.0,Mid-size,26.7,30.2,,
Granger School District (WA),1.0,2016-17,0.33,1517.0,82.0,81.96,32.0,Mid-size,25.0,31.9,,
Granger School District (WA),1.0,2017-18,0.33,1484.0,82.0,82.31,32.0,Mid-size,23.1,42.5,,
Granger School District (WA),1.0,2018-19,0.33,1558.0,83.0,83.36,32.0,Mid-size,26.7,53.9,,
Granger School District (WA),1.0,2019-20,0.33,1580.0,84.0,84.1,32.0,Mid-size,,,,
Granger School District (WA),1.0,2020-21,0.33,1449.0,88.0,88.48,32.0,Mid-size,16.1,22.7,,
Granger School District (WA),1.0,2021-22,0.33,1488.0,84.0,83.62,32.0,Mid-size,16.1,34.5,,
Granger School District (WA),1.0,2022-23,0.33,1501.0,86.0,86.0,32.0,Mid-size,17.5,29.1,,
Granger School District (WA),1.0,2023-24,0.33,1405.0,89.0,88.94,42.0,Distant Rural,11.2,26.7,27.1,52.6
Granger School District (WA),1.0,2024-25,0.33,1438.0,81.0,81.4,42.0,Distant Rural,12.0,32.8,30.0,55.2
Granite Falls School District (WA),1.0,2015-16,0.17,2061.0,109.0,108.7,31.0,Mid-size,48.8,66.1,,
Granite Falls School District (WA),1.0,2016-17,0.17,2058.0,110.0,109.53,31.0,Mid-size,52.7,48.8,,
Granite Falls School District (WA),1.0,2017-18,0.17,2033.0,116.0,115.97,31.0,Mid-size,43.0,48.3,,
Granite Falls School District (WA),1.0,2018-19,0.17,2102.0,107.0,107.19,31.0,Mid-size,42.6,39.2,,
Granite Falls School District (WA),0.0,2019-20,0.0,,,112.44,31.0,Mid-size,,,,
Granite Falls School District (WA),0.0,2020-21,0.0,,,114.87,31.0,Mid-size,39.4,39.3,,
Granite Falls School District (WA),0.0,2021-22,0.0,,,125.83,31.0,Mid-size,42.9,35.7,,
Granite Falls School District (WA),0.0,2022-23,0.0,,,137.0,31.0,Mid-size,37.1,32.5,,
Granite Falls School District (WA),0.0,2023-24,,,,121.34,31.0,Mid-size,33.7,33.9,62.1,55.9
Granite Falls School District (WA),0.0,2024-25,,,,128.94,31.0,Mid-size,35.7,33.6,56.6,59.2
Grapeview School District (WA),0.0,2015-16,0.0,,,12.01,42.0,Distant Rural,68.2,77.8,,
Grapeview School District (WA),0.0,2016-17,0.0,,,13.88,42.0,Distant Rural,53.8,63.2,,
Grapeview School District (WA),0.0,2017-18,0.0,,,12.01,42.0,Distant Rural,72.2,73.1,,
Grapeview School District (WA),0.0,2018-19,0.0,,,13.04,42.0,Distant Rural,63.2,55.6,,
Grapeview School District (WA),0.0,2019-20,0.0,,,14.07,42.0,Distant Rural,,,,
Grapeview School District (WA),0.0,2020-21,0.0,,,14.09,42.0,Distant Rural,55.6,75.0,,
Grapeview School District (WA),0.0,2021-22,0.0,,,17.36,42.0,Distant Rural,44.4,62.5,,
Grapeview School District (WA),0.0,2022-23,0.0,,,18.0,42.0,Distant Rural,75.0,57.6,,
Grapeview School District (WA),0.0,2023-24,,,,14.0,42.0,Distant Rural,55.0,69.7,70.0,87.9
Grapeview School District (WA),0.0,2024-25,,,,14.78,42.0,Distant Rural,47.6,56.0,76.2,96.0
Great Northern School District (WA),0.0,2015-16,0.0,,,3.5,41.0,Rural,,,,
Great Northern School District (WA),0.0,2016-17,0.0,,,1.5,41.0,Rural,50.0,,,
Great Northern School District (WA),0.0,2017-18,0.0,,,1.5,41.0,Rural,,,,
Great Northern School District (WA),0.0,2018-19,0.0,,,1.5,41.0,Rural,,,,
Great Northern School District (WA),0.0,2019-20,0.0,,,3.97,41.0,Rural,,,,
Great Northern School District (WA),0.0,2020-21,0.0,,,3.77,41.0,Rural,,,,
Great Northern School District (WA),0.0,2021-22,0.0,,,3.93,41.0,Rural,,,,
Great Northern School District (WA),0.0,2022-23,0.0,,,4.0,41.0,Rural,,,,
Great Northern School District (WA),0.0,2023-24,,,,3.91,41.0,Rural,,,,
Great Northern School District (WA),0.0,2024-25,,,,3.56,41.0,Rural,,,,
Green Mountain School District (WA),0.0,2015-16,0.0,,,9.73,42.0,Distant Rural,63.6,75.0,,
Green Mountain School District (WA),0.0,2016-17,0.0,,,9.72,42.0,Distant Rural,29.4,,,
Green Mountain School District (WA),0.0,2017-18,0.0,,,8.67,42.0,Distant Rural,60.0,52.4,,
Green Mountain School District (WA),0.0,2018-19,0.0,,,8.79,42.0,Distant Rural,58.8,58.8,,
Green Mountain School District (WA),0.73,2019-20,0.73,218.0,14.0,10.41,42.0,Distant Rural,,,,
Green Mountain School District (WA),0.0,2020-21,0.0,,,10.91,42.0,Distant Rural,55.6,66.7,,
Green Mountain School District (WA),0.0,2021-22,0.0,,,10.03,42.0,Distant Rural,,,,
Green Mountain School District (WA),0.0,2022-23,0.0,,,11.0,42.0,Distant Rural,40.0,,,
Green Mountain School District (WA),0.0,2023-24,,,,10.96,42.0,Distant Rural,52.6,66.7,68.4,80.0
Green Mountain School District (WA),0.0,2024-25,,,,10.96,42.0,Distant Rural,57.1,57.1,66.7,64.3
Griffin School District (WA),1.0,2015-16,1.0,663.0,33.0,32.65,22.0,Suburban,72.1,65.1,,
Griffin School District (WA),1.0,2016-17,1.0,647.0,34.0,34.16,22.0,Suburban,73.0,71.4,,
Griffin School District (WA),1.01,2017-18,1.01,651.0,34.0,34.74,22.0,Suburban,61.4,71.4,,
Griffin School District (WA),0.57,2018-19,0.57,1132.0,62.0,35.4,22.0,Suburban,69.9,77.3,,
Griffin School District (WA),0.5,2019-20,0.5,1288.0,72.0,35.79,22.0,Suburban,,,,
Griffin School District (WA),0.5,2020-21,0.5,1232.0,69.0,34.35,22.0,Suburban,53.8,51.8,,
Griffin School District (WA),0.96,2021-22,0.96,648.0,38.0,36.0,22.0,Suburban,33.3,52.4,,
Griffin School District (WA),0.0,2022-23,0.0,,,34.0,22.0,Suburban,54.7,73.3,,
Griffin School District (WA),0.0,2023-24,,,,35.68,22.0,Suburban,54.1,59.0,73.8,85.9
Griffin School District (WA),0.96,2024-25,0.96,609.0,35.0,33.12,22.0,Suburban,75.0,68.4,89.1,87.7
Harrington School District (WA),0.0,2015-16,0.0,,,12.43,43.0,Distant Rural,,,,
Harrington School District (WA),0.0,2016-17,0.0,,,12.4,43.0,Distant Rural,,72.7,,
Harrington School District (WA),0.0,2017-18,0.0,,,12.58,43.0,Distant Rural,20.0,60.0,,
Harrington School District (WA),0.0,2018-19,0.0,,,12.86,43.0,Distant Rural,,60.0,,
Harrington School District (WA),0.0,2019-20,0.0,,,13.9,43.0,Distant Rural,,,,
Harrington School District (WA),0.0,2020-21,0.0,,,13.87,43.0,Distant Rural,,,,
Harrington School District (WA),0.0,2021-22,0.0,,,13.51,43.0,Distant Rural,,40.0,,
Harrington School District (WA),0.0,2022-23,0.0,,,14.0,43.0,Distant Rural,,,,
Harrington School District (WA),0.0,2023-24,,,,14.26,43.0,Distant Rural,,,,
Harrington School District (WA),0.0,2024-25,,,,14.0,43.0,Distant Rural,54.6,30.0,63.6,50.0
Highland School District (WA),0.0,2015-16,0.0,,,70.34,41.0,Rural,51.1,39.5,,
Highland School District (WA),0.0,2016-17,0.0,,,73.4,41.0,Rural,45.7,30.4,,
Highland School District (WA),0.0,2017-18,0.0,,,71.03,41.0,Rural,48.3,42.4,,
Highland School District (WA),0.0,2018-19,0.0,,,63.66,41.0,Rural,55.2,44.7,,
Highland School District (WA),0.0,2019-20,0.0,,,65.68,41.0,Rural,,,,
Highland School District (WA),0.0,2020-21,0.0,,,61.47,41.0,Rural,31.6,42.4,,
Highland School District (WA),0.0,2021-22,0.0,,,60.56,41.0,Rural,39.3,41.8,,
Highland School District (WA),0.0,2022-23,0.0,,,62.0,41.0,Rural,38.4,51.0,,
Highland School District (WA),0.0,2023-24,,,,61.8,41.0,Rural,49.2,21.4,68.3,55.1
Highland School District (WA),0.0,2024-25,,,,55.85,41.0,Rural,46.7,41.0,73.3,62.7
Highline School District (WA),23.2,2015-16,0.54,842.0,47.0,1090.07,21.0,Suburban,43.2,48.0,,
Highline School District (WA),24.19,2016-17,0.56,814.0,43.0,1046.55,21.0,Suburban,42.7,43.1,,
Highline School District (WA),23.61,2017-18,0.59,829.0,44.0,1043.57,21.0,Suburban,42.8,50.5,,
Highline School District (WA),25.29,2018-19,0.63,760.0,40.0,1011.21,21.0,Suburban,41.6,50.5,,
Highline School District (WA),16.95,2019-20,0.41,1129.0,60.0,1014.19,21.0,Suburban,,,,
Highline School District (WA),17.65,2020-21,0.42,1056.0,58.0,1016.12,21.0,Suburban,26.3,32.8,,
Highline School District (WA),17.56,2021-22,0.41,1053.0,54.0,950.95,21.0,Suburban,28.9,35.6,,
Highline School District (WA),16.67,2022-23,0.39,1083.0,61.0,1010.0,21.0,Suburban,32.0,34.0,,
Highline School District (WA),16.69,2023-24,0.39,1068.0,62.0,1029.05,21.0,Suburban,33.5,32.0,53.2,53.9
Highline School District (WA),16.81,2024-25,0.39,1075.0,60.0,1011.41,21.0,Suburban,29.2,30.5,48.4,53.1
Hockinson School District (WA),1.0,2015-16,0.33,1874.0,96.0,96.0,41.0,Rural,64.6,65.6,,
Hockinson School District (WA),1.0,2016-17,0.33,1877.0,96.0,95.72,41.0,Rural,58.8,55.9,,
Hockinson School District (WA),1.4,2017-18,0.47,1394.0,73.0,102.26,41.0,Rural,66.7,68.7,,
Hockinson School District (WA),1.4,2018-19,0.47,1414.0,73.0,102.38,41.0,Rural,66.0,64.1,,
Hockinson School District (WA),1.4,2019-20,0.47,1437.0,74.0,103.86,41.0,Rural,,,,
Hockinson School District (WA),0.6,2020-21,0.2,3068.0,176.0,105.6,41.0,Rural,50.4,72.0,,
Hockinson School District (WA),0.0,2021-22,0.0,,,95.23,41.0,Rural,58.0,70.6,,
Hockinson School District (WA),0.0,2022-23,0.0,,,105.0,41.0,Rural,46.7,65.3,,
Hockinson School District (WA),0.0,2023-24,,,,108.4,41.0,Rural,53.0,69.9,70.2,85.3
Hockinson School District (WA),0.0,2024-25,,,,105.01,41.0,Rural,60.4,79.0,79.9,93.6
Hood Canal School District (WA),0.0,2015-16,0.0,,,20.79,42.0,Distant Rural,23.7,45.2,,
Hood Canal School District (WA),0.0,2016-17,0.0,,,24.01,42.0,Distant Rural,23.5,35.3,,
Hood Canal School District (WA),0.0,2017-18,0.0,,,25.0,42.0,Distant Rural,29.0,43.3,,
Hood Canal School District (WA),1.0,2018-19,0.5,303.0,24.0,24.03,42.0,Distant Rural,18.4,38.9,,
Hood Canal School District (WA),1.0,2019-20,0.5,335.0,25.0,25.25,42.0,Distant Rural,,,,
Hood Canal School District (WA),1.0,2020-21,1.0,313.0,26.0,25.98,42.0,Distant Rural,25.0,28.1,,
Hood Canal School District (WA),1.0,2021-22,1.0,314.0,21.0,20.93,42.0,Distant Rural,22.2,46.7,,
Hood Canal School District (WA),0.22,2022-23,0.22,1573.0,105.0,23.0,42.0,Distant Rural,20.0,28.6,,
Hood Canal School District (WA),1.0,2023-24,1.0,334.0,24.0,24.0,41.0,Rural,27.0,48.3,46.0,75.9
Hood Canal School District (WA),1.0,2024-25,1.0,337.0,24.0,24.2,41.0,Rural,38.9,50.0,55.6,78.6
Hoquiam School District (WA),0.0,2015-16,0.0,,,92.39,33.0,Mid-size,34.9,41.3,,
Hoquiam School District (WA),0.0,2016-17,0.0,,,95.07,33.0,Mid-size,28.2,32.3,,
Hoquiam School District (WA),0.0,2017-18,0.0,,,94.71,33.0,Mid-size,40.7,31.1,,
Hoquiam School District (WA),0.0,2018-19,0.0,,,91.75,33.0,Mid-size,39.5,41.5,,
Hoquiam School District (WA),0.0,2019-20,0.0,,,90.92,33.0,Mid-size,,,,
Hoquiam School District (WA),0.0,2020-21,0.0,,,86.88,33.0,Mid-size,39.3,43.9,,
Hoquiam School District (WA),0.0,2021-22,0.0,,,95.44,33.0,Mid-size,29.6,33.3,,
Hoquiam School District (WA),0.0,2022-23,0.0,,,97.0,33.0,Mid-size,26.1,24.1,,
Hoquiam School District (WA),0.0,2023-24,,,,98.07,33.0,Mid-size,22.8,25.7,51.8,50.7
Hoquiam School District (WA),0.0,2024-25,,,,88.55,33.0,Mid-size,26.6,22.4,44.3,51.2
Inchelium School District (WA),0.0,2015-16,0.0,,,19.0,43.0,Distant Rural,40.0,38.9,,
Inchelium School District (WA),0.0,2016-17,0.0,,,18.87,43.0,Distant Rural,43.5,38.1,,
Inchelium School District (WA),0.0,2017-18,0.0,,,19.81,43.0,Distant Rural,44.4,21.4,,
Inchelium School District (WA),0.0,2018-19,0.0,,,18.99,43.0,Distant Rural,40.0,26.7,,
Inchelium School District (WA),0.0,2019-20,0.0,,,18.0,43.0,Distant Rural,,,,
Inchelium School District (WA),0.0,2020-21,0.0,,,20.02,43.0,Distant Rural,23.5,27.8,,
Inchelium School District (WA),0.0,2021-22,0.0,,,18.01,43.0,Distant Rural,,20.0,,
Inchelium School District (WA),0.0,2022-23,0.0,,,18.0,43.0,Distant Rural,,35.7,,
Inchelium School District (WA),0.0,2023-24,,,,19.66,43.0,Distant Rural,26.7,15.8,46.7,63.2
Inchelium School District (WA),0.0,2024-25,,,,18.61,43.0,Distant Rural,,23.1,46.2,46.2
Index School District (WA),0.0,2015-16,0.0,,,3.46,42.0,Distant Rural,,,,
Index School District (WA),0.0,2016-17,0.0,,,3.55,42.0,Distant Rural,,,,
Index School District (WA),0.0,2017-18,0.0,,,3.51,42.0,Distant Rural,,,,
Index School District (WA),0.0,2018-19,0.0,,,3.28,42.0,Distant Rural,,,,
Index School District (WA),0.0,2019-20,0.0,,,3.35,42.0,Distant Rural,,,,
Index School District (WA),0.0,2020-21,0.0,,,2.26,42.0,Distant Rural,,,,
Index School District (WA),0.0,2021-22,0.0,,,2.5,42.0,Distant Rural,,,,
Index School District (WA),0.0,2022-23,0.0,,,2.0,42.0,Distant Rural,,,,
Index School District (WA),0.0,2023-24,,,,2.81,42.0,Distant Rural,,,,
Index School District (WA),0.0,2024-25,,,,3.01,42.0,Distant Rural,,,,
Issaquah School District (WA),24.7,2015-16,0.91,808.0,39.0,961.03,21.0,Suburban,77.8,80.4,,
Issaquah School District (WA),24.9,2016-17,0.92,825.0,40.0,995.73,21.0,Suburban,76.4,79.2,,
Issaquah School District (WA),25.2,2017-18,0.93,831.0,41.0,1032.56,21.0,Suburban,77.3,79.9,,
Issaquah School District (WA),25.6,2018-19,0.95,816.0,43.0,1091.8,21.0,Suburban,77.9,79.2,,
Issaquah School District (WA),19.84,2019-20,0.71,1077.0,56.0,1119.41,21.0,Suburban,,,,
Issaquah School District (WA),19.9,2020-21,0.71,1013.0,56.0,1120.44,21.0,Suburban,77.5,76.5,,
Issaquah School District (WA),20.77,2021-22,0.69,943.0,48.0,1005.89,21.0,Suburban,75.8,75.8,,
Issaquah School District (WA),21.91,2022-23,0.73,891.0,47.0,1028.0,21.0,Suburban,77.5,76.5,,
Issaquah School District (WA),22.0,2023-24,0.73,884.0,47.0,1043.48,21.0,Suburban,77.1,72.5,89.0,89.1
Issaquah School District (WA),21.41,2024-25,0.71,892.0,49.0,1041.64,21.0,Suburban,79.0,75.8,88.9,89.1
Kahlotus School District (WA),0.0,2015-16,0.0,,,9.98,43.0,Distant Rural,,,,
Kahlotus School District (WA),0.0,2016-17,0.0,,,9.51,43.0,Distant Rural,,,,
Kahlotus School District (WA),0.0,2017-18,0.0,,,9.51,43.0,Distant Rural,,,,
Kahlotus School District (WA),0.0,2018-19,0.0,,,9.78,43.0,Distant Rural,,,,
Kahlotus School District (WA),0.0,2019-20,0.0,,,10.33,43.0,Distant Rural,,,,
Kahlotus School District (WA),0.0,2020-21,0.0,,,9.67,43.0,Distant Rural,,,,
Kahlotus School District (WA),0.0,2021-22,0.0,,,8.72,43.0,Distant Rural,,,,
Kahlotus School District (WA),0.0,2022-23,0.0,,,10.0,43.0,Distant Rural,,,,
Kahlotus School District (WA),0.0,2023-24,,,,9.95,43.0,Distant Rural,,,,
Kahlotus School District (WA),0.0,2024-25,,,,10.95,43.0,Distant Rural,,,,
Kalama School District (WA),0.0,2015-16,-0.5,-925.0,-47.0,46.65,41.0,Rural,53.4,51.4,,
Kalama School District (WA),0.6,2016-17,0.3,1617.0,80.0,48.02,41.0,Rural,44.2,51.6,,
Kalama School District (WA),0.4,2017-18,0.2,2590.0,126.0,50.29,41.0,Rural,58.7,62.8,,
Kalama School District (WA),0.0,2018-19,0.0,,,53.42,41.0,Rural,53.2,60.8,,
Kalama School District (WA),0.0,2019-20,0.0,,,54.09,41.0,Rural,,,,
Kalama School District (WA),0.0,2020-21,0.0,,,53.96,41.0,Rural,40.7,60.2,,
Kalama School District (WA),0.0,2021-22,0.0,,,55.5,41.0,Rural,32.6,56.0,,
Kalama School District (WA),0.0,2022-23,0.0,,,74.0,41.0,Rural,38.9,48.8,,
Kalama School District (WA),0.0,2023-24,,,,64.14,41.0,Rural,53.1,32.2,74.5,71.2
Kalama School District (WA),0.0,2024-25,,,,88.14,41.0,Rural,58.1,28.3,79.7,56.7
Keller School District (WA),0.0,2015-16,0.0,,,3.0,43.0,Distant Rural,,,,
Keller School District (WA),0.0,2016-17,0.0,,,3.01,43.0,Distant Rural,,,,
Keller School District (WA),0.0,2017-18,0.0,,,3.01,43.0,Distant Rural,,,,
Keller School District (WA),0.0,2018-19,0.0,,,3.01,43.0,Distant Rural,,,,
Keller School District (WA),0.0,2019-20,0.0,,,3.02,43.0,Distant Rural,,,,
Keller School District (WA),0.0,2020-21,0.0,,,3.01,43.0,Distant Rural,,,,
Keller School District (WA),0.0,2021-22,0.0,,,3.0,43.0,Distant Rural,,,,
Keller School District (WA),0.0,2022-23,0.0,,,3.0,43.0,Distant Rural,,,,
Keller School District (WA),0.0,2023-24,,,,3.01,43.0,Distant Rural,,,,
Keller School District (WA),0.0,2024-25,,,,3.01,43.0,Distant Rural,,,,
Kelso School District (WA),8.1,2015-16,0.62,620.0,32.0,259.73,23.0,Suburban,53.0,60.9,,
Kelso School District (WA),8.21,2016-17,0.63,607.0,33.0,267.58,23.0,Suburban,52.2,57.3,,
Kelso School District (WA),7.91,2017-18,0.61,652.0,35.0,275.28,23.0,Suburban,49.4,58.0,,
Kelso School District (WA),7.73,2018-19,0.55,660.0,38.0,292.49,23.0,Suburban,47.3,53.4,,
Kelso School District (WA),5.64,2019-20,0.4,906.0,49.0,276.12,23.0,Suburban,,,,
Kelso School District (WA),4.83,2020-21,0.35,976.0,55.0,267.8,23.0,Suburban,39.8,43.6,,
Kelso School District (WA),3.33,2021-22,0.26,1439.0,78.0,259.18,23.0,Suburban,41.1,41.2,,
Kelso School District (WA),3.33,2022-23,0.26,1483.0,85.0,284.0,23.0,Suburban,41.6,39.7,,
Kelso School District (WA),3.33,2023-24,0.26,1486.0,90.0,299.54,13.0,Urban,43.6,38.1,64.8,65.4
Kelso School District (WA),0.0,2024-25,,,,275.38,13.0,Urban,42.6,40.9,64.0,65.8
Kennewick School District (WA),23.4,2015-16,0.84,760.0,38.0,893.77,13.0,Urban,54.8,53.9,,
Kennewick School District (WA),25.4,2016-17,0.85,715.0,38.0,963.47,13.0,Urban,54.7,50.3,,
Kennewick School District (WA),25.55,2017-18,0.85,726.0,38.0,979.45,13.0,Urban,57.3,51.2,,
Kennewick School District (WA),27.4,2018-19,0.86,715.0,38.0,1042.45,13.0,Urban,53.7,53.8,,
Kennewick School District (WA),27.4,2019-20,0.86,700.0,38.0,1037.61,13.0,Urban,,,,
Kennewick School District (WA),27.4,2020-21,0.86,671.0,38.0,1048.09,13.0,Urban,40.3,42.7,,
Kennewick School District (WA),24.0,2021-22,0.75,780.0,40.0,956.02,13.0,Urban,46.2,44.9,,
Kennewick School District (WA),25.09,2022-23,0.76,770.0,42.0,1047.0,13.0,Urban,41.2,43.9,,
Kennewick School District (WA),8.0,2023-24,0.24,2351.0,134.0,1071.82,13.0,Urban,44.4,41.1,65.7,66.3
Kennewick School District (WA),8.0,2024-25,0.24,2353.0,131.0,1047.97,13.0,Urban,45.0,44.5,64.3,69.0
Kent School District (WA),38.0,2015-16,0.88,730.0,38.0,1459.13,12.0,Urban,51.8,56.9,,
Kent School District (WA),38.23,2016-17,0.87,728.0,37.0,1433.3,12.0,Urban,53.0,56.8,,
Kent School District (WA),39.58,2017-18,0.9,697.0,37.0,1448.16,12.0,Urban,55.9,55.2,,
Kent School District (WA),40.58,2018-19,0.92,673.0,35.0,1414.04,12.0,Urban,51.0,51.6,,
Kent School District (WA),23.67,2019-20,0.54,1158.0,59.0,1396.13,12.0,Urban,,,,
Kent School District (WA),24.18,2020-21,0.55,1064.0,60.0,1444.29,12.0,Urban,39.4,51.5,,
Kent School District (WA),24.86,2021-22,0.57,1002.0,57.0,1413.96,12.0,Urban,43.7,47.4,,
Kent School District (WA),25.04,2022-23,0.56,1022.0,61.0,1517.0,12.0,Urban,42.8,41.9,,
Kent School District (WA),23.68,2023-24,0.51,1085.0,64.0,1511.19,12.0,Urban,39.8,42.0,58.6,65.2
Kent School District (WA),24.26,2024-25,0.53,1045.0,58.0,1411.3,12.0,Urban,41.4,42.3,58.3,63.4
Kettle Falls School District (WA),0.0,2015-16,0.0,,,47.5,42.0,Distant Rural,37.0,70.2,,
Kettle Falls School District (WA),0.0,2016-17,0.0,,,48.7,42.0,Distant Rural,37.7,64.3,,
Kettle Falls School District (WA),0.0,2017-18,0.0,,,51.57,42.0,Distant Rural,20.0,64.2,,
Kettle Falls School District (WA),0.0,2018-19,0.0,,,57.28,42.0,Distant Rural,43.1,62.3,,
Kettle Falls School District (WA),0.0,2019-20,0.0,,,60.28,42.0,Distant Rural,,,,
Kettle Falls School District (WA),0.0,2020-21,0.0,,,56.58,42.0,Distant Rural,29.2,50.0,,
Kettle Falls School District (WA),0.0,2021-22,0.0,,,56.33,42.0,Distant Rural,,52.7,,
Kettle Falls School District (WA),0.0,2022-23,0.0,,,58.0,42.0,Distant Rural,32.1,51.4,,
Kettle Falls School District (WA),0.0,2023-24,,,,59.4,42.0,Distant Rural,13.5,41.8,36.5,72.7
Kettle Falls School District (WA),0.0,2024-25,,,,61.67,42.0,Distant Rural,26.0,60.4,48.0,81.1
Kiona-Benton City School District (WA),1.0,2015-16,0.25,1481.0,86.0,85.61,31.0,Mid-size,27.2,41.4,,
Kiona-Benton City School District (WA),1.0,2016-17,0.25,1446.0,82.0,82.39,31.0,Mid-size,38.2,27.1,,
Kiona-Benton City School District (WA),1.0,2017-18,0.25,1474.0,84.0,83.75,31.0,Mid-size,32.5,25.5,,
Kiona-Benton City School District (WA),1.0,2018-19,0.25,1377.0,81.0,80.76,31.0,Mid-size,25.9,31.4,,
Kiona-Benton City School District (WA),0.4,2019-20,0.1,3570.0,201.0,80.22,31.0,Mid-size,,,,
Kiona-Benton City School District (WA),0.4,2020-21,0.1,3463.0,196.0,78.28,31.0,Mid-size,19.8,20.8,,
Kiona-Benton City School District (WA),0.4,2021-22,0.1,3543.0,196.0,78.2,31.0,Mid-size,18.4,18.9,,
Kiona-Benton City School District (WA),0.4,2022-23,0.13,3430.0,215.0,86.0,31.0,Mid-size,10.9,15.4,,
Kiona-Benton City School District (WA),0.0,2023-24,,,,82.13,42.0,Distant Rural,21.6,17.0,46.6,47.2
Kiona-Benton City School District (WA),0.0,2024-25,,,,83.42,42.0,Distant Rural,18.7,23.2,45.1,51.5
Kittitas School District (WA),1.0,2015-16,0.25,661.0,37.0,36.5,42.0,Distant Rural,58.0,60.3,,
Kittitas School District (WA),0.0,2016-17,0.0,,,38.5,42.0,Distant Rural,41.9,29.0,,
Kittitas School District (WA),0.0,2017-18,0.0,,,38.9,42.0,Distant Rural,48.9,37.3,,
Kittitas School District (WA),0.0,2018-19,0.0,,,41.0,42.0,Distant Rural,51.0,49.0,,
Kittitas School District (WA),0.0,2019-20,0.0,,,40.99,42.0,Distant Rural,,,,
Kittitas School District (WA),0.0,2020-21,0.0,,,39.31,42.0,Distant Rural,37.2,37.5,,
Kittitas School District (WA),0.0,2021-22,0.0,,,40.38,42.0,Distant Rural,42.9,28.9,,
Kittitas School District (WA),0.0,2022-23,0.0,,,36.0,42.0,Distant Rural,50.0,37.5,,
Kittitas School District (WA),0.0,2023-24,,,,35.95,42.0,Distant Rural,21.4,9.1,50.0,36.4
Kittitas School District (WA),0.0,2024-25,,,,36.46,42.0,Distant Rural,39.6,26.8,70.8,68.3
Klickitat School District (WA),0.0,2015-16,0.0,,,8.06,43.0,Distant Rural,,,,
Klickitat School District (WA),0.0,2016-17,0.0,,,8.29,43.0,Distant Rural,,,,
Klickitat School District (WA),0.0,2017-18,0.0,,,8.62,43.0,Distant Rural,,,,
Klickitat School District (WA),0.0,2018-19,0.0,,,8.33,43.0,Distant Rural,,,,
Klickitat School District (WA),0.0,2019-20,0.0,,,8.26,43.0,Distant Rural,,,,
Klickitat School District (WA),0.0,2020-21,0.0,,,7.64,43.0,Distant Rural,54.5,36.4,,
Klickitat School District (WA),0.0,2021-22,0.0,,,8.08,43.0,Distant Rural,27.3,45.5,,
Klickitat School District (WA),0.0,2022-23,0.0,,,7.0,43.0,Distant Rural,,,,
Klickitat School District (WA),0.0,2023-24,,,,8.5,43.0,Distant Rural,,,,
Klickitat School District (WA),0.0,2024-25,,,,5.62,43.0,Distant Rural,,,,
La Center School District (WA),1.0,2015-16,0.25,1647.0,87.0,86.82,31.0,Mid-size,49.5,74.0,,
La Center School District (WA),1.4,2016-17,0.35,1198.0,62.0,86.44,31.0,Mid-size,43.0,75.2,,
La Center School District (WA),1.49,2017-18,0.37,1151.0,61.0,90.5,31.0,Mid-size,50.4,66.7,,
La Center School District (WA),1.49,2018-19,0.37,1144.0,59.0,87.84,31.0,Mid-size,54.4,60.9,,
La Center School District (WA),0.0,2019-20,0.0,,,96.4,31.0,Mid-size,,,,
La Center School District (WA),0.83,2020-21,0.21,1898.0,110.0,91.49,31.0,Mid-size,39.5,46.9,,
La Center School District (WA),0.63,2021-22,0.16,2703.0,152.0,95.46,31.0,Mid-size,40.4,48.8,,
La Center School District (WA),0.55,2022-23,0.14,3216.0,173.0,95.0,41.0,Rural,45.3,57.0,,
La Center School District (WA),0.67,2023-24,0.17,2725.0,150.0,100.62,42.0,Distant Rural,30.6,47.4,61.2,73.7
La Center School District (WA),0.67,2024-25,0.17,2721.0,149.0,99.56,42.0,Distant Rural,52.9,47.6,73.5,76.2
La Conner School District (WA),0.64,2015-16,0.21,980.0,70.0,45.04,31.0,Mid-size,42.9,47.2,,
La Conner School District (WA),0.6,2016-17,0.2,960.0,68.0,40.56,31.0,Mid-size,35.4,54.7,,
La Conner School District (WA),0.6,2017-18,0.2,1010.0,68.0,41.0,31.0,Mid-size,41.3,55.1,,
La Conner School District (WA),0.59,2018-19,0.2,1120.0,75.0,44.1,31.0,Mid-size,48.7,40.8,,
La Conner School District (WA),0.59,2019-20,0.2,1124.0,75.0,44.1,31.0,Mid-size,,,,
La Conner School District (WA),0.78,2020-21,0.26,815.0,50.0,38.87,31.0,Mid-size,34.2,18.4,,
La Conner School District (WA),0.91,2021-22,0.3,619.0,48.0,44.06,31.0,Mid-size,26.3,28.6,,
La Conner School District (WA),0.0,2022-23,0.0,,,40.0,31.0,Mid-size,47.6,29.6,,
La Conner School District (WA),0.0,2023-24,,,,34.19,41.0,Rural,25.6,36.2,41.0,57.5
La Conner School District (WA),0.0,2024-25,,,,35.13,41.0,Rural,41.4,31.4,58.6,60.0
Lacrosse School District (WA),0.0,2015-16,0.0,,,12.39,43.0,Distant Rural,,,,
Lacrosse School District (WA),0.0,2016-17,0.0,,,12.5,43.0,Distant Rural,,,,
Lacrosse School District (WA),0.0,2017-18,0.0,,,11.38,43.0,Distant Rural,,,,
Lacrosse School District (WA),0.0,2018-19,0.0,,,11.62,43.0,Distant Rural,,,,
Lacrosse School District (WA),0.0,2019-20,0.0,,,11.85,43.0,Distant Rural,,,,
Lacrosse School District (WA),0.0,2020-21,0.0,,,12.42,43.0,Distant Rural,,,,
Lacrosse School District (WA),0.0,2021-22,0.0,,,13.59,43.0,Distant Rural,,,,
Lacrosse School District (WA),0.0,2022-23,0.0,,,12.0,43.0,Distant Rural,,,,
Lacrosse School District (WA),0.0,2023-24,,,,14.16,43.0,Distant Rural,,,,
Lacrosse School District (WA),0.0,2024-25,,,,13.22,43.0,Distant Rural,,,,
Lake Chelan School District (WA),1.0,2015-16,0.17,1440.0,86.0,85.57,41.0,Rural,49.1,52.4,,
Lake Chelan School District (WA),1.0,2016-17,0.17,1442.0,89.0,88.52,41.0,Rural,26.8,52.7,,
Lake Chelan School District (WA),1.0,2017-18,0.17,1439.0,89.0,88.55,41.0,Rural,39.5,55.5,,
Lake Chelan School District (WA),0.0,2018-19,0.0,,,86.42,41.0,Rural,43.0,64.0,,
Lake Chelan School District (WA),0.0,2019-20,0.0,,,88.13,41.0,Rural,,,,
Lake Chelan School District (WA),0.0,2020-21,0.0,,,81.11,41.0,Rural,29.5,42.6,,
Lake Chelan School District (WA),0.0,2021-22,0.0,,,85.2,41.0,Rural,25.9,41.9,,
Lake Chelan School District (WA),0.0,2022-23,0.0,,,84.0,41.0,Rural,30.5,44.2,,
Lake Chelan School District (WA),0.0,2023-24,,,,85.6,41.0,Rural,34.9,40.9,63.9,71.8
Lake Chelan School District (WA),0.0,2024-25,,,,78.91,41.0,Rural,28.4,64.7,48.7,84.9
Lake Quinault School District (WA),0.0,2015-16,0.0,,,13.0,43.0,Distant Rural,,18.2,,
Lake Quinault School District (WA),0.0,2016-17,0.0,,,13.87,43.0,Distant Rural,,,,
Lake Quinault School District (WA),0.0,2017-18,0.0,,,15.83,43.0,Distant Rural,27.8,25.0,,
Lake Quinault School District (WA),0.0,2018-19,0.0,,,14.85,43.0,Distant Rural,15.8,50.0,,
Lake Quinault School District (WA),0.0,2019-20,0.0,,,14.72,43.0,Distant Rural,,,,
Lake Quinault School District (WA),0.0,2020-21,0.0,,,13.98,43.0,Distant Rural,15.4,25.0,,
Lake Quinault School District (WA),0.0,2021-22,0.0,,,13.34,43.0,Distant Rural,15.4,30.8,,
Lake Quinault School District (WA),0.0,2022-23,0.0,,,15.0,43.0,Distant Rural,27.3,35.7,,
Lake Quinault School District (WA),0.0,2023-24,,,,15.17,43.0,Distant Rural,,,24.0,35.3
Lake Quinault School District (WA),0.0,2024-25,,,,15.4,43.0,Distant Rural,17.7,31.6,41.2,42.1
Lake Stevens School District (WA),6.2,2015-16,0.52,1384.0,65.0,400.56,22.0,Suburban,71.6,65.4,,
Lake Stevens School District (WA),6.22,2016-17,0.44,1422.0,67.0,415.55,22.0,Suburban,69.3,64.1,,
Lake Stevens School District (WA),6.0,2017-18,0.43,1473.0,73.0,435.8,22.0,Suburban,66.6,68.4,,
Lake Stevens School District (WA),5.81,2018-19,0.39,1582.0,80.0,464.24,22.0,Suburban,67.5,63.3,,
Lake Stevens School District (WA),5.44,2019-20,0.36,1766.0,87.0,472.29,22.0,Suburban,,,,
Lake Stevens School District (WA),5.68,2020-21,0.38,1598.0,85.0,485.58,22.0,Suburban,56.1,55.6,,
Lake Stevens School District (WA),5.68,2021-22,0.38,1682.0,78.0,444.95,22.0,Suburban,59.9,47.2,,
Lake Stevens School District (WA),5.68,2022-23,0.38,1705.0,89.0,504.0,22.0,Suburban,61.6,54.2,,
Lake Stevens School District (WA),5.68,2023-24,0.36,1723.0,89.0,502.92,22.0,Suburban,58.7,55.9,78.8,77.9
Lake Stevens School District (WA),3.03,2024-25,0.19,3339.0,173.0,524.48,22.0,Suburban,62.8,58.6,78.8,81.1
Lake Washington School District (WA),38.8,2015-16,0.73,719.0,38.0,1461.61,21.0,Suburban,80.9,81.7,,
Lake Washington School District (WA),38.96,2016-17,0.74,749.0,40.0,1542.28,21.0,Suburban,81.6,80.9,,
Lake Washington School District (WA),39.1,2017-18,0.74,760.0,41.0,1594.03,21.0,Suburban,82.3,82.3,,
Lake Washington School District (WA),41.0,2018-19,0.75,748.0,40.0,1659.9,21.0,Suburban,80.8,80.9,,
Lake Washington School District (WA),27.89,2019-20,0.5,1142.0,62.0,1728.32,21.0,Suburban,,,,
Lake Washington School District (WA),27.78,2020-21,0.49,1115.0,63.0,1760.29,21.0,Suburban,79.1,77.3,,
Lake Washington School District (WA),27.5,2021-22,0.47,1117.0,61.0,1669.9,21.0,Suburban,80.7,77.7,,
Lake Washington School District (WA),27.5,2022-23,0.47,1127.0,64.0,1758.0,21.0,Suburban,78.3,77.6,,
Lake Washington School District (WA),27.5,2023-24,0.48,1123.0,62.0,1691.39,21.0,Suburban,78.5,74.3,88.8,88.6
Lake Washington School District (WA),13.0,2024-25,0.23,2384.0,133.0,1729.88,21.0,Suburban,78.1,76.9,88.1,87.8
Lakewood School District (WA),3.8,2015-16,0.63,610.0,29.0,110.59,22.0,Suburban,51.9,65.3,,
Lakewood School District (WA),4.0,2016-17,0.67,603.0,27.0,108.85,22.0,Suburban,39.1,45.4,,
Lakewood School District (WA),4.0,2017-18,0.67,616.0,30.0,118.58,22.0,Suburban,42.0,56.2,,
Lakewood School District (WA),4.0,2018-19,0.67,634.0,31.0,123.37,22.0,Suburban,45.4,53.5,,
Lakewood School District (WA),1.0,2019-20,0.2,2614.0,136.0,136.26,22.0,Suburban,,,,
Lakewood School District (WA),1.0,2020-21,0.2,2495.0,134.0,133.84,22.0,Suburban,37.6,47.9,,
Lakewood School District (WA),1.0,2021-22,0.2,2644.0,134.0,134.35,22.0,Suburban,30.4,42.2,,
Lakewood School District (WA),1.0,2022-23,0.2,2627.0,140.0,140.0,22.0,Suburban,29.3,36.4,,
Lakewood School District (WA),1.0,2023-24,0.2,2671.0,153.0,152.93,22.0,Suburban,37.7,38.7,60.3,62.7
Lakewood School District (WA),1.0,2024-25,0.2,2713.0,148.0,148.46,22.0,Suburban,31.7,42.4,59.6,66.5
Lamont School District (WA),0.0,2015-16,0.0,,,3.76,43.0,Distant Rural,,,,
Lamont School District (WA),0.0,2016-17,0.0,,,3.58,43.0,Distant Rural,,,,
Lamont School District (WA),0.0,2017-18,0.0,,,3.51,43.0,Distant Rural,,33.3,,
Lamont School District (WA),0.0,2018-19,0.0,,,3.51,43.0,Distant Rural,,,,
Lamont School District (WA),0.0,2019-20,0.0,,,3.53,43.0,Distant Rural,,,,
Lamont School District (WA),0.0,2020-21,0.0,,,3.34,43.0,Distant Rural,,,,
Lamont School District (WA),0.0,2021-22,0.0,,,5.0,43.0,Distant Rural,,,,
Lamont School District (WA),0.0,2022-23,0.0,,,4.0,43.0,Distant Rural,,,,
Lamont School District (WA),0.0,2023-24,,,,4.0,43.0,Distant Rural,,,,
Lamont School District (WA),0.0,2024-25,,,,3.55,43.0,Distant Rural,,,,
Liberty School District (WA),0.0,2015-16,0.0,,,27.16,42.0,Distant Rural,65.0,57.1,,
Liberty School District (WA),0.0,2016-17,0.0,,,28.34,42.0,Distant Rural,66.7,64.3,,
Liberty School District (WA),0.0,2017-18,0.0,,,30.2,42.0,Distant Rural,76.3,62.8,,
Liberty School District (WA),0.0,2018-19,0.0,,,30.51,42.0,Distant Rural,78.9,71.1,,
Liberty School District (WA),0.0,2019-20,0.0,,,32.17,42.0,Distant Rural,,,,
Liberty School District (WA),0.0,2020-21,0.0,,,33.19,42.0,Distant Rural,70.0,66.7,,
Liberty School District (WA),0.0,2021-22,0.0,,,35.19,42.0,Distant Rural,60.5,53.5,,
Liberty School District (WA),0.0,2022-23,0.0,,,35.0,42.0,Distant Rural,60.4,51.1,,
Liberty School District (WA),0.0,2023-24,,,,37.03,42.0,Distant Rural,58.7,40.0,73.9,65.0
Liberty School District (WA),0.0,2024-25,,,,35.67,42.0,Distant Rural,54.6,46.7,72.7,75.6
Lind School District (WA),0.0,2015-16,0.0,,,16.99,43.0,Distant Rural,54.5,62.5,,
Lind School District (WA),0.0,2016-17,0.0,,,16.61,43.0,Distant Rural,21.1,53.8,,
Lind School District (WA),0.0,2017-18,0.0,,,15.79,43.0,Distant Rural,52.9,40.0,,
Lind School District (WA),0.0,2018-19,0.0,,,17.01,43.0,Distant Rural,50.0,46.7,,
Lind School District (WA),0.0,2019-20,0.0,,,17.02,43.0,Distant Rural,,,,
Lind School District (WA),0.0,2020-21,0.0,,,17.61,43.0,Distant Rural,35.3,46.7,,
Lind School District (WA),0.0,2021-22,0.0,,,17.99,43.0,Distant Rural,30.0,21.1,,
Lind School District (WA),0.0,2022-23,0.0,,,18.0,43.0,Distant Rural,37.5,28.6,,
Lind School District (WA),0.0,2023-24,,,,18.0,43.0,Distant Rural,25.0,50.0,50.0,68.8
Lind School District (WA),0.0,2024-25,,,,17.02,43.0,Distant Rural,46.7,25.0,53.3,55.0
Longview School District (WA),8.3,2015-16,0.49,828.0,44.0,366.51,13.0,Urban,43.6,45.8,,
Longview School District (WA),8.42,2016-17,0.5,811.0,44.0,371.9,13.0,Urban,39.3,52.9,,
Longview School District (WA),8.04,2017-18,0.47,840.0,46.0,373.77,13.0,Urban,38.9,50.3,,
Longview School District (WA),3.51,2018-19,0.21,1922.0,106.0,372.09,13.0,Urban,41.6,54.3,,
Longview School District (WA),3.44,2019-20,0.2,1951.0,109.0,375.46,13.0,Urban,,,,
Longview School District (WA),3.5,2020-21,0.19,1808.0,106.0,372.31,13.0,Urban,30.4,40.7,,
Longview School District (WA),3.5,2021-22,0.19,1798.0,98.0,343.65,13.0,Urban,33.0,44.6,,
Longview School District (WA),3.5,2022-23,0.19,1803.0,109.0,381.0,13.0,Urban,34.4,45.6,,
Longview School District (WA),2.5,2023-24,0.15,2551.0,145.0,361.87,13.0,Urban,39.4,48.0,60.2,72.0
Longview School District (WA),3.5,2024-25,0.21,1823.0,103.0,358.84,13.0,Urban,37.7,48.8,57.8,72.5
Loon Lake School District (WA),0.0,2015-16,0.0,,,9.5,42.0,Distant Rural,23.1,,,
Loon Lake School District (WA),0.0,2016-17,0.0,,,9.77,42.0,Distant Rural,43.8,,,
Loon Lake School District (WA),0.0,2017-18,0.0,,,9.41,42.0,Distant Rural,57.1,,,
Loon Lake School District (WA),0.0,2018-19,0.0,,,11.1,42.0,Distant Rural,39.1,,,
Loon Lake School District (WA),0.0,2019-20,0.0,,,10.58,42.0,Distant Rural,,,,
Loon Lake School District (WA),0.0,2020-21,0.0,,,12.04,42.0,Distant Rural,44.8,,,
Loon Lake School District (WA),0.0,2021-22,0.0,,,13.08,42.0,Distant Rural,46.2,,,
Loon Lake School District (WA),0.0,2022-23,0.0,,,12.0,42.0,Distant Rural,23.1,,,
Loon Lake School District (WA),0.0,2023-24,,,,12.85,42.0,Distant Rural,25.0,,60.0,
Loon Lake School District (WA),0.0,2024-25,,,,13.4,42.0,Distant Rural,46.2,,69.2,
Lopez School District (WA),0.0,2015-16,0.0,,,18.91,42.0,Distant Rural,25.0,85.7,,
Lopez School District (WA),0.0,2016-17,0.0,,,19.17,42.0,Distant Rural,21.4,,,
Lopez School District (WA),0.0,2017-18,0.0,,,19.57,42.0,Distant Rural,52.4,81.3,,
Lopez School District (WA),0.0,2018-19,0.0,,,19.6,42.0,Distant Rural,52.0,66.7,,
Lopez School District (WA),0.0,2019-20,0.0,,,19.68,42.0,Distant Rural,,,,
Lopez School District (WA),0.0,2020-21,0.0,,,17.4,42.0,Distant Rural,45.5,80.0,,
Lopez School District (WA),0.0,2021-22,0.0,,,18.2,42.0,Distant Rural,50.0,70.0,,
Lopez School District (WA),0.0,2022-23,0.0,,,14.0,42.0,Distant Rural,50.0,71.4,,
Lopez School District (WA),0.0,2023-24,,,,21.59,42.0,Distant Rural,,45.0,47.1,65.0
Lopez School District (WA),0.0,2024-25,,,,19.17,42.0,Distant Rural,,,,
Lyle School District (WA),0.0,2015-16,0.0,,,14.0,42.0,Distant Rural,50.0,41.2,,
Lyle School District (WA),0.0,2016-17,0.0,,,15.0,42.0,Distant Rural,35.3,15.4,,
Lyle School District (WA),0.0,2017-18,0.0,,,15.42,42.0,Distant Rural,27.8,40.0,,
Lyle School District (WA),0.0,2018-19,0.0,,,18.99,42.0,Distant Rural,47.4,36.4,,
Lyle School District (WA),0.0,2019-20,0.0,,,15.01,42.0,Distant Rural,,,,
Lyle School District (WA),0.0,2020-21,0.0,,,15.67,42.0,Distant Rural,18.8,31.8,,
Lyle School District (WA),0.0,2021-22,0.0,,,15.41,42.0,Distant Rural,13.3,,,
Lyle School District (WA),0.0,2022-23,0.0,,,16.0,42.0,Distant Rural,,35.7,,
Lyle School District (WA),0.0,2023-24,,,,18.0,42.0,Distant Rural,28.6,,50.0,45.5
Lyle School District (WA),0.0,2024-25,,,,16.0,42.0,Distant Rural,,30.0,,60.0
Lynden School District (WA),0.0,2015-16,0.0,,,150.93,31.0,Mid-size,69.4,67.4,,
Lynden School District (WA),0.0,2016-17,0.0,,,166.31,31.0,Mid-size,52.5,67.6,,
Lynden School District (WA),0.0,2017-18,0.0,,,173.26,31.0,Mid-size,57.5,59.0,,
Lynden School District (WA),0.0,2018-19,0.0,,,176.25,31.0,Mid-size,58.7,56.8,,
Lynden School District (WA),0.0,2019-20,0.0,,,189.04,31.0,Mid-size,,,,
Lynden School District (WA),0.0,2020-21,0.0,,,192.07,31.0,Mid-size,40.6,45.6,,
Lynden School District (WA),0.0,2021-22,0.0,,,180.71,31.0,Mid-size,38.1,51.4,,
Lynden School District (WA),0.0,2022-23,0.0,,,189.0,31.0,Mid-size,48.5,50.4,,
Lynden School District (WA),0.0,2023-24,,,,185.78,31.0,Mid-size,43.4,40.6,69.0,72.4
Lynden School District (WA),0.0,2024-25,,,,185.83,31.0,Mid-size,51.6,45.5,71.3,71.0
Mabton School District (WA),1.0,2015-16,0.5,958.0,54.0,54.03,41.0,Rural,8.9,18.0,,
Mabton School District (WA),1.0,2016-17,0.33,909.0,54.0,53.98,41.0,Rural,17.6,28.3,,
Mabton School District (WA),1.0,2017-18,0.33,890.0,55.0,54.74,41.0,Rural,21.9,27.9,,
Mabton School District (WA),1.0,2018-19,0.33,843.0,54.0,53.93,41.0,Rural,18.7,15.5,,
Mabton School District (WA),1.0,2019-20,0.33,869.0,51.0,50.8,41.0,Rural,,,,
Mabton School District (WA),1.0,2020-21,0.33,836.0,50.0,50.05,41.0,Rural,20.4,27.9,,
Mabton School District (WA),1.0,2021-22,0.33,814.0,46.0,45.91,41.0,Rural,28.8,20.0,,
Mabton School District (WA),1.0,2022-23,0.33,771.0,51.0,51.0,41.0,Rural,44.2,,,
Mabton School District (WA),1.0,2023-24,0.33,777.0,45.0,45.34,42.0,Distant Rural,23.0,11.9,42.6,44.8
Mabton School District (WA),1.0,2024-25,0.33,735.0,41.0,40.87,42.0,Distant Rural,15.9,27.5,29.6,54.9
Mansfield School District (WA),0.0,2015-16,0.0,,,12.44,43.0,Distant Rural,30.0,,,
Mansfield School District (WA),0.0,2016-17,0.0,,,11.94,43.0,Distant Rural,,,,
Mansfield School District (WA),0.0,2017-18,0.0,,,11.94,43.0,Distant Rural,,,,
Mansfield School District (WA),0.0,2018-19,0.0,,,11.93,43.0,Distant Rural,,,,
Mansfield School District (WA),0.0,2019-20,0.0,,,12.0,43.0,Distant Rural,,,,
Mansfield School District (WA),0.0,2020-21,0.0,,,12.0,43.0,Distant Rural,33.3,,,
Mansfield School District (WA),0.0,2021-22,0.0,,,9.92,43.0,Distant Rural,33.3,,,
Mansfield School District (WA),0.0,2022-23,0.0,,,11.0,43.0,Distant Rural,,,,
Mansfield School District (WA),0.0,2023-24,,,,12.0,43.0,Distant Rural,,,,
Mansfield School District (WA),0.0,2024-25,,,,11.12,43.0,Distant Rural,,40.0,,80.0
Manson School District (WA),0.0,2015-16,0.0,,,44.24,32.0,Mid-size,29.1,27.7,,
Manson School District (WA),0.0,2016-17,0.0,,,44.21,32.0,Mid-size,27.7,36.4,,
Manson School District (WA),0.0,2017-18,0.0,,,45.2,32.0,Mid-size,32.2,40.9,,
Manson School District (WA),0.0,2018-19,0.0,,,41.44,32.0,Mid-size,28.6,54.8,,
Manson School District (WA),0.0,2019-20,0.0,,,41.66,32.0,Mid-size,,,,
Manson School District (WA),0.0,2020-21,0.0,,,43.07,32.0,Mid-size,29.3,35.9,,
Manson School District (WA),0.0,2021-22,0.0,,,39.4,32.0,Mid-size,31.7,30.6,,
Manson School District (WA),0.0,2022-23,0.0,,,43.0,32.0,Mid-size,25.8,51.1,,
Manson School District (WA),0.0,2023-24,,,,43.68,32.0,Mid-size,45.1,32.0,74.5,58.0
Manson School District (WA),0.0,2024-25,,,,41.66,32.0,Mid-size,38.6,55.8,54.6,79.1
Mary M Knight School District (WA),0.0,2015-16,0.0,,,15.41,42.0,Distant Rural,,50.0,,
Mary M Knight School District (WA),0.0,2016-17,0.0,,,13.99,13.0,Urban,33.3,41.2,,
Mary M Knight School District (WA),0.0,2017-18,0.0,,,28.91,13.0,Urban,25.0,50.0,,
Mary M Knight School District (WA),0.0,2018-19,0.0,,,38.52,13.0,Urban,,20.0,,
Mary M Knight School District (WA),0.0,2019-20,0.0,,,46.64,13.0,Urban,,,,
Mary M Knight School District (WA),0.0,2020-21,0.0,,,44.96,13.0,Urban,33.3,33.5,,
Mary M Knight School District (WA),0.0,2021-22,0.0,,,43.09,13.0,Urban,27.8,12.5,,
Mary M Knight School District (WA),0.0,2022-23,0.0,,,53.0,13.0,Urban,,,,
Mary M Knight School District (WA),0.0,2023-24,,,,42.5,13.0,Urban,,18.8,27.8,43.8
Mary M Knight School District (WA),0.0,2024-25,,,,43.5,13.0,Urban,35.0,20.0,60.0,60.0
Mary Walker School District (WA),0.0,2015-16,0.0,,,29.97,42.0,Distant Rural,35.5,53.3,,
Mary Walker School District (WA),0.0,2016-17,0.0,,,30.98,42.0,Distant Rural,27.3,62.2,,
Mary Walker School District (WA),0.0,2017-18,0.0,,,31.0,42.0,Distant Rural,22.6,51.3,,
Mary Walker School District (WA),0.0,2018-19,0.0,,,29.0,42.0,Distant Rural,10.5,33.3,,
Mary Walker School District (WA),0.0,2019-20,0.0,,,26.64,42.0,Distant Rural,,,,
Mary Walker School District (WA),0.0,2020-21,0.0,,,22.49,42.0,Distant Rural,14.3,26.7,,
Mary Walker School District (WA),0.0,2021-22,0.0,,,25.44,42.0,Distant Rural,20.8,12.9,,
Mary Walker School District (WA),0.0,2022-23,0.0,,,29.0,42.0,Distant Rural,17.9,13.3,,
Mary Walker School District (WA),0.0,2023-24,,,,30.2,42.0,Distant Rural,15.2,27.0,34.8,54.1
Mary Walker School District (WA),0.0,2024-25,,,,31.9,42.0,Distant Rural,37.5,23.9,62.5,47.8
Marysville School District (WA),13.5,2015-16,0.48,833.0,42.0,567.56,22.0,Suburban,48.6,46.8,,
Marysville School District (WA),13.5,2016-17,0.5,832.0,41.0,557.29,22.0,Suburban,48.1,50.6,,
Marysville School District (WA),13.61,2017-18,0.57,819.0,36.0,491.23,22.0,Suburban,52.4,40.1,,
Marysville School District (WA),12.5,2018-19,0.54,896.0,48.0,595.53,22.0,Suburban,47.7,44.2,,
Marysville School District (WA),12.3,2019-20,0.53,893.0,48.0,595.76,22.0,Suburban,,,,
Marysville School District (WA),10.8,2020-21,0.47,956.0,53.0,574.49,22.0,Suburban,31.6,39.9,,
Marysville School District (WA),9.6,2021-22,0.42,1066.0,58.0,556.03,22.0,Suburban,33.7,33.0,,
Marysville School District (WA),10.6,2022-23,0.44,962.0,52.0,554.0,22.0,Suburban,38.9,37.5,,
Marysville School District (WA),12.2,2023-24,0.51,820.0,44.0,541.64,22.0,Suburban,36.3,34.9,59.1,59.1
Marysville School District (WA),7.32,2024-25,0.31,1333.0,71.0,520.19,22.0,Suburban,36.3,36.9,55.4,64.7
Mccleary School District (WA),0.0,2015-16,0.0,,,19.61,42.0,Distant Rural,59.0,47.4,,
Mccleary School District (WA),0.0,2016-17,0.0,,,20.42,42.0,Distant Rural,48.3,43.3,,
Mccleary School District (WA),0.0,2017-18,0.0,,,21.52,42.0,Distant Rural,45.7,65.4,,
Mccleary School District (WA),0.0,2018-19,0.0,,,19.15,42.0,Distant Rural,62.9,57.1,,
Mccleary School District (WA),0.0,2019-20,0.0,,,21.05,42.0,Distant Rural,,,,
Mccleary School District (WA),0.0,2020-21,0.0,,,19.14,42.0,Distant Rural,26.1,35.7,,
Mccleary School District (WA),0.0,2021-22,0.0,,,20.27,42.0,Distant Rural,28.6,41.7,,
Mccleary School District (WA),0.0,2022-23,0.0,,,22.0,42.0,Distant Rural,44.1,57.1,,
Mccleary School District (WA),0.0,2023-24,,,,19.88,42.0,Distant Rural,44.1,48.7,61.8,64.1
Mccleary School District (WA),0.0,2024-25,,,,22.0,42.0,Distant Rural,50.0,68.0,63.3,84.0
Mead School District (WA),6.43,2015-16,0.38,1535.0,77.0,497.86,21.0,Suburban,70.7,65.1,,
Mead School District (WA),6.11,2016-17,0.36,1654.0,81.0,492.21,21.0,Suburban,68.3,67.0,,
Mead School District (WA),9.0,2017-18,0.53,1153.0,58.0,517.92,21.0,Suburban,69.1,66.0,,
Mead School District (WA),4.2,2018-19,0.25,2551.0,132.0,554.08,21.0,Suburban,70.1,64.8,,
Mead School District (WA),0.0,2019-20,0.0,,,556.0,21.0,Suburban,,,,
Mead School District (WA),0.4,2020-21,0.03,25583.0,1389.0,555.42,21.0,Suburban,51.8,62.0,,
Mead School District (WA),1.0,2021-22,0.06,10141.0,536.0,536.33,21.0,Suburban,58.8,62.8,,
Mead School District (WA),0.5,2022-23,0.03,20640.0,1136.0,568.0,21.0,Suburban,60.4,53.8,,
Mead School District (WA),0.5,2023-24,0.03,20820.0,1164.0,581.77,21.0,Suburban,59.7,60.3,79.0,81.4
Mead School District (WA),0.0,2024-25,,,,574.06,21.0,Suburban,52.9,61.2,73.4,81.4
Medical Lake School District (WA),2.0,2015-16,0.4,955.0,51.0,102.36,31.0,Mid-size,68.1,70.1,,
Medical Lake School District (WA),2.0,2016-17,0.4,944.0,55.0,110.29,31.0,Mid-size,57.1,73.8,,
Medical Lake School District (WA),2.0,2017-18,0.4,945.0,56.0,111.31,31.0,Mid-size,60.0,74.4,,
Medical Lake School District (WA),2.78,2018-19,0.56,710.0,41.0,114.7,31.0,Mid-size,63.4,52.9,,
Medical Lake School District (WA),2.8,2019-20,0.56,714.0,41.0,113.98,31.0,Mid-size,,,,
Medical Lake School District (WA),2.5,2020-21,0.5,730.0,46.0,114.32,31.0,Mid-size,46.3,54.5,,
Medical Lake School District (WA),1.5,2021-22,0.3,1247.0,79.0,118.44,31.0,Mid-size,57.6,59.7,,
Medical Lake School District (WA),2.5,2022-23,0.63,759.0,46.0,114.0,31.0,Mid-size,49.7,62.0,,
Medical Lake School District (WA),2.5,2023-24,0.63,744.0,47.0,117.04,41.0,Rural,52.3,48.8,74.2,71.1
Medical Lake School District (WA),2.5,2024-25,0.63,737.0,45.0,113.14,41.0,Rural,56.8,46.3,72.9,75.2
Mercer Island School District (WA),4.2,2015-16,0.84,1060.0,53.0,224.42,21.0,Suburban,82.2,83.9,,
Mercer Island School District (WA),5.16,2016-17,0.86,871.0,45.0,229.7,21.0,Suburban,85.4,80.0,,
Mercer Island School District (WA),5.3,2017-18,0.88,855.0,45.0,237.0,21.0,Suburban,85.2,84.0,,
Mercer Island School District (WA),4.12,2018-19,0.69,1098.0,59.0,244.96,21.0,Suburban,82.9,80.8,,
Mercer Island School District (WA),4.99,2019-20,0.83,901.0,49.0,244.06,21.0,Suburban,,,,
Mercer Island School District (WA),5.0,2020-21,0.83,838.0,47.0,237.2,21.0,Suburban,85.7,83.7,,
Mercer Island School District (WA),5.15,2021-22,0.86,789.0,43.0,219.55,21.0,Suburban,83.4,82.4,,
Mercer Island School District (WA),4.4,2022-23,0.73,922.0,49.0,215.0,21.0,Suburban,89.1,79.4,,
Mercer Island School District (WA),3.61,2023-24,0.6,1101.0,60.0,217.29,21.0,Suburban,89.8,79.2,93.7,91.5
Mercer Island School District (WA),1.22,2024-25,0.2,3273.0,182.0,221.98,21.0,Suburban,82.3,80.4,92.2,89.4
Meridian School District (WA),0.0,2015-16,0.0,,,89.85,41.0,Rural,37.9,58.8,,
Meridian School District (WA),0.0,2016-17,0.0,,,85.11,41.0,Rural,54.7,43.2,,
Meridian School District (WA),0.0,2017-18,0.0,,,88.89,41.0,Rural,39.7,46.2,,
Meridian School District (WA),0.0,2018-19,0.0,,,89.87,41.0,Rural,42.3,53.8,,
Meridian School District (WA),0.0,2019-20,0.0,,,96.89,41.0,Rural,,,,
Meridian School District (WA),0.0,2020-21,0.0,,,92.32,41.0,Rural,31.9,44.7,,
Meridian School District (WA),0.0,2021-22,0.0,,,98.91,41.0,Rural,31.7,42.9,,
Meridian School District (WA),0.0,2022-23,0.0,,,103.0,41.0,Rural,37.8,52.8,,
Meridian School District (WA),0.0,2023-24,,,,105.42,41.0,Rural,35.7,49.6,58.7,74.8
Meridian School District (WA),0.0,2024-25,,,,103.18,41.0,Rural,39.1,51.2,59.1,71.2
Methow Valley School District (WA),0.0,2015-16,0.0,,,37.2,43.0,Distant Rural,50.0,70.3,,
Methow Valley School District (WA),0.0,2016-17,0.0,,,39.01,43.0,Distant Rural,61.4,71.1,,
Methow Valley School District (WA),0.0,2017-18,0.0,,,39.35,43.0,Distant Rural,60.5,79.3,,
Methow Valley School District (WA),0.0,2018-19,0.0,,,40.72,43.0,Distant Rural,60.0,57.1,,
Methow Valley School District (WA),0.0,2019-20,0.0,,,42.55,43.0,Distant Rural,,,,
Methow Valley School District (WA),0.0,2020-21,0.0,,,44.07,43.0,Distant Rural,50.7,54.0,,
Methow Valley School District (WA),0.0,2021-22,0.0,,,47.41,43.0,Distant Rural,41.5,42.0,,
Methow Valley School District (WA),0.98,2022-23,0.25,771.0,55.0,54.0,43.0,Distant Rural,32.1,46.6,,
Methow Valley School District (WA),1.0,2023-24,0.25,772.0,49.0,48.63,43.0,Distant Rural,47.8,62.7,69.6,81.4
Methow Valley School District (WA),1.0,2024-25,0.25,785.0,46.0,46.21,43.0,Distant Rural,52.2,49.1,70.2,66.7
Mill A School District (WA),0.0,2015-16,0.0,,,2.01,42.0,Distant Rural,,,,
Mill A School District (WA),0.0,2016-17,0.0,,,2.51,42.0,Distant Rural,,,,
Mill A School District (WA),0.0,2017-18,0.0,,,11.03,42.0,Distant Rural,,,,
Mill A School District (WA),0.0,2018-19,0.0,,,10.5,42.0,Distant Rural,,,,
Mill A School District (WA),0.0,2019-20,0.0,,,9.5,42.0,Distant Rural,,,,
Mill A School District (WA),0.0,2020-21,0.0,,,9.5,42.0,Distant Rural,,,,
Mill A School District (WA),0.0,2021-22,0.0,,,9.8,42.0,Distant Rural,,,,
Mill A School District (WA),0.0,2022-23,0.0,,,9.0,42.0,Distant Rural,,,,
Mill A School District (WA),0.0,2023-24,,,,9.7,42.0,Distant Rural,,,,
Mill A School District (WA),0.0,2024-25,,,,10.4,42.0,Distant Rural,,,,
Monroe School District (WA),7.8,2015-16,0.56,898.0,39.0,305.54,21.0,Suburban,52.9,63.1,,
Monroe School District (WA),8.0,2016-17,0.57,887.0,38.0,302.99,21.0,Suburban,53.8,51.3,,
Monroe School District (WA),6.01,2017-18,0.43,1159.0,52.0,309.88,21.0,Suburban,55.6,58.4,,
Monroe School District (WA),5.0,2018-19,0.36,1372.0,65.0,325.89,21.0,Suburban,51.5,62.2,,
Monroe School District (WA),1.94,2019-20,0.14,3518.0,166.0,322.25,21.0,Suburban,,,,
Monroe School District (WA),3.55,2020-21,0.25,1752.0,87.0,309.63,21.0,Suburban,36.8,39.9,,
Monroe School District (WA),2.5,2021-22,0.18,2416.0,118.0,296.17,21.0,Suburban,44.4,45.3,,
Monroe School District (WA),2.44,2022-23,0.2,2350.0,125.0,304.0,21.0,Suburban,52.1,43.3,,
Monroe School District (WA),1.5,2023-24,0.13,3781.0,207.0,309.96,31.0,Mid-size,47.5,40.1,66.1,67.2
Monroe School District (WA),1.0,2024-25,0.08,5874.0,308.0,307.64,31.0,Mid-size,53.2,49.3,70.4,73.0
Montesano School District (WA),1.0,2015-16,0.33,1384.0,70.0,70.01,32.0,Mid-size,59.5,63.2,,
Montesano School District (WA),1.0,2016-17,0.33,1400.0,74.0,73.61,32.0,Mid-size,58.6,63.5,,
Montesano School District (WA),1.0,2017-18,0.33,1398.0,77.0,76.98,32.0,Mid-size,61.5,53.0,,
Montesano School District (WA),1.0,2018-19,0.33,1439.0,80.0,79.55,32.0,Mid-size,56.1,55.0,,
Montesano School District (WA),1.0,2019-20,0.33,1467.0,80.0,79.67,32.0,Mid-size,,,,
Montesano School District (WA),1.0,2020-21,0.33,1403.0,80.0,79.98,32.0,Mid-size,51.0,50.4,,
Montesano School District (WA),1.0,2021-22,0.33,1389.0,79.0,78.69,32.0,Mid-size,45.1,54.1,,
Montesano School District (WA),1.0,2022-23,0.33,1430.0,83.0,83.0,32.0,Mid-size,54.1,46.7,,
Montesano School District (WA),0.98,2023-24,0.33,1471.0,84.0,82.72,32.0,Mid-size,56.2,53.2,79.8,77.8
Montesano School District (WA),1.0,2024-25,0.33,1433.0,77.0,76.95,32.0,Mid-size,49.0,48.8,75.5,72.7
Morton School District (WA),0.0,2015-16,0.0,,,18.0,43.0,Distant Rural,47.8,62.5,,
Morton School District (WA),0.0,2016-17,0.0,,,18.52,43.0,Distant Rural,56.5,48.1,,
Morton School District (WA),0.0,2017-18,0.0,,,19.51,43.0,Distant Rural,72.2,58.3,,
Morton School District (WA),0.0,2018-19,0.0,,,22.12,43.0,Distant Rural,50.0,34.5,,
Morton School District (WA),0.0,2019-20,0.0,,,22.63,43.0,Distant Rural,,,,
Morton School District (WA),0.0,2020-21,0.0,,,23.58,43.0,Distant Rural,33.3,57.6,,
Morton School District (WA),0.0,2021-22,0.0,,,23.78,43.0,Distant Rural,33.3,48.6,,
Morton School District (WA),0.0,2022-23,0.0,,,28.0,43.0,Distant Rural,41.9,52.0,,
Morton School District (WA),0.0,2023-24,,,,27.94,43.0,Distant Rural,42.4,38.2,66.7,64.7
Morton School District (WA),0.0,2024-25,,,,25.7,43.0,Distant Rural,39.3,45.8,64.3,79.2
Moses Lake School District (WA),3.0,2015-16,0.19,2799.0,143.0,429.73,33.0,Mid-size,39.9,51.7,,
Moses Lake School District (WA),3.0,2016-17,0.19,2891.0,149.0,445.96,33.0,Mid-size,41.6,42.9,,
Moses Lake School District (WA),3.0,2017-18,0.19,2914.0,151.0,453.61,33.0,Mid-size,42.3,52.5,,
Moses Lake School District (WA),2.87,2018-19,0.18,3072.0,155.0,445.48,33.0,Mid-size,44.1,46.4,,
Moses Lake School District (WA),1.0,2019-20,0.06,8882.0,435.0,435.22,33.0,Mid-size,,,,
Moses Lake School District (WA),1.0,2020-21,0.06,8283.0,465.0,465.38,33.0,Mid-size,31.1,32.0,,
Moses Lake School District (WA),1.0,2021-22,0.05,8578.0,449.0,449.07,33.0,Mid-size,37.0,34.8,,
Moses Lake School District (WA),0.0,2022-23,0.0,,,477.0,33.0,Mid-size,39.7,33.0,,
Moses Lake School District (WA),0.0,2023-24,,,,496.2,33.0,Mid-size,36.2,30.2,55.8,54.9
Moses Lake School District (WA),0.0,2024-25,,,,406.95,33.0,Mid-size,36.4,38.7,54.8,66.3
Mossyrock School District (WA),0.0,2015-16,0.0,,,32.57,43.0,Distant Rural,31.1,63.2,,
Mossyrock School District (WA),0.0,2016-17,0.0,,,31.98,43.0,Distant Rural,45.0,62.1,,
Mossyrock School District (WA),0.0,2017-18,0.0,,,31.02,43.0,Distant Rural,31.7,44.4,,
Mossyrock School District (WA),0.0,2018-19,0.0,,,32.01,43.0,Distant Rural,60.5,65.1,,
Mossyrock School District (WA),0.0,2019-20,0.0,,,37.13,43.0,Distant Rural,,,,
Mossyrock School District (WA),0.0,2020-21,0.0,,,35.96,43.0,Distant Rural,41.0,34.5,,
Mossyrock School District (WA),0.0,2021-22,0.0,,,35.52,43.0,Distant Rural,28.6,46.2,,
Mossyrock School District (WA),0.14,2022-23,0.05,4214.0,243.0,34.0,43.0,Distant Rural,26.8,37.5,,
Mossyrock School District (WA),0.0,2023-24,,,,36.78,42.0,Distant Rural,27.3,39.0,52.7,63.4
Mossyrock School District (WA),0.0,2024-25,,,,38.56,42.0,Distant Rural,27.7,50.0,55.3,76.1
Mount Adams School District (WA),1.0,2015-16,0.25,950.0,64.0,64.41,42.0,Distant Rural,21.3,15.6,,
Mount Adams School District (WA),1.0,2016-17,0.25,934.0,61.0,61.21,42.0,Distant Rural,18.7,19.0,,
Mount Adams School District (WA),1.0,2017-18,0.25,935.0,63.0,62.88,42.0,Distant Rural,22.5,23.9,,
Mount Adams School District (WA),1.0,2018-19,0.33,918.0,64.0,64.02,42.0,Distant Rural,11.9,14.5,,
Mount Adams School District (WA),1.0,2019-20,0.33,911.0,63.0,62.7,42.0,Distant Rural,,,,
Mount Adams School District (WA),0.0,2020-21,0.0,,,53.27,42.0,Distant Rural,,18.8,,
Mount Adams School District (WA),0.0,2021-22,,,,0.0,42.0,Distant Rural,,23.8,,
Mount Adams School District (WA),0.0,2022-23,0.0,,,61.0,42.0,Distant Rural,7.0,13.0,,
Mount Adams School District (WA),0.0,2023-24,,,,66.72,42.0,Distant Rural,,18.8,14.1,37.5
Mount Adams School District (WA),0.0,2024-25,,,,65.03,42.0,Distant Rural,8.5,9.9,28.8,26.8
Mount Baker School District (WA),1.0,2015-16,0.14,1933.0,114.0,113.84,41.0,Rural,34.9,65.5,,
Mount Baker School District (WA),1.0,2016-17,0.14,1936.0,115.0,114.62,41.0,Rural,41.6,53.8,,
Mount Baker School District (WA),1.0,2017-18,0.14,1873.0,108.0,108.27,41.0,Rural,40.3,57.0,,
Mount Baker School District (WA),1.1,2018-19,0.16,1736.0,105.0,115.55,41.0,Rural,48.8,47.4,,
Mount Baker School District (WA),1.1,2019-20,0.16,1685.0,104.0,113.97,41.0,Rural,,,,
Mount Baker School District (WA),1.19,2020-21,0.17,1453.0,96.0,114.69,41.0,Rural,30.6,18.4,,
Mount Baker School District (WA),1.5,2021-22,0.21,1129.0,81.0,121.99,42.0,Distant Rural,27.5,41.0,,
Mount Baker School District (WA),1.5,2022-23,0.21,1128.0,72.0,108.0,42.0,Distant Rural,37.2,26.8,,
Mount Baker School District (WA),1.33,2023-24,0.19,1208.0,74.0,97.92,42.0,Distant Rural,44.3,42.2,60.4,63.7
Mount Baker School District (WA),1.32,2024-25,0.19,1197.0,70.0,91.74,42.0,Distant Rural,35.7,25.6,55.4,51.3
Mount Pleasant School District (WA),0.0,2015-16,0.0,,,4.24,41.0,Rural,,,,
Mount Pleasant School District (WA),0.0,2016-17,0.0,,,4.56,41.0,Rural,,,,
Mount Pleasant School District (WA),0.0,2017-18,0.0,,,4.66,41.0,Rural,,,,
Mount Pleasant School District (WA),0.0,2018-19,0.0,,,4.66,41.0,Rural,,,,
Mount Pleasant School District (WA),0.0,2019-20,0.0,,,4.88,41.0,Rural,,,,
Mount Pleasant School District (WA),0.0,2020-21,0.0,,,4.88,41.0,Rural,,,,
Mount Pleasant School District (WA),0.0,2021-22,0.0,,,5.37,41.0,Rural,,,,
Mount Pleasant School District (WA),0.0,2022-23,0.0,,,5.0,41.0,Rural,,,,
Mount Pleasant School District (WA),0.0,2023-24,,,,5.01,41.0,Rural,,,,
Mount Pleasant School District (WA),0.0,2024-25,,,,5.01,41.0,Rural,,,,
Mount Vernon School District (WA),8.0,2015-16,0.67,848.0,46.0,367.53,13.0,Urban,44.6,40.0,,
Mount Vernon School District (WA),8.02,2016-17,0.62,844.0,49.0,389.69,13.0,Urban,43.4,41.0,,
Mount Vernon School District (WA),8.0,2017-18,0.62,864.0,50.0,398.16,13.0,Urban,48.3,43.0,,
Mount Vernon School District (WA),8.01,2018-19,0.62,862.0,51.0,408.46,13.0,Urban,47.4,40.0,,
Mount Vernon School District (WA),8.52,2019-20,0.66,809.0,47.0,396.86,13.0,Urban,,,,
Mount Vernon School District (WA),8.06,2020-21,0.58,818.0,50.0,406.13,13.0,Urban,27.7,38.4,,
Mount Vernon School District (WA),8.0,2021-22,0.57,833.0,48.0,380.35,13.0,Urban,40.6,28.0,,
Mount Vernon School District (WA),8.0,2022-23,0.57,818.0,52.0,416.0,13.0,Urban,34.4,31.2,,
Mount Vernon School District (WA),7.8,2023-24,0.56,826.0,51.0,397.72,13.0,Urban,33.5,32.4,55.1,55.8
Mount Vernon School District (WA),8.0,2024-25,0.57,791.0,47.0,375.7,13.0,Urban,28.0,32.0,53.5,57.9
Mukilteo School District (WA),11.5,2015-16,0.55,1335.0,69.0,788.4,21.0,Suburban,57.3,62.6,,
Mukilteo School District (WA),18.0,2016-17,0.82,864.0,44.0,795.9,21.0,Suburban,52.8,63.3,,
Mukilteo School District (WA),18.0,2017-18,0.75,861.0,49.0,878.57,21.0,Suburban,56.7,58.4,,
Mukilteo School District (WA),18.0,2018-19,0.75,885.0,49.0,886.53,21.0,Suburban,52.9,57.0,,
Mukilteo School District (WA),13.95,2019-20,0.58,1152.0,67.0,935.66,21.0,Suburban,,,,
Mukilteo School District (WA),14.12,2020-21,0.59,1081.0,66.0,931.15,21.0,Suburban,42.7,45.0,,
Mukilteo School District (WA),14.81,2021-22,0.59,1013.0,60.0,896.0,21.0,Suburban,45.1,52.0,,
Mukilteo School District (WA),14.81,2022-23,0.59,1022.0,62.0,911.0,21.0,Suburban,42.9,47.7,,
Mukilteo School District (WA),12.02,2023-24,0.5,1270.0,73.0,883.1,21.0,Suburban,42.5,50.2,63.9,72.7
Mukilteo School District (WA),12.02,2024-25,0.5,1262.0,74.0,889.28,21.0,Suburban,41.8,44.5,62.0,66.5
Naches Valley School District (WA),1.0,2015-16,0.25,1342.0,74.0,74.02,22.0,Suburban,57.0,58.8,,
Naches Valley School District (WA),1.0,2016-17,0.33,1353.0,78.0,77.8,41.0,Rural,44.2,61.0,,
Naches Valley School District (WA),1.0,2017-18,0.33,1314.0,80.0,80.22,41.0,Rural,58.3,57.6,,
Naches Valley School District (WA),1.0,2018-19,0.33,1275.0,80.0,80.44,41.0,Rural,58.9,57.3,,
Naches Valley School District (WA),0.0,2019-20,0.0,,,75.71,41.0,Rural,,,,
Naches Valley School District (WA),0.0,2020-21,0.0,,,74.09,41.0,Rural,54.7,46.6,,
Naches Valley School District (WA),0.0,2021-22,0.0,,,80.93,41.0,Rural,50.5,40.0,,
Naches Valley School District (WA),0.0,2022-23,0.0,,,83.0,41.0,Rural,56.3,49.5,,
Naches Valley School District (WA),0.0,2023-24,,,,78.69,41.0,Rural,52.4,42.1,71.4,74.7
Naches Valley School District (WA),0.0,2024-25,,,,75.88,41.0,Rural,50.0,41.6,71.4,61.1
Napavine School District (WA),0.0,2015-16,0.0,,,45.86,32.0,Mid-size,56.3,69.0,,
Napavine School District (WA),0.0,2016-17,0.0,,,46.72,32.0,Mid-size,53.1,46.0,,
Napavine School District (WA),0.0,2017-18,0.0,,,47.03,32.0,Mid-size,73.8,65.6,,
Napavine School District (WA),0.0,2018-19,0.0,,,48.87,32.0,Mid-size,59.2,60.6,,
Napavine School District (WA),0.0,2019-20,0.0,,,46.08,32.0,Mid-size,,,,
Napavine School District (WA),0.0,2020-21,0.0,,,50.23,41.0,Rural,42.9,57.0,,
Napavine School District (WA),0.0,2021-22,0.0,,,46.41,41.0,Rural,45.3,52.5,,
Napavine School District (WA),0.0,2022-23,0.0,,,48.0,41.0,Rural,24.1,29.4,,
Napavine School District (WA),0.0,2023-24,,,,44.81,32.0,Mid-size,50.0,21.9,73.3,59.4
Napavine School District (WA),0.0,2024-25,,,,47.15,32.0,Mid-size,36.8,41.4,61.4,72.9
Naselle-Grays River Valley School District (WA),0.0,2015-16,0.0,,,24.89,43.0,Distant Rural,54.5,57.1,,
Naselle-Grays River Valley School District (WA),0.0,2016-17,0.0,,,22.99,43.0,Distant Rural,57.7,63.2,,
Naselle-Grays River Valley School District (WA),0.0,2017-18,0.0,,,24.27,43.0,Distant Rural,75.0,56.5,,
Naselle-Grays River Valley School District (WA),0.0,2018-19,0.0,,,25.65,43.0,Distant Rural,88.5,83.3,,
Naselle-Grays River Valley School District (WA),0.0,2019-20,0.0,,,25.68,43.0,Distant Rural,,,,
Naselle-Grays River Valley School District (WA),0.0,2020-21,0.0,,,25.98,43.0,Distant Rural,52.4,40.0,,
Naselle-Grays River Valley School District (WA),0.0,2021-22,0.0,,,29.0,43.0,Distant Rural,31.8,38.2,,
Naselle-Grays River Valley School District (WA),0.0,2022-23,0.0,,,21.0,43.0,Distant Rural,29.2,76.7,,
Naselle-Grays River Valley School District (WA),0.0,2023-24,,,,21.29,43.0,Distant Rural,38.1,58.6,42.9,86.2
Naselle-Grays River Valley School District (WA),0.0,2024-25,,,,18.96,43.0,Distant Rural,43.5,48.5,73.9,66.7
Nespelem School District #14 (WA),0.0,2015-16,0.0,,,9.0,43.0,Distant Rural,20.0,38.5,,
Nespelem School District #14 (WA),0.0,2016-17,0.0,,,10.87,43.0,Distant Rural,23.1,21.4,,
Nespelem School District #14 (WA),0.0,2017-18,0.0,,,9.0,43.0,Distant Rural,,,,
Nespelem School District #14 (WA),1.0,2018-19,1.0,160.0,9.0,9.0,43.0,Distant Rural,,,,
Nespelem School District #14 (WA),1.0,2019-20,1.0,157.0,10.0,10.0,43.0,Distant Rural,,,,
Nespelem School District #14 (WA),0.0,2020-21,0.0,,,8.26,43.0,Distant Rural,,,,
Nespelem School District #14 (WA),0.0,2021-22,0.0,,,10.0,43.0,Distant Rural,,,,
Nespelem School District #14 (WA),0.0,2022-23,0.0,,,12.0,43.0,Distant Rural,,,,
Nespelem School District #14 (WA),0.0,2023-24,,,,11.41,43.0,Distant Rural,,,,
Nespelem School District #14 (WA),0.0,2024-25,,,,13.16,43.0,Distant Rural,,,,
Newport School District (WA),0.0,2015-16,0.0,,,64.7,32.0,Mid-size,72.3,47.6,,
Newport School District (WA),0.0,2016-17,0.0,,,66.12,32.0,Mid-size,48.7,56.0,,
Newport School District (WA),0.0,2017-18,0.0,,,67.0,32.0,Mid-size,62.1,53.4,,
Newport School District (WA),0.0,2018-19,0.0,,,70.83,32.0,Mid-size,54.9,44.8,,
Newport School District (WA),0.0,2019-20,0.0,,,69.51,32.0,Mid-size,,,,
Newport School District (WA),0.0,2020-21,0.0,,,69.81,32.0,Mid-size,46.5,39.2,,
Newport School District (WA),0.0,2021-22,0.0,,,74.37,32.0,Mid-size,37.8,41.3,,
Newport School District (WA),0.0,2022-23,0.0,,,72.0,32.0,Mid-size,42.3,42.7,,
Newport School District (WA),0.0,2023-24,,,,73.13,43.0,Distant Rural,31.8,27.4,51.8,58.5
Newport School District (WA),0.0,2024-25,,,,76.99,43.0,Distant Rural,55.8,33.8,80.2,64.9
Nine Mile Falls School District (WA),0.16,2015-16,0.03,9056.0,518.0,82.8,31.0,Mid-size,68.4,69.0,,
Nine Mile Falls School District (WA),0.37,2016-17,0.07,3903.0,227.0,84.1,31.0,Mid-size,59.6,55.2,,
Nine Mile Falls School District (WA),0.37,2017-18,0.07,3862.0,228.0,84.21,31.0,Mid-size,47.7,55.6,,
Nine Mile Falls School District (WA),1.0,2018-19,0.2,1406.0,85.0,85.26,31.0,Mid-size,54.7,61.6,,
Nine Mile Falls School District (WA),0.0,2019-20,0.0,,,86.76,31.0,Mid-size,,,,
Nine Mile Falls School District (WA),0.0,2020-21,0.0,,,83.67,31.0,Mid-size,55.8,50.0,,
Nine Mile Falls School District (WA),0.0,2021-22,0.0,,,90.28,31.0,Mid-size,51.4,70.6,,
Nine Mile Falls School District (WA),0.0,2022-23,0.0,,,88.0,31.0,Mid-size,44.9,71.5,,
Nine Mile Falls School District (WA),0.0,2023-24,,,,88.21,41.0,Rural,51.9,62.9,81.7,84.8
Nine Mile Falls School District (WA),0.0,2024-25,,,,86.54,41.0,Rural,57.3,59.4,76.1,79.2
Nooksack Valley School District (WA),0.0,2015-16,0.0,,,94.02,41.0,Rural,60.2,69.4,,
Nooksack Valley School District (WA),0.0,2016-17,0.0,,,98.3,41.0,Rural,62.4,57.3,,
Nooksack Valley School District (WA),0.0,2017-18,0.0,,,110.11,41.0,Rural,75.2,63.6,,
Nooksack Valley School District (WA),0.0,2018-19,0.0,,,110.6,41.0,Rural,57.2,70.0,,
Nooksack Valley School District (WA),0.0,2019-20,0.0,,,118.71,41.0,Rural,,,,
Nooksack Valley School District (WA),0.0,2020-21,0.0,,,119.2,41.0,Rural,37.3,52.3,,
Nooksack Valley School District (WA),0.0,2021-22,0.0,,,109.81,41.0,Rural,41.5,45.9,,
Nooksack Valley School District (WA),0.0,2022-23,0.0,,,127.0,41.0,Rural,47.0,44.3,,
Nooksack Valley School District (WA),0.0,2023-24,,,,121.99,42.0,Distant Rural,46.1,47.7,66.5,75.8
Nooksack Valley School District (WA),0.0,2024-25,,,,117.22,42.0,Distant Rural,53.7,47.9,77.9,69.7
North Beach School District (WA),0.0,2015-16,0.0,,,38.94,41.0,Rural,58.3,44.2,,
North Beach School District (WA),0.0,2016-17,0.0,,,39.23,41.0,Rural,41.3,36.5,,
North Beach School District (WA),0.0,2017-18,0.0,,,37.04,41.0,Rural,56.0,19.6,,
North Beach School District (WA),0.0,2018-19,0.0,,,37.21,41.0,Rural,41.3,40.4,,
North Beach School District (WA),0.0,2019-20,0.0,,,46.04,41.0,Rural,,,,
North Beach School District (WA),0.0,2020-21,0.0,,,47.28,41.0,Rural,37.3,45.2,,
North Beach School District (WA),0.0,2021-22,0.0,,,49.76,41.0,Rural,23.7,42.6,,
North Beach School District (WA),0.0,2022-23,0.0,,,47.0,41.0,Rural,28.6,35.0,,
North Beach School District (WA),0.0,2023-24,,,,45.96,33.0,Mid-size,54.8,43.1,71.0,67.2
North Beach School District (WA),0.0,2024-25,,,,45.7,33.0,Mid-size,38.7,15.4,67.7,46.2
North Franklin School District (WA),2.5,2015-16,0.31,846.0,50.0,124.13,41.0,Rural,30.1,42.7,,
North Franklin School District (WA),2.5,2016-17,0.31,864.0,51.0,126.76,41.0,Rural,24.4,48.7,,
North Franklin School District (WA),2.5,2017-18,0.28,876.0,52.0,131.14,41.0,Rural,31.5,42.0,,
North Franklin School District (WA),2.5,2018-19,0.28,876.0,51.0,128.07,41.0,Rural,22.5,42.5,,
North Franklin School District (WA),2.5,2019-20,0.28,867.0,50.0,123.9,41.0,Rural,,,,
North Franklin School District (WA),2.5,2020-21,0.28,826.0,47.0,116.71,41.0,Rural,29.9,33.8,,
North Franklin School District (WA),2.5,2021-22,0.28,828.0,50.0,125.0,41.0,Rural,31.1,24.8,,
North Franklin School District (WA),2.5,2022-23,0.28,815.0,53.0,133.0,41.0,Rural,32.9,24.5,,
North Franklin School District (WA),2.5,2023-24,0.28,830.0,52.0,129.81,32.0,Mid-size,35.0,34.2,60.6,67.1
North Franklin School District (WA),2.5,2024-25,0.28,831.0,49.0,122.52,32.0,Mid-size,31.8,36.0,58.9,60.3
North Kitsap School District (WA),8.83,2015-16,0.68,694.0,36.0,319.91,22.0,Suburban,63.9,63.3,,
North Kitsap School District (WA),9.6,2016-17,0.74,621.0,34.0,325.52,22.0,Suburban,64.2,61.1,,
North Kitsap School District (WA),8.6,2017-18,0.66,697.0,36.0,308.13,22.0,Suburban,60.0,58.6,,
North Kitsap School District (WA),9.63,2018-19,0.69,623.0,33.0,313.06,22.0,Suburban,63.6,59.1,,
North Kitsap School District (WA),7.6,2019-20,0.54,799.0,40.0,305.08,22.0,Suburban,,,,
North Kitsap School District (WA),7.2,2020-21,0.51,759.0,40.0,290.33,22.0,Suburban,52.3,50.9,,
North Kitsap School District (WA),9.6,2021-22,0.69,569.0,31.0,300.07,22.0,Suburban,55.5,48.6,,
North Kitsap School District (WA),9.6,2022-23,0.69,564.0,33.0,316.0,22.0,Suburban,55.2,54.8,,
North Kitsap School District (WA),9.6,2023-24,0.69,559.0,30.0,286.57,22.0,Suburban,52.8,44.7,69.6,68.2
North Kitsap School District (WA),9.6,2024-25,0.69,555.0,30.0,285.67,22.0,Suburban,55.5,45.2,74.7,70.7
North Mason School District (WA),0.0,2015-16,0.0,,,120.8,41.0,Rural,45.4,61.3,,
North Mason School District (WA),0.0,2016-17,0.0,,,122.12,41.0,Rural,42.0,50.0,,
North Mason School District (WA),0.0,2017-18,0.0,,,125.54,41.0,Rural,28.1,49.7,,
North Mason School District (WA),0.0,2018-19,0.0,,,128.47,41.0,Rural,30.8,44.5,,
North Mason School District (WA),0.0,2019-20,0.0,,,136.5,41.0,Rural,,,,
North Mason School District (WA),0.0,2020-21,0.0,,,127.69,41.0,Rural,25.5,26.8,,
North Mason School District (WA),0.0,2021-22,0.0,,,126.96,41.0,Rural,29.0,28.0,,
North Mason School District (WA),0.0,2022-23,0.0,,,143.0,41.0,Rural,39.6,40.9,,
North Mason School District (WA),0.0,2023-24,,,,139.74,41.0,Rural,33.3,41.7,57.1,67.4
North Mason School District (WA),0.0,2024-25,,,,132.74,41.0,Rural,31.0,33.1,54.4,63.1
North River School District (WA),0.0,2015-16,0.0,,,9.0,43.0,Distant Rural,,,,
North River School District (WA),0.0,2016-17,0.0,,,10.39,43.0,Distant Rural,,,,
North River School District (WA),0.0,2017-18,0.0,,,9.86,43.0,Distant Rural,,,,
North River School District (WA),0.0,2018-19,0.0,,,10.01,43.0,Distant Rural,,,,
North River School District (WA),0.0,2019-20,0.0,,,9.7,43.0,Distant Rural,,,,
North River School District (WA),0.0,2020-21,0.0,,,9.59,43.0,Distant Rural,,,,
North River School District (WA),0.0,2021-22,0.0,,,9.3,43.0,Distant Rural,,,,
North River School District (WA),0.0,2022-23,0.0,,,8.0,43.0,Distant Rural,,,,
North River School District (WA),0.0,2023-24,,,,8.27,43.0,Distant Rural,,,,
North River School District (WA),0.0,2024-25,,,,6.75,43.0,Distant Rural,,,,
North Thurston Public Schools (WA),18.93,2015-16,0.9,787.0,43.0,814.77,22.0,Suburban,57.4,62.7,,
North Thurston Public Schools (WA),19.0,2016-17,0.86,787.0,44.0,838.68,22.0,Suburban,58.5,62.3,,
North Thurston Public Schools (WA),14.34,2017-18,0.65,1062.0,59.0,839.14,22.0,Suburban,60.0,66.6,,
North Thurston Public Schools (WA),13.87,2018-19,0.63,1100.0,62.0,864.48,22.0,Suburban,58.7,60.9,,
North Thurston Public Schools (WA),14.04,2019-20,0.64,1114.0,59.0,829.79,13.0,Urban,,,,
North Thurston Public Schools (WA),14.04,2020-21,0.64,1046.0,59.0,825.98,13.0,Urban,42.6,47.9,,
North Thurston Public Schools (WA),14.14,2021-22,0.59,1063.0,57.0,812.87,13.0,Urban,53.1,49.6,,
North Thurston Public Schools (WA),14.5,2022-23,0.6,1043.0,60.0,867.0,13.0,Urban,50.4,50.3,,
North Thurston Public Schools (WA),19.6,2023-24,0.82,775.0,43.0,846.03,13.0,Urban,47.8,46.0,68.4,69.0
North Thurston Public Schools (WA),12.22,2024-25,0.51,1241.0,71.0,862.82,13.0,Urban,48.1,48.6,70.3,72.8
Northport School District (WA),0.0,2015-16,-0.33,-227.0,-16.0,15.92,43.0,Distant Rural,60.0,57.1,,
Northport School District (WA),0.0,2016-17,0.0,,,16.47,43.0,Distant Rural,33.3,72.7,,
Northport School District (WA),0.0,2017-18,0.0,,,17.96,43.0,Distant Rural,54.5,62.5,,
Northport School District (WA),0.0,2018-19,0.0,,,18.83,43.0,Distant Rural,54.5,70.0,,
Northport School District (WA),0.0,2019-20,0.0,,,16.7,43.0,Distant Rural,,,,
Northport School District (WA),0.0,2020-21,0.0,,,20.07,43.0,Distant Rural,15.6,36.8,,
Northport School District (WA),0.0,2021-22,0.0,,,21.37,43.0,Distant Rural,57.1,,,
Northport School District (WA),0.0,2022-23,0.0,,,20.0,43.0,Distant Rural,63.6,60.0,,
Northport School District (WA),0.0,2023-24,,,,21.48,43.0,Distant Rural,60.0,64.7,86.7,76.5
Northport School District (WA),0.0,2024-25,,,,22.0,43.0,Distant Rural,25.0,,56.3,
Northshore School District (WA),33.99,2015-16,0.97,632.0,32.0,1082.17,21.0,Suburban,76.1,72.5,,
Northshore School District (WA),34.73,2016-17,0.96,631.0,32.0,1106.42,21.0,Suburban,73.5,73.8,,
Northshore School District (WA),12.8,2017-18,0.36,1768.0,93.0,1185.08,21.0,Suburban,73.4,79.4,,
Northshore School District (WA),12.8,2018-19,0.36,1836.0,95.0,1218.25,21.0,Suburban,75.4,73.6,,
Northshore School District (WA),12.8,2019-20,0.35,1868.0,100.0,1275.3,21.0,Suburban,,,,
Northshore School District (WA),12.8,2020-21,0.33,1821.0,101.0,1298.35,21.0,Suburban,65.9,67.1,,
Northshore School District (WA),13.0,2021-22,0.33,1767.0,94.0,1216.36,21.0,Suburban,72.2,68.8,,
Northshore School District (WA),13.0,2022-23,0.33,1765.0,102.0,1326.0,21.0,Suburban,72.8,65.9,,
Northshore School District (WA),12.6,2023-24,0.32,1840.0,103.0,1298.72,21.0,Suburban,69.0,67.3,83.9,82.9
Northshore School District (WA),12.6,2024-25,0.32,1804.0,97.0,1217.12,21.0,Suburban,73.3,67.2,85.8,83.7
Oak Harbor School District (WA),5.83,2015-16,0.53,1005.0,53.0,308.31,32.0,Mid-size,57.9,67.0,,
Oak Harbor School District (WA),5.99,2016-17,0.54,991.0,51.0,305.51,32.0,Mid-size,53.1,55.7,,
Oak Harbor School District (WA),5.96,2017-18,0.54,990.0,54.0,322.99,32.0,Mid-size,60.0,52.2,,
Oak Harbor School District (WA),5.73,2018-19,0.52,1050.0,58.0,334.41,32.0,Mid-size,61.4,55.0,,
Oak Harbor School District (WA),4.15,2019-20,0.38,1477.0,84.0,348.79,32.0,Mid-size,,,,
Oak Harbor School District (WA),3.0,2020-21,0.25,1922.0,109.0,327.24,32.0,Mid-size,53.7,53.2,,
Oak Harbor School District (WA),5.71,2021-22,0.48,999.0,62.0,354.52,32.0,Mid-size,56.9,46.6,,
Oak Harbor School District (WA),5.7,2022-23,0.48,1005.0,65.0,369.0,32.0,Mid-size,60.2,52.5,,
Oak Harbor School District (WA),5.7,2023-24,0.48,1020.0,61.0,344.86,32.0,Mid-size,58.9,50.4,75.2,73.9
Oak Harbor School District (WA),5.7,2024-25,0.48,989.0,59.0,337.19,32.0,Mid-size,54.2,50.0,71.6,74.8
Oakesdale School District (WA),0.0,2015-16,0.0,,,10.51,43.0,Distant Rural,,81.8,,
Oakesdale School District (WA),0.0,2016-17,0.0,,,10.57,43.0,Distant Rural,,80.0,,
Oakesdale School District (WA),0.0,2017-18,0.0,,,12.35,43.0,Distant Rural,,54.5,,
Oakesdale School District (WA),0.0,2018-19,0.0,,,11.26,43.0,Distant Rural,,63.6,,
Oakesdale School District (WA),0.0,2019-20,0.0,,,11.85,43.0,Distant Rural,,,,
Oakesdale School District (WA),0.0,2020-21,0.0,,,11.85,43.0,Distant Rural,54.5,60.0,,
Oakesdale School District (WA),0.0,2021-22,0.0,,,10.83,43.0,Distant Rural,40.0,,,
Oakesdale School District (WA),0.0,2022-23,0.0,,,11.0,43.0,Distant Rural,,45.5,,
Oakesdale School District (WA),0.0,2023-24,,,,11.5,43.0,Distant Rural,78.6,66.7,92.9,93.3
Oakesdale School District (WA),0.0,2024-25,,,,12.51,43.0,Distant Rural,30.0,54.6,,63.6
Oakville School District (WA),0.0,2015-16,0.0,,,19.0,42.0,Distant Rural,12.5,27.3,,
Oakville School District (WA),0.0,2016-17,0.0,,,18.58,42.0,Distant Rural,33.3,60.0,,
Oakville School District (WA),0.0,2017-18,0.0,,,14.5,42.0,Distant Rural,28.6,35.3,,
Oakville School District (WA),0.0,2018-19,0.0,,,16.34,42.0,Distant Rural,41.2,,,
Oakville School District (WA),0.0,2019-20,0.0,,,20.31,42.0,Distant Rural,,,,
Oakville School District (WA),0.0,2020-21,0.0,,,20.25,42.0,Distant Rural,,34.6,,
Oakville School District (WA),0.33,2021-22,0.08,1015.0,72.0,23.68,42.0,Distant Rural,17.2,34.6,,
Oakville School District (WA),0.33,2022-23,0.08,1033.0,82.0,27.0,42.0,Distant Rural,,42.1,,
Oakville School District (WA),0.67,2023-24,0.17,509.0,36.0,24.26,42.0,Distant Rural,23.8,27.8,28.6,50.0
Oakville School District (WA),0.78,2024-25,0.2,410.0,29.0,22.37,42.0,Distant Rural,42.1,36.0,63.2,56.0
Ocean Beach School District (WA),0.0,2015-16,0.0,,,52.19,42.0,Distant Rural,31.3,42.9,,
Ocean Beach School District (WA),0.0,2016-17,0.0,,,53.62,42.0,Distant Rural,39.5,48.0,,
Ocean Beach School District (WA),0.0,2017-18,0.0,,,57.6,42.0,Distant Rural,48.6,42.2,,
Ocean Beach School District (WA),0.0,2018-19,0.0,,,57.59,42.0,Distant Rural,50.6,59.5,,
Ocean Beach School District (WA),0.0,2019-20,0.0,,,53.22,42.0,Distant Rural,,,,
Ocean Beach School District (WA),0.0,2020-21,0.0,,,49.78,42.0,Distant Rural,25.4,27.2,,
Ocean Beach School District (WA),0.0,2021-22,0.0,,,58.55,42.0,Distant Rural,41.9,32.0,,
Ocean Beach School District (WA),0.0,2022-23,0.0,,,64.0,42.0,Distant Rural,37.5,39.5,,
Ocean Beach School District (WA),0.0,2023-24,,,,54.62,41.0,Rural,35.8,34.1,61.2,62.5
Ocean Beach School District (WA),0.0,2024-25,,,,51.7,41.0,Rural,40.0,31.5,60.0,53.4
Ocosta School District (WA),0.7,2015-16,0.35,864.0,56.0,39.49,42.0,Distant Rural,46.0,54.0,,
Ocosta School District (WA),0.4,2016-17,0.2,1558.0,99.0,39.41,42.0,Distant Rural,64.3,50.8,,
Ocosta School District (WA),0.4,2017-18,0.2,1465.0,100.0,39.97,42.0,Distant Rural,44.2,35.1,,
Ocosta School District (WA),0.85,2018-19,0.43,745.0,45.0,38.53,42.0,Distant Rural,50.0,39.6,,
Ocosta School District (WA),0.85,2019-20,0.43,748.0,49.0,41.69,42.0,Distant Rural,,,,
Ocosta School District (WA),0.85,2020-21,0.43,728.0,45.0,37.83,42.0,Distant Rural,21.6,27.7,,
Ocosta School District (WA),0.95,2021-22,0.32,638.0,39.0,36.97,42.0,Distant Rural,23.5,26.8,,
Ocosta School District (WA),0.87,2022-23,0.29,669.0,43.0,37.0,42.0,Distant Rural,32.7,45.2,,
Ocosta School District (WA),0.87,2023-24,0.29,678.0,47.0,40.96,42.0,Distant Rural,22.9,28.2,47.9,64.1
Ocosta School District (WA),1.2,2024-25,0.4,500.0,34.0,40.23,42.0,Distant Rural,35.6,54.2,51.1,64.6
Odessa School District (WA),0.0,2015-16,0.0,,,18.02,43.0,Distant Rural,50.0,44.0,,
Odessa School District (WA),0.0,2016-17,0.0,,,17.9,43.0,Distant Rural,82.4,52.6,,
Odessa School District (WA),0.0,2017-18,0.0,,,18.46,43.0,Distant Rural,66.7,45.5,,
Odessa School District (WA),0.0,2018-19,0.0,,,18.67,43.0,Distant Rural,38.9,75.0,,
Odessa School District (WA),0.0,2019-20,0.0,,,18.91,43.0,Distant Rural,,,,
Odessa School District (WA),0.0,2020-21,0.0,,,18.84,43.0,Distant Rural,36.4,55.0,,
Odessa School District (WA),0.0,2021-22,0.0,,,17.35,43.0,Distant Rural,47.6,57.9,,
Odessa School District (WA),0.0,2022-23,0.0,,,17.0,43.0,Distant Rural,53.8,26.7,,
Odessa School District (WA),0.0,2023-24,,,,16.89,43.0,Distant Rural,50.0,38.1,63.6,61.9
Odessa School District (WA),0.0,2024-25,,,,17.66,43.0,Distant Rural,50.0,38.5,91.7,92.3
Office Of The Governor (Sch For Blind) (WA),0.0,2015-16,0.0,,,0.0,12.0,Urban,,,,
Office Of The Governor (Sch For Blind) (WA),0.0,2016-17,0.0,,,0.0,12.0,Urban,,,,
Office Of The Governor (Sch For Blind) (WA),0.0,2017-18,0.0,,,0.0,12.0,Urban,,,,
Office Of The Governor (Sch For Blind) (WA),0.0,2018-19,0.0,,,0.0,12.0,Urban,,,,
Office Of The Governor (Sch For Blind) (WA),0.0,2019-20,0.0,,,0.0,12.0,Urban,,,,
Office Of The Governor (Sch For Blind) (WA),0.0,2020-21,0.0,,,0.0,12.0,Urban,,,,
Office Of The Governor (Sch For Blind) (WA),0.0,2021-22,0.0,,,0.0,12.0,Urban,,,,
Office Of The Governor (Sch For Blind) (WA),0.0,2022-23,0.0,,,0.0,12.0,Urban,,,,
Office Of The Governor (Sch For Blind) (WA),0.0,2023-24,,,,0.0,12.0,Urban,,,,
Office Of The Governor (Sch For Blind) (WA),0.0,2024-25,0.0,,,0.0,12.0,Urban,,,,
Okanogan School District (WA),1.0,2015-16,0.17,1113.0,56.0,56.13,33.0,Mid-size,56.5,56.7,,
Okanogan School District (WA),1.0,2016-17,0.17,1133.0,58.0,58.28,33.0,Mid-size,37.9,62.4,,
Okanogan School District (WA),1.0,2017-18,0.17,1135.0,59.0,59.36,33.0,Mid-size,53.2,47.9,,
Okanogan School District (WA),1.0,2018-19,0.17,1147.0,58.0,57.64,33.0,Mid-size,54.4,50.0,,
Okanogan School District (WA),1.0,2019-20,0.17,1158.0,59.0,59.31,33.0,Mid-size,,,,
Okanogan School District (WA),2.0,2020-21,0.33,554.0,29.0,58.26,33.0,Mid-size,45.3,32.6,,
Okanogan School District (WA),1.0,2021-22,0.17,1042.0,61.0,60.75,33.0,Mid-size,42.9,46.2,,
Okanogan School District (WA),1.0,2022-23,0.17,1065.0,63.0,63.0,33.0,Mid-size,49.4,35.2,,
Okanogan School District (WA),2.0,2023-24,0.33,543.0,32.0,63.69,33.0,Mid-size,59.7,38.5,77.4,73.6
Okanogan School District (WA),2.0,2024-25,0.33,521.0,31.0,61.59,33.0,Mid-size,60.6,40.9,83.1,71.8
Olympia School District (WA),15.8,2015-16,0.75,632.0,32.0,503.33,13.0,Urban,66.8,79.3,,
Olympia School District (WA),15.8,2016-17,0.75,645.0,33.0,515.99,13.0,Urban,65.6,77.5,,
Olympia School District (WA),15.8,2017-18,0.75,617.0,34.0,536.58,13.0,Urban,67.6,78.7,,
Olympia School District (WA),12.55,2018-19,0.6,790.0,43.0,540.94,13.0,Urban,68.9,75.4,,
Olympia School District (WA),12.91,2019-20,0.61,779.0,43.0,554.89,13.0,Urban,,,,
Olympia School District (WA),12.71,2020-21,0.61,747.0,43.0,542.18,13.0,Urban,52.0,63.8,,
Olympia School District (WA),11.86,2021-22,0.59,802.0,45.0,532.92,13.0,Urban,54.4,63.3,,
Olympia School District (WA),12.51,2022-23,0.63,770.0,45.0,567.0,13.0,Urban,50.5,61.0,,
Olympia School District (WA),12.62,2023-24,0.63,757.0,42.0,531.14,13.0,Urban,49.0,59.7,70.4,80.3
Olympia School District (WA),12.71,2024-25,0.64,738.0,42.0,527.51,13.0,Urban,58.0,60.7,76.9,77.6
Omak School District (WA),0.0,2015-16,0.0,,,231.1,33.0,Mid-size,37.2,47.7,,
Omak School District (WA),0.0,2016-17,0.0,,,221.37,33.0,Mid-size,26.0,33.8,,
Omak School District (WA),0.0,2017-18,0.0,,,223.75,33.0,Mid-size,35.3,45.3,,
Omak School District (WA),0.0,2018-19,0.0,,,241.23,33.0,Mid-size,24.6,39.1,,
Omak School District (WA),0.0,2019-20,0.0,,,249.62,33.0,Mid-size,,,,
Omak School District (WA),0.0,2020-21,0.0,,,291.26,33.0,Mid-size,29.2,36.3,,
Omak School District (WA),0.0,2021-22,0.0,,,287.28,33.0,Mid-size,32.3,38.1,,
Omak School District (WA),0.0,2022-23,0.0,,,296.0,33.0,Mid-size,40.7,17.8,,
Omak School District (WA),0.0,2023-24,,,,254.07,33.0,Mid-size,43.3,12.6,72.2,44.1
Omak School District (WA),0.0,2024-25,,,,265.93,33.0,Mid-size,48.6,19.2,71.0,39.4
Onalaska School District (WA),0.0,2015-16,0.0,,,44.09,42.0,Distant Rural,66.1,61.7,,
Onalaska School District (WA),0.0,2016-17,0.0,,,47.0,42.0,Distant Rural,47.1,69.4,,
Onalaska School District (WA),0.0,2017-18,0.0,,,50.06,42.0,Distant Rural,49.2,61.9,,
Onalaska School District (WA),0.0,2018-19,0.0,,,49.13,42.0,Distant Rural,70.2,40.4,,
Onalaska School District (WA),0.0,2019-20,0.0,,,49.93,42.0,Distant Rural,,,,
Onalaska School District (WA),0.0,2020-21,0.0,,,48.28,42.0,Distant Rural,45.1,45.0,,
Onalaska School District (WA),0.0,2021-22,0.0,,,49.08,42.0,Distant Rural,51.9,58.6,,
Onalaska School District (WA),0.0,2022-23,0.0,,,52.0,42.0,Distant Rural,35.6,56.4,,
Onalaska School District (WA),0.0,2023-24,,,,53.01,42.0,Distant Rural,28.6,44.9,68.3,71.8
Onalaska School District (WA),0.0,2024-25,,,,51.03,42.0,Distant Rural,44.4,65.2,64.8,85.5
Onion Creek School District (WA),0.0,2015-16,0.0,,,3.44,43.0,Distant Rural,,,,
Onion Creek School District (WA),0.0,2016-17,0.0,,,3.45,43.0,Distant Rural,,,,
Onion Creek School District (WA),0.0,2017-18,0.0,,,3.06,43.0,Distant Rural,,,,
Onion Creek School District (WA),0.0,2018-19,0.0,,,3.83,43.0,Distant Rural,,,,
Onion Creek School District (WA),0.0,2019-20,0.0,,,4.16,43.0,Distant Rural,,,,
Onion Creek School District (WA),0.0,2020-21,0.0,,,4.01,43.0,Distant Rural,,,,
Onion Creek School District (WA),0.0,2021-22,0.0,,,4.0,43.0,Distant Rural,,,,
Onion Creek School District (WA),0.0,2022-23,0.0,,,4.0,43.0,Distant Rural,,,,
Onion Creek School District (WA),0.0,2023-24,,,,3.99,43.0,Distant Rural,,,,
Onion Creek School District (WA),0.0,2024-25,,,,4.46,43.0,Distant Rural,,,,
Orcas Island School District (WA),0.0,2015-16,0.0,,,44.91,42.0,Distant Rural,74.1,75.0,,
Orcas Island School District (WA),0.0,2016-17,0.0,,,45.18,42.0,Distant Rural,36.7,80.8,,
Orcas Island School District (WA),0.0,2017-18,0.0,,,40.67,42.0,Distant Rural,73.3,64.5,,
Orcas Island School District (WA),0.0,2018-19,0.0,,,44.86,42.0,Distant Rural,52.0,58.3,,
Orcas Island School District (WA),0.0,2019-20,0.0,,,45.5,42.0,Distant Rural,,,,
Orcas Island School District (WA),0.0,2020-21,0.0,,,44.34,42.0,Distant Rural,34.5,44.6,,
Orcas Island School District (WA),0.0,2021-22,0.0,,,41.37,42.0,Distant Rural,44.4,45.9,,
Orcas Island School District (WA),0.0,2022-23,0.0,,,40.0,42.0,Distant Rural,27.8,64.4,,
Orcas Island School District (WA),0.0,2023-24,,,,36.94,42.0,Distant Rural,40.0,47.2,56.0,83.3
Orcas Island School District (WA),0.0,2024-25,,,,44.53,42.0,Distant Rural,58.6,63.4,75.9,78.1
Orchard Prairie School District (WA),0.0,2015-16,0.0,,,6.62,41.0,Rural,,,,
Orchard Prairie School District (WA),0.0,2016-17,0.0,,,6.65,41.0,Rural,,,,
Orchard Prairie School District (WA),0.0,2017-18,0.0,,,6.67,41.0,Rural,20.0,,,
Orchard Prairie School District (WA),0.0,2018-19,0.0,,,7.02,41.0,Rural,40.0,,,
Orchard Prairie School District (WA),0.0,2019-20,0.0,,,7.01,41.0,Rural,,,,
Orchard Prairie School District (WA),0.0,2020-21,0.0,,,7.03,41.0,Rural,,,,
Orchard Prairie School District (WA),0.0,2021-22,0.0,,,6.99,41.0,Rural,,,,
Orchard Prairie School District (WA),0.0,2022-23,0.0,,,7.0,41.0,Rural,40.0,,,
Orchard Prairie School District (WA),0.0,2023-24,,,,7.0,41.0,Rural,,,,
Orchard Prairie School District (WA),0.0,2024-25,,,,6.32,41.0,Rural,60.0,,80.0,
Orient School District (WA),0.0,2015-16,0.0,,,4.5,43.0,Distant Rural,,,,
Orient School District (WA),0.0,2016-17,0.0,,,4.52,43.0,Distant Rural,,,,
Orient School District (WA),0.0,2017-18,0.0,,,4.5,43.0,Distant Rural,,,,
Orient School District (WA),0.0,2018-19,0.0,,,3.49,43.0,Distant Rural,,,,
Orient School District (WA),0.0,2019-20,0.0,,,3.61,43.0,Distant Rural,,,,
Orient School District (WA),0.0,2020-21,0.0,,,0.0,43.0,Distant Rural,,,,
Orient School District (WA),0.0,2021-22,0.0,,,4.0,43.0,Distant Rural,,,,
Orient School District (WA),0.0,2022-23,0.0,,,4.0,43.0,Distant Rural,,,,
Orient School District (WA),0.0,2023-24,,,,4.51,43.0,Distant Rural,,,,
Orient School District (WA),0.0,2024-25,,,,3.49,43.0,Distant Rural,,,,
Orondo School District (WA),0.0,2015-16,0.0,,,10.67,42.0,Distant Rural,42.1,,,
Orondo School District (WA),0.0,2016-17,0.0,,,11.96,42.0,Distant Rural,33.3,77.8,,
Orondo School District (WA),0.0,2017-18,0.0,,,11.38,42.0,Distant Rural,70.0,50.0,,
Orondo School District (WA),0.0,2018-19,0.0,,,11.29,42.0,Distant Rural,66.7,61.1,,
Orondo School District (WA),0.0,2019-20,0.0,,,11.12,42.0,Distant Rural,,,,
Orondo School District (WA),0.0,2020-21,0.0,,,10.48,42.0,Distant Rural,41.7,50.0,,
Orondo School District (WA),0.0,2021-22,0.0,,,10.45,42.0,Distant Rural,,52.9,,
Orondo School District (WA),0.0,2022-23,0.0,,,12.0,42.0,Distant Rural,43.8,,,
Orondo School District (WA),0.0,2023-24,,,,10.48,42.0,Distant Rural,36.4,27.3,63.6,63.6
Orondo School District (WA),0.0,2024-25,,,,9.17,42.0,Distant Rural,,,,
Oroville School District (WA),0.0,2015-16,0.0,,,38.88,43.0,Distant Rural,32.4,36.1,,
Oroville School District (WA),0.0,2016-17,0.0,,,38.32,43.0,Distant Rural,32.7,70.8,,
Oroville School District (WA),0.0,2017-18,0.0,,,38.17,43.0,Distant Rural,39.5,53.7,,
Oroville School District (WA),0.0,2018-19,0.0,,,41.92,43.0,Distant Rural,39.1,31.8,,
Oroville School District (WA),0.0,2019-20,0.0,,,38.56,43.0,Distant Rural,,,,
Oroville School District (WA),0.0,2020-21,0.0,,,38.1,43.0,Distant Rural,37.1,29.7,,
Oroville School District (WA),0.0,2021-22,0.0,,,36.83,43.0,Distant Rural,51.4,31.4,,
Oroville School District (WA),0.0,2022-23,0.0,,,38.0,43.0,Distant Rural,36.8,43.2,,
Oroville School District (WA),0.0,2023-24,,,,39.55,43.0,Distant Rural,45.5,39.5,69.7,69.8
Oroville School District (WA),0.0,2024-25,,,,40.14,43.0,Distant Rural,45.7,52.5,62.9,77.5
Orting School District (WA),3.5,2015-16,0.7,714.0,34.0,118.99,21.0,Suburban,62.8,63.3,,
Orting School District (WA),2.9,2016-17,0.58,901.0,41.0,118.89,21.0,Suburban,41.5,66.3,,
Orting School District (WA),2.0,2017-18,0.4,1334.0,63.0,125.39,21.0,Suburban,35.2,63.2,,
Orting School District (WA),2.0,2018-19,0.4,1374.0,68.0,136.06,21.0,Suburban,53.3,57.8,,
Orting School District (WA),1.7,2019-20,0.34,1631.0,81.0,136.99,21.0,Suburban,,,,
Orting School District (WA),1.71,2020-21,0.24,1435.0,79.0,135.41,21.0,Suburban,42.4,47.9,,
Orting School District (WA),1.0,2021-22,0.14,2658.0,135.0,135.35,21.0,Suburban,39.3,43.8,,
Orting School District (WA),1.0,2022-23,0.14,2748.0,144.0,144.0,21.0,Suburban,49.7,46.2,,
Orting School District (WA),0.0,2023-24,,,,145.72,21.0,Suburban,34.5,38.5,58.4,70.9
Orting School District (WA),0.0,2024-25,,,,150.82,21.0,Suburban,40.2,38.6,61.9,71.0
Othello School District (WA),5.7,2015-16,0.81,751.0,36.0,206.02,32.0,Mid-size,36.3,42.8,,
Othello School District (WA),5.68,2016-17,0.81,773.0,39.0,219.4,32.0,Mid-size,33.6,35.2,,
Othello School District (WA),5.85,2017-18,0.84,759.0,40.0,234.07,32.0,Mid-size,33.9,32.3,,
Othello School District (WA),5.83,2018-19,0.73,776.0,41.0,236.42,32.0,Mid-size,32.7,32.6,,
Othello School District (WA),6.0,2019-20,0.75,801.0,42.0,250.87,32.0,Mid-size,,,,
Othello School District (WA),6.0,2020-21,0.67,782.0,43.0,255.02,32.0,Mid-size,26.5,28.8,,
Othello School District (WA),5.88,2021-22,0.65,801.0,40.0,233.73,32.0,Mid-size,29.5,26.2,,
Othello School District (WA),6.0,2022-23,0.67,792.0,44.0,261.0,32.0,Mid-size,24.4,24.9,,
Othello School District (WA),6.0,2023-24,0.67,785.0,43.0,259.0,32.0,Mid-size,28.2,25.9,49.6,56.7
Othello School District (WA),6.0,2024-25,0.67,776.0,41.0,248.7,32.0,Mid-size,31.0,32.5,50.0,49.9
Palisades School District (WA),0.0,2015-16,0.0,,,3.0,42.0,Distant Rural,,,,
Palisades School District (WA),0.0,2016-17,0.0,,,2.99,42.0,Distant Rural,,,,
Palisades School District (WA),0.0,2017-18,0.0,,,2.99,42.0,Distant Rural,,,,
Palisades School District (WA),0.0,2018-19,0.0,,,2.99,42.0,Distant Rural,,,,
Palisades School District (WA),0.0,2019-20,0.0,,,3.0,42.0,Distant Rural,,,,
Palisades School District (WA),0.0,2020-21,0.0,,,3.01,42.0,Distant Rural,,,,
Palisades School District (WA),0.0,2021-22,0.0,,,3.0,42.0,Distant Rural,,,,
Palisades School District (WA),0.0,2022-23,0.0,,,3.0,42.0,Distant Rural,,,,
Palisades School District (WA),0.0,2023-24,,,,3.0,42.0,Distant Rural,,,,
Palisades School District (WA),0.0,2024-25,,,,2.86,42.0,Distant Rural,,,,
Palouse School District (WA),0.0,2015-16,0.0,,,14.3,43.0,Distant Rural,69.2,50.0,,
Palouse School District (WA),0.0,2016-17,0.0,,,13.49,43.0,Distant Rural,46.7,60.0,,
Palouse School District (WA),0.0,2017-18,0.0,,,15.09,43.0,Distant Rural,80.0,61.5,,
Palouse School District (WA),0.0,2018-19,0.0,,,13.81,43.0,Distant Rural,,86.7,,
Palouse School District (WA),0.0,2019-20,0.0,,,14.09,43.0,Distant Rural,,,,
Palouse School District (WA),0.0,2020-21,0.0,,,14.2,43.0,Distant Rural,,58.3,,
Palouse School District (WA),0.0,2021-22,0.0,,,15.21,43.0,Distant Rural,50.0,61.5,,
Palouse School District (WA),0.0,2022-23,0.0,,,17.0,43.0,Distant Rural,40.0,,,
Palouse School District (WA),0.0,2023-24,,,,17.75,43.0,Distant Rural,55.0,58.8,60.0,76.5
Palouse School District (WA),0.0,2024-25,,,,17.29,43.0,Distant Rural,69.2,66.7,100.0,75.0
Pasco School District (WA),19.17,2015-16,0.83,908.0,51.0,979.57,22.0,Suburban,33.8,39.9,,
Pasco School District (WA),19.52,2016-17,0.85,916.0,50.0,974.6,22.0,Suburban,32.5,37.7,,
Pasco School District (WA),18.83,2017-18,0.82,970.0,54.0,1025.61,22.0,Suburban,33.6,42.6,,
Pasco School District (WA),19.82,2018-19,0.83,935.0,53.0,1055.76,22.0,Suburban,33.9,40.2,,
Pasco School District (WA),5.0,2019-20,0.19,3842.0,215.0,1073.36,22.0,Suburban,,,,
Pasco School District (WA),22.8,2020-21,0.81,816.0,45.0,1024.26,22.0,Suburban,27.0,34.5,,
Pasco School District (WA),6.0,2021-22,0.21,3090.0,168.0,1005.66,22.0,Suburban,29.8,33.4,,
Pasco School District (WA),22.71,2022-23,0.78,815.0,46.0,1056.0,22.0,Suburban,29.5,28.9,,
Pasco School District (WA),9.25,2023-24,0.32,2037.0,118.0,1086.89,21.0,Suburban,31.1,30.2,51.1,59.2
Pasco School District (WA),8.97,2024-25,0.29,2108.0,121.0,1084.77,21.0,Suburban,32.3,34.3,50.3,58.4
Pateros School District (WA),0.0,2015-16,0.0,,,20.72,43.0,Distant Rural,41.7,38.1,,
Pateros School District (WA),0.0,2016-17,0.0,,,21.66,43.0,Distant Rural,29.2,50.0,,
Pateros School District (WA),0.0,2017-18,0.0,,,21.03,43.0,Distant Rural,48.4,58.3,,
Pateros School District (WA),0.0,2018-19,0.0,,,22.08,43.0,Distant Rural,70.6,45.5,,
Pateros School District (WA),0.0,2019-20,0.0,,,21.96,43.0,Distant Rural,,,,
Pateros School District (WA),0.0,2020-21,0.0,,,22.62,43.0,Distant Rural,50.0,52.8,,
Pateros School District (WA),0.0,2021-22,0.0,,,22.47,43.0,Distant Rural,33.3,36.1,,
Pateros School District (WA),0.0,2022-23,0.0,,,21.0,43.0,Distant Rural,,42.9,,
Pateros School District (WA),0.0,2023-24,,,,18.65,43.0,Distant Rural,47.1,68.4,76.5,84.2
Pateros School District (WA),0.0,2024-25,,,,17.35,43.0,Distant Rural,25.0,48.0,58.3,88.0
Paterson School District (WA),0.0,2015-16,0.0,,,9.19,42.0,Distant Rural,81.8,72.7,,
Paterson School District (WA),0.0,2016-17,0.0,,,7.43,42.0,Distant Rural,50.0,87.5,,
Paterson School District (WA),0.0,2017-18,0.0,,,9.39,42.0,Distant Rural,75.0,78.6,,
Paterson School District (WA),0.0,2018-19,0.0,,,9.05,42.0,Distant Rural,50.0,70.0,,
Paterson School District (WA),0.0,2019-20,0.0,,,7.79,42.0,Distant Rural,,,,
Paterson School District (WA),0.0,2020-21,0.0,,,9.9,42.0,Distant Rural,64.3,73.7,,
Paterson School District (WA),0.0,2021-22,0.0,,,12.79,42.0,Distant Rural,78.6,78.9,,
Paterson School District (WA),0.0,2022-23,0.0,,,12.0,42.0,Distant Rural,,,,
Paterson School District (WA),0.0,2023-24,,,,12.0,42.0,Distant Rural,,,,
Paterson School District (WA),0.0,2024-25,,,,12.0,42.0,Distant Rural,,,,
Pe Ell School District (WA),0.0,2015-16,0.0,,,20.0,43.0,Distant Rural,36.8,47.4,,
Pe Ell School District (WA),0.0,2016-17,0.0,,,20.0,43.0,Distant Rural,38.9,63.2,,
Pe Ell School District (WA),0.0,2017-18,0.0,,,20.0,43.0,Distant Rural,50.0,52.2,,
Pe Ell School District (WA),0.0,2018-19,0.0,,,20.0,43.0,Distant Rural,50.0,70.6,,
Pe Ell School District (WA),0.0,2019-20,0.0,,,21.2,43.0,Distant Rural,,,,
Pe Ell School District (WA),0.0,2020-21,0.0,,,21.03,43.0,Distant Rural,27.3,50.0,,
Pe Ell School District (WA),0.0,2021-22,0.0,,,19.0,43.0,Distant Rural,26.1,38.1,,
Pe Ell School District (WA),0.0,2022-23,0.0,,,20.0,43.0,Distant Rural,26.1,40.9,,
Pe Ell School District (WA),0.0,2023-24,,,,20.16,43.0,Distant Rural,20.8,62.5,41.7,87.5
Pe Ell School District (WA),0.0,2024-25,,,,16.41,43.0,Distant Rural,43.5,33.3,56.5,66.7
Peninsula School District (WA),2.0,2015-16,0.13,4462.0,224.0,447.09,21.0,Suburban,70.5,68.0,,
Peninsula School District (WA),2.0,2016-17,0.13,4518.0,231.0,462.62,21.0,Suburban,69.3,66.9,,
Peninsula School District (WA),2.0,2017-18,0.13,4586.0,244.0,487.07,21.0,Suburban,72.6,72.6,,
Peninsula School District (WA),2.0,2018-19,0.13,4701.0,254.0,507.39,21.0,Suburban,69.9,69.3,,
Peninsula School District (WA),2.0,2019-20,0.13,4773.0,260.0,520.16,21.0,Suburban,,,,
Peninsula School District (WA),2.0,2020-21,0.12,4302.0,246.0,491.71,21.0,Suburban,62.5,62.8,,
Peninsula School District (WA),2.0,2021-22,0.11,4385.0,248.0,496.19,21.0,Suburban,68.9,63.4,,
Peninsula School District (WA),2.0,2022-23,0.11,4485.0,246.0,491.0,21.0,Suburban,65.8,65.2,,
Peninsula School District (WA),2.0,2023-24,0.12,4535.0,246.0,491.28,21.0,Suburban,67.6,63.3,83.7,85.5
Peninsula School District (WA),2.0,2024-25,0.12,4508.0,240.0,479.0,21.0,Suburban,65.3,63.5,82.2,83.4
Pioneer School District (WA),1.0,2015-16,0.5,689.0,42.0,42.45,41.0,Rural,31.7,71.7,,
Pioneer School District (WA),0.0,2016-17,0.0,,,46.45,41.0,Rural,58.3,55.9,,
Pioneer School District (WA),0.0,2017-18,0.0,,,50.06,41.0,Rural,57.1,65.6,,
Pioneer School District (WA),0.0,2018-19,0.0,,,52.06,41.0,Rural,51.2,58.8,,
Pioneer School District (WA),0.0,2019-20,0.0,,,53.57,41.0,Rural,,,,
Pioneer School District (WA),0.0,2020-21,0.0,,,53.0,41.0,Rural,30.7,41.1,,
Pioneer School District (WA),0.0,2021-22,0.0,,,46.06,41.0,Rural,31.3,34.2,,
Pioneer School District (WA),0.0,2022-23,0.0,,,56.0,41.0,Rural,33.8,36.7,,
Pioneer School District (WA),0.0,2023-24,,,,60.01,41.0,Rural,42.2,43.8,59.0,74.2
Pioneer School District (WA),0.0,2024-25,,,,50.99,41.0,Rural,26.3,21.3,47.5,50.7
Pomeroy School District (WA),0.0,2015-16,0.0,,,22.13,42.0,Distant Rural,51.7,50.0,,
Pomeroy School District (WA),0.0,2016-17,0.0,,,21.34,42.0,Distant Rural,64.0,40.0,,
Pomeroy School District (WA),0.0,2017-18,0.0,,,21.53,42.0,Distant Rural,42.3,55.0,,
Pomeroy School District (WA),0.0,2018-19,0.0,,,21.08,42.0,Distant Rural,53.8,57.1,,
Pomeroy School District (WA),0.0,2019-20,0.0,,,22.08,42.0,Distant Rural,,,,
Pomeroy School District (WA),0.0,2020-21,0.0,,,21.38,42.0,Distant Rural,64.7,38.7,,
Pomeroy School District (WA),0.0,2021-22,0.0,,,23.88,42.0,Distant Rural,70.6,25.9,,
Pomeroy School District (WA),0.0,2022-23,0.0,,,24.0,42.0,Distant Rural,47.8,29.2,,
Pomeroy School District (WA),0.0,2023-24,,,,24.48,42.0,Distant Rural,70.6,45.5,88.2,81.8
Pomeroy School District (WA),0.0,2024-25,,,,23.03,42.0,Distant Rural,61.3,30.8,83.9,38.5
Port Angeles School District (WA),0.6,2015-16,0.05,6400.0,375.0,224.96,33.0,Mid-size,49.1,66.6,,
Port Angeles School District (WA),0.6,2016-17,0.05,6390.0,375.0,224.87,33.0,Mid-size,55.2,66.4,,
Port Angeles School District (WA),0.5,2017-18,0.05,7626.0,449.0,224.56,33.0,Mid-size,58.4,62.7,,
Port Angeles School District (WA),0.5,2018-19,0.05,7704.0,445.0,222.66,33.0,Mid-size,61.9,61.9,,
Port Angeles School District (WA),0.0,2019-20,0.0,,,217.07,33.0,Mid-size,,,,
Port Angeles School District (WA),0.0,2020-21,0.0,,,204.49,33.0,Mid-size,49.2,42.8,,
Port Angeles School District (WA),0.0,2021-22,0.0,,,218.38,33.0,Mid-size,46.2,43.2,,
Port Angeles School District (WA),0.0,2022-23,0.0,,,231.0,33.0,Mid-size,41.7,52.5,,
Port Angeles School District (WA),0.0,2023-24,,,,210.67,33.0,Mid-size,42.1,48.1,69.2,67.5
Port Angeles School District (WA),0.0,2024-25,,,,204.0,33.0,Mid-size,52.4,45.3,76.2,66.0
Port Townsend School District (WA),1.36,2015-16,0.34,866.0,53.0,71.87,32.0,Mid-size,63.3,76.4,,
Port Townsend School District (WA),0.79,2016-17,0.2,1496.0,89.0,70.61,32.0,Mid-size,67.9,68.6,,
Port Townsend School District (WA),0.79,2017-18,0.2,1480.0,89.0,70.21,32.0,Mid-size,56.7,50.6,,
Port Townsend School District (WA),1.6,2018-19,0.4,773.0,46.0,73.63,32.0,Mid-size,59.8,59.4,,
Port Townsend School District (WA),1.6,2019-20,0.4,773.0,47.0,75.3,32.0,Mid-size,,,,
Port Townsend School District (WA),1.8,2020-21,0.45,632.0,38.0,68.43,32.0,Mid-size,47.3,37.8,,
Port Townsend School District (WA),1.8,2021-22,0.45,649.0,39.0,70.39,32.0,Mid-size,44.1,37.5,,
Port Townsend School District (WA),1.8,2022-23,0.45,670.0,43.0,77.0,32.0,Mid-size,59.5,48.9,,
Port Townsend School District (WA),2.0,2023-24,0.5,585.0,39.0,78.98,32.0,Mid-size,51.3,55.1,79.0,74.5
Port Townsend School District (WA),2.0,2024-25,0.5,639.0,35.0,70.6,32.0,Mid-size,54.6,36.1,75.3,61.1
Prescott School District (WA),0.0,2015-16,0.0,,,25.67,42.0,Distant Rural,29.4,56.0,,
Prescott School District (WA),0.0,2016-17,0.0,,,19.81,42.0,Distant Rural,12.5,47.8,,
Prescott School District (WA),0.0,2017-18,0.0,,,18.32,42.0,Distant Rural,36.8,40.0,,
Prescott School District (WA),0.0,2018-19,0.0,,,16.2,42.0,Distant Rural,44.4,50.0,,
Prescott School District (WA),0.0,2019-20,0.0,,,18.52,42.0,Distant Rural,,,,
Prescott School District (WA),0.0,2020-21,0.0,,,18.42,42.0,Distant Rural,21.1,33.3,,
Prescott School District (WA),0.0,2021-22,0.0,,,21.29,42.0,Distant Rural,33.3,21.1,,
Prescott School District (WA),0.0,2022-23,0.0,,,24.0,42.0,Distant Rural,31.3,52.6,,
Prescott School District (WA),0.0,2023-24,,,,24.01,42.0,Distant Rural,52.2,37.5,73.9,56.3
Prescott School District (WA),0.0,2024-25,,,,19.01,42.0,Distant Rural,47.8,,69.6,40.0
Prosser School District (WA),1.0,2015-16,0.17,2824.0,156.0,155.76,32.0,Mid-size,49.2,54.5,,
Prosser School District (WA),1.0,2016-17,0.17,2793.0,149.0,148.96,32.0,Mid-size,35.8,60.6,,
Prosser School District (WA),1.0,2017-18,0.2,2728.0,152.0,151.81,32.0,Mid-size,36.8,44.4,,
Prosser School District (WA),1.0,2018-19,0.17,2712.0,154.0,153.83,32.0,Mid-size,42.0,41.3,,
Prosser School District (WA),1.0,2019-20,0.17,2661.0,152.0,151.92,32.0,Mid-size,,,,
Prosser School District (WA),1.0,2020-21,0.17,2540.0,137.0,137.25,32.0,Mid-size,30.1,37.9,,
Prosser School District (WA),1.0,2021-22,0.17,2493.0,118.0,118.2,32.0,Mid-size,26.8,34.1,,
Prosser School District (WA),1.0,2022-23,0.17,2414.0,136.0,136.0,32.0,Mid-size,34.2,39.0,,
Prosser School District (WA),1.0,2023-24,0.17,2460.0,150.0,150.16,32.0,Mid-size,30.7,38.4,59.0,72.6
Prosser School District (WA),1.0,2024-25,0.17,2534.0,151.0,150.64,32.0,Mid-size,27.0,26.0,50.6,54.1
Pullman School District (WA),1.0,2015-16,0.2,2847.0,133.0,132.73,32.0,Mid-size,64.9,60.2,,
Pullman School District (WA),1.0,2016-17,0.2,2879.0,138.0,137.55,32.0,Mid-size,70.4,60.5,,
Pullman School District (WA),1.0,2017-18,0.2,2927.0,146.0,145.69,32.0,Mid-size,75.3,69.5,,
Pullman School District (WA),1.0,2018-19,0.2,2898.0,157.0,156.56,32.0,Mid-size,71.9,74.4,,
Pullman School District (WA),0.17,2019-20,0.03,16453.0,971.0,165.07,32.0,Mid-size,,,,
Pullman School District (WA),1.02,2020-21,0.17,2564.0,157.0,160.38,32.0,Mid-size,54.0,69.7,,
Pullman School District (WA),1.0,2021-22,0.17,2654.0,156.0,156.26,32.0,Mid-size,60.2,72.8,,
Pullman School District (WA),1.0,2022-23,0.17,2740.0,176.0,176.0,32.0,Mid-size,60.1,65.2,,
Pullman School District (WA),1.0,2023-24,0.17,2689.0,175.0,174.51,32.0,Mid-size,66.7,61.8,79.2,83.3
Pullman School District (WA),1.0,2024-25,0.17,2731.0,165.0,164.77,32.0,Mid-size,56.1,62.9,76.1,84.7
Puyallup School District (WA),23.3,2015-16,0.6,948.0,48.0,1112.08,21.0,Suburban,57.7,57.5,,
Puyallup School District (WA),23.66,2016-17,0.61,949.0,47.0,1104.14,21.0,Suburban,56.4,61.3,,
Puyallup School District (WA),23.99,2017-18,0.62,952.0,48.0,1145.41,21.0,Suburban,62.2,63.2,,
Puyallup School District (WA),23.89,2018-19,0.66,972.0,50.0,1184.8,21.0,Suburban,59.5,60.9,,
Puyallup School District (WA),22.04,2019-20,0.6,1069.0,53.0,1176.52,21.0,Suburban,,,,
Puyallup School District (WA),18.46,2020-21,0.5,1213.0,65.0,1200.57,21.0,Suburban,51.3,47.9,,
Puyallup School District (WA),23.5,2021-22,0.64,959.0,50.0,1163.73,21.0,Suburban,51.0,48.0,,
Puyallup School District (WA),22.6,2022-23,0.61,1022.0,54.0,1225.0,21.0,Suburban,47.0,47.1,,
Puyallup School District (WA),23.01,2023-24,0.62,995.0,54.0,1252.6,21.0,Suburban,46.9,49.4,68.7,74.4
Puyallup School District (WA),13.95,2024-25,0.38,1651.0,88.0,1225.75,21.0,Suburban,46.6,52.5,67.1,76.5
Queets-Clearwater School District (WA),0.0,2015-16,0.0,,,3.0,43.0,Distant Rural,,,,
Queets-Clearwater School District (WA),0.0,2016-17,0.0,,,3.03,43.0,Distant Rural,,,,
Queets-Clearwater School District (WA),0.0,2017-18,0.0,,,3.01,43.0,Distant Rural,,,,
Queets-Clearwater School District (WA),0.0,2018-19,0.0,,,3.0,43.0,Distant Rural,,,,
Queets-Clearwater School District (WA),0.0,2019-20,0.0,,,3.01,43.0,Distant Rural,,,,
Queets-Clearwater School District (WA),0.0,2020-21,0.0,,,1.89,43.0,Distant Rural,,,,
Queets-Clearwater School District (WA),0.0,2021-22,0.0,,,2.0,43.0,Distant Rural,,,,
Queets-Clearwater School District (WA),0.0,2022-23,0.0,,,4.0,43.0,Distant Rural,,,,
Queets-Clearwater School District (WA),0.0,2023-24,,,,3.62,43.0,Distant Rural,,,,
Queets-Clearwater School District (WA),0.0,2024-25,,,,3.67,43.0,Distant Rural,,,,
Quilcene School District (WA),0.0,2015-16,0.0,,,24.34,42.0,Distant Rural,38.5,61.1,,
Quilcene School District (WA),0.0,2016-17,0.0,,,25.69,42.0,Distant Rural,27.8,26.3,,
Quilcene School District (WA),0.0,2017-18,0.0,,,26.66,42.0,Distant Rural,35.0,31.3,,
Quilcene School District (WA),0.0,2018-19,0.0,,,28.38,42.0,Distant Rural,50.0,37.5,,
Quilcene School District (WA),0.0,2019-20,0.0,,,28.27,42.0,Distant Rural,,,,
Quilcene School District (WA),0.0,2020-21,0.0,,,27.72,42.0,Distant Rural,25.0,29.2,,
Quilcene School District (WA),0.0,2021-22,0.0,,,27.0,42.0,Distant Rural,22.2,19.0,,
Quilcene School District (WA),0.0,2022-23,0.0,,,29.0,42.0,Distant Rural,56.3,30.8,,
Quilcene School District (WA),0.0,2023-24,,,,26.26,42.0,Distant Rural,,28.6,,57.1
Quilcene School District (WA),0.0,2024-25,,,,27.43,42.0,Distant Rural,66.7,,83.3,69.2
Quillayute Valley School District (WA),1.0,2015-16,0.17,3092.0,139.0,139.4,33.0,Mid-size,38.0,49.3,,
Quillayute Valley School District (WA),1.0,2016-17,0.17,3083.0,125.0,124.97,33.0,Mid-size,25.0,35.2,,
Quillayute Valley School District (WA),1.0,2017-18,0.17,2956.0,123.0,123.27,33.0,Mid-size,47.4,40.0,,
Quillayute Valley School District (WA),1.0,2018-19,0.14,3283.0,158.0,158.14,33.0,Mid-size,38.6,48.4,,
Quillayute Valley School District (WA),1.0,2019-20,0.14,3378.0,175.0,174.79,33.0,Mid-size,,,,
Quillayute Valley School District (WA),1.0,2020-21,0.17,3367.0,178.0,177.96,33.0,Mid-size,22.4,37.8,,
Quillayute Valley School District (WA),1.0,2021-22,0.17,2696.0,200.0,199.53,33.0,Mid-size,20.9,33.3,,
Quillayute Valley School District (WA),1.0,2022-23,0.17,2473.0,181.0,181.0,33.0,Mid-size,20.0,25.4,,
Quillayute Valley School District (WA),1.0,2023-24,0.17,3439.0,162.0,162.39,43.0,Distant Rural,46.9,25.9,81.3,53.1
Quillayute Valley School District (WA),0.0,2024-25,,,,164.76,43.0,Distant Rural,29.5,25.8,57.4,53.2
Quincy School District (WA),0.92,2015-16,0.13,3177.0,181.0,166.36,32.0,Mid-size,19.1,26.3,,
Quincy School District (WA),0.92,2016-17,0.13,3253.0,186.0,171.52,32.0,Mid-size,16.8,35.1,,
Quincy School District (WA),0.88,2017-18,0.13,3411.0,200.0,176.38,32.0,Mid-size,24.5,36.7,,
Quincy School District (WA),1.88,2018-19,0.27,1610.0,92.0,173.11,32.0,Mid-size,26.7,44.6,,
Quincy School District (WA),2.0,2019-20,0.25,1517.0,90.0,180.17,32.0,Mid-size,,,,
Quincy School District (WA),2.0,2020-21,0.22,1525.0,90.0,180.25,32.0,Mid-size,27.5,27.5,,
Quincy School District (WA),2.0,2021-22,0.22,1563.0,91.0,181.21,32.0,Mid-size,25.6,31.1,,
Quincy School District (WA),2.0,2022-23,0.22,1542.0,101.0,201.0,32.0,Mid-size,22.7,33.3,,
Quincy School District (WA),2.0,2023-24,0.22,1601.0,101.0,201.28,32.0,Mid-size,24.7,42.4,48.0,66.9
Quincy School District (WA),2.0,2024-25,0.22,1581.0,96.0,192.82,32.0,Mid-size,25.9,34.1,49.6,61.4
Rainier School District (WA),1.0,2015-16,0.33,804.0,46.0,45.89,42.0,Distant Rural,52.7,63.5,,
Rainier School District (WA),1.0,2016-17,0.33,812.0,46.0,46.43,42.0,Distant Rural,56.7,45.8,,
Rainier School District (WA),1.0,2017-18,0.33,878.0,48.0,48.0,42.0,Distant Rural,46.6,64.8,,
Rainier School District (WA),1.0,2018-19,0.33,899.0,49.0,48.99,42.0,Distant Rural,53.4,50.0,,
Rainier School District (WA),1.0,2019-20,0.33,922.0,51.0,50.62,42.0,Distant Rural,,,,
Rainier School District (WA),1.0,2020-21,0.33,888.0,52.0,52.0,42.0,Distant Rural,37.7,39.4,,
Rainier School District (WA),1.0,2021-22,0.33,918.0,51.0,51.0,42.0,Distant Rural,52.9,37.3,,
Rainier School District (WA),1.0,2022-23,0.33,931.0,57.0,57.0,42.0,Distant Rural,50.0,56.4,,
Rainier School District (WA),1.0,2023-24,0.33,979.0,57.0,57.0,42.0,Distant Rural,49.4,41.6,70.1,72.7
Rainier School District (WA),1.0,2024-25,0.33,1017.0,57.0,56.86,42.0,Distant Rural,52.0,56.8,81.3,80.7
Raymond School District (WA),0.0,2015-16,0.0,,,39.99,41.0,Rural,50.0,29.7,,
Raymond School District (WA),0.0,2016-17,0.0,,,39.99,41.0,Rural,35.0,54.8,,
Raymond School District (WA),0.0,2017-18,0.0,,,38.16,41.0,Rural,42.9,43.5,,
Raymond School District (WA),0.0,2018-19,0.0,,,37.01,41.0,Rural,37.0,43.2,,
Raymond School District (WA),0.0,2019-20,0.0,,,36.0,41.0,Rural,,,,
Raymond School District (WA),0.0,2020-21,0.0,,,36.29,33.0,Mid-size,20.0,38.5,,
Raymond School District (WA),0.0,2021-22,0.0,,,32.59,41.0,Rural,33.3,30.2,,
Raymond School District (WA),0.0,2022-23,0.0,,,35.0,41.0,Rural,30.6,17.1,,
Raymond School District (WA),0.0,2023-24,,,,37.36,43.0,Distant Rural,37.5,26.7,66.7,57.8
Raymond School District (WA),0.0,2024-25,,,,30.63,43.0,Distant Rural,43.6,38.9,64.1,77.8
Reardan-Edwall School District (WA),1.0,2015-16,0.33,544.0,32.0,32.48,42.0,Distant Rural,61.0,64.0,,
Reardan-Edwall School District (WA),0.0,2016-17,0.0,,,30.73,42.0,Distant Rural,64.2,58.3,,
Reardan-Edwall School District (WA),0.0,2017-18,0.0,,,28.08,42.0,Distant Rural,63.4,,,
Reardan-Edwall School District (WA),0.0,2018-19,0.0,,,32.01,42.0,Distant Rural,61.2,46.2,,
Reardan-Edwall School District (WA),0.0,2019-20,0.0,,,34.58,42.0,Distant Rural,,,,
Reardan-Edwall School District (WA),0.0,2020-21,0.0,,,37.34,42.0,Distant Rural,32.0,42.6,,
Reardan-Edwall School District (WA),0.0,2021-22,0.0,,,42.1,42.0,Distant Rural,33.3,51.0,,
Reardan-Edwall School District (WA),0.0,2022-23,0.0,,,42.0,42.0,Distant Rural,48.0,50.0,,
Reardan-Edwall School District (WA),0.0,2023-24,,,,43.34,42.0,Distant Rural,42.3,51.0,54.9,78.4
Reardan-Edwall School District (WA),0.0,2024-25,,,,46.28,42.0,Distant Rural,49.0,52.4,64.7,76.2
Renton School District (WA),20.5,2015-16,0.71,778.0,40.0,817.48,13.0,Urban,49.7,60.7,,
Renton School District (WA),20.5,2016-17,0.71,773.0,40.0,819.07,12.0,Urban,49.3,56.5,,
Renton School District (WA),21.0,2017-18,0.75,766.0,39.0,821.59,12.0,Urban,51.5,54.3,,
Renton School District (WA),22.0,2018-19,0.76,747.0,39.0,850.16,12.0,Urban,49.8,49.9,,
Renton School District (WA),23.0,2019-20,0.79,704.0,38.0,867.47,12.0,Urban,,,,
Renton School District (WA),23.0,2020-21,0.77,678.0,37.0,842.24,12.0,Urban,37.3,39.0,,
Renton School District (WA),22.99,2021-22,0.77,666.0,35.0,798.7,12.0,Urban,41.3,39.8,,
Renton School District (WA),22.25,2022-23,0.74,684.0,37.0,825.0,12.0,Urban,43.5,38.6,,
Renton School District (WA),22.42,2023-24,0.72,673.0,37.0,834.64,12.0,Urban,45.0,40.4,62.7,60.0
Renton School District (WA),23.5,2024-25,0.76,633.0,34.0,803.58,12.0,Urban,46.1,45.0,63.1,64.8
Republic School District (WA),0.0,2015-16,0.0,,,23.97,43.0,Distant Rural,42.1,61.1,,
Republic School District (WA),0.0,2016-17,0.0,,,24.37,43.0,Distant Rural,33.3,41.7,,
Republic School District (WA),0.0,2017-18,0.0,,,27.03,43.0,Distant Rural,34.3,24.0,,
Republic School District (WA),0.0,2018-19,0.0,,,27.09,43.0,Distant Rural,35.3,44.8,,
Republic School District (WA),0.0,2019-20,0.0,,,20.99,43.0,Distant Rural,,,,
Republic School District (WA),0.0,2020-21,0.0,,,19.75,43.0,Distant Rural,24.2,22.2,,
Republic School District (WA),0.0,2021-22,0.0,,,21.5,43.0,Distant Rural,37.0,18.2,,
Republic School District (WA),0.0,2022-23,0.0,,,24.0,43.0,Distant Rural,42.1,47.8,,
Republic School District (WA),0.0,2023-24,,,,23.74,43.0,Distant Rural,26.9,34.3,57.7,68.6
Republic School District (WA),0.0,2024-25,,,,23.5,43.0,Distant Rural,33.3,35.7,48.2,75.0
Richland School District (WA),15.4,2015-16,0.81,858.0,39.0,604.11,13.0,Urban,58.1,56.1,,
Richland School District (WA),15.52,2016-17,0.82,873.0,42.0,652.6,13.0,Urban,57.6,52.4,,
Richland School District (WA),16.42,2017-18,0.82,840.0,41.0,666.15,13.0,Urban,60.8,61.3,,
Richland School District (WA),6.0,2018-19,0.29,2328.0,118.0,706.27,13.0,Urban,60.5,57.1,,
Richland School District (WA),7.01,2019-20,0.33,2029.0,102.0,713.02,13.0,Urban,,,,
Richland School District (WA),7.0,2020-21,0.33,1942.0,99.0,695.51,13.0,Urban,49.9,51.1,,
Richland School District (WA),7.0,2021-22,0.32,1976.0,96.0,668.86,13.0,Urban,55.4,52.2,,
Richland School District (WA),6.0,2022-23,0.26,2325.0,122.0,731.0,13.0,Urban,51.9,50.9,,
Richland School District (WA),7.99,2023-24,0.35,1790.0,93.0,746.68,13.0,Urban,53.4,44.6,69.5,63.0
Richland School District (WA),8.0,2024-25,0.35,1801.0,91.0,728.78,13.0,Urban,49.4,45.2,68.3,65.6
Ridgefield School District (WA),2.0,2015-16,0.5,1250.0,54.0,107.35,31.0,Mid-size,77.3,71.1,,
Ridgefield School District (WA),2.0,2016-17,0.5,1403.0,62.0,123.41,31.0,Mid-size,39.0,64.5,,
Ridgefield School District (WA),3.0,2017-18,0.75,1019.0,52.0,156.58,31.0,Mid-size,74.8,65.1,,
Ridgefield School District (WA),3.0,2018-19,0.6,1072.0,56.0,168.41,31.0,Mid-size,75.1,60.1,,
Ridgefield School District (WA),3.0,2019-20,0.5,1166.0,60.0,181.11,31.0,Mid-size,,,,
Ridgefield School District (WA),3.0,2020-21,0.5,1128.0,61.0,184.47,31.0,Mid-size,66.8,63.3,,
Ridgefield School District (WA),3.0,2021-22,0.43,1282.0,63.0,187.76,41.0,Rural,73.1,59.3,,
Ridgefield School District (WA),3.0,2022-23,0.43,1329.0,74.0,221.0,41.0,Rural,65.3,54.0,,
Ridgefield School District (WA),3.0,2023-24,0.43,1373.0,76.0,227.51,31.0,Mid-size,64.2,55.3,82.5,74.8
Ridgefield School District (WA),3.0,2024-25,0.43,1432.0,75.0,225.53,31.0,Mid-size,66.7,49.3,81.1,70.6
Ritzville School District (WA),0.0,2015-16,0.0,,,23.54,43.0,Distant Rural,84.4,69.7,,
Ritzville School District (WA),0.0,2016-17,0.0,,,23.36,43.0,Distant Rural,53.6,56.5,,
Ritzville School District (WA),0.0,2017-18,0.0,,,24.04,43.0,Distant Rural,70.4,75.0,,
Ritzville School District (WA),0.0,2018-19,0.0,,,24.05,43.0,Distant Rural,44.4,44.4,,
Ritzville School District (WA),0.0,2019-20,0.0,,,23.51,43.0,Distant Rural,,,,
Ritzville School District (WA),0.0,2020-21,0.0,,,23.5,43.0,Distant Rural,35.5,54.3,,
Ritzville School District (WA),0.0,2021-22,0.0,,,23.51,43.0,Distant Rural,32.1,50.0,,
Ritzville School District (WA),0.0,2022-23,0.0,,,25.0,43.0,Distant Rural,52.2,37.9,,
Ritzville School District (WA),0.0,2023-24,,,,25.38,43.0,Distant Rural,43.8,45.5,62.5,75.8
Ritzville School District (WA),0.0,2024-25,,,,24.52,43.0,Distant Rural,45.8,31.4,62.5,62.9
Riverside School District (WA),0.9,2015-16,0.18,1634.0,93.0,83.58,42.0,Distant Rural,46.3,52.4,,
Riverside School District (WA),0.9,2016-17,0.18,1648.0,97.0,87.08,42.0,Distant Rural,41.0,45.6,,
Riverside School District (WA),0.9,2017-18,0.18,1582.0,96.0,86.57,42.0,Distant Rural,45.5,49.0,,
Riverside School District (WA),0.7,2018-19,0.14,2074.0,121.0,84.71,42.0,Distant Rural,43.2,56.6,,
Riverside School District (WA),0.7,2019-20,0.14,2220.0,120.0,84.07,42.0,Distant Rural,,,,
Riverside School District (WA),0.0,2020-21,0.0,,,85.63,42.0,Distant Rural,40.6,46.8,,
Riverside School District (WA),0.0,2021-22,0.0,,,82.75,42.0,Distant Rural,49.0,53.4,,
Riverside School District (WA),0.0,2022-23,0.0,,,90.0,42.0,Distant Rural,49.6,47.5,,
Riverside School District (WA),0.0,2023-24,,,,89.3,42.0,Distant Rural,50.0,48.2,67.6,79.5
Riverside School District (WA),0.0,2024-25,,,,89.3,42.0,Distant Rural,49.6,46.2,73.1,82.6
Riverview School District (WA),5.0,2015-16,0.56,655.0,34.0,168.83,21.0,Suburban,64.1,71.3,,
Riverview School District (WA),5.27,2016-17,0.59,639.0,32.0,168.08,21.0,Suburban,58.7,73.7,,
Riverview School District (WA),5.44,2017-18,0.6,628.0,31.0,169.88,21.0,Suburban,70.7,71.9,,
Riverview School District (WA),5.66,2018-19,0.63,615.0,31.0,177.2,21.0,Suburban,65.0,67.4,,
Riverview School District (WA),4.99,2019-20,0.55,682.0,37.0,183.63,21.0,Suburban,,,,
Riverview School District (WA),5.2,2020-21,0.58,597.0,35.0,182.58,21.0,Suburban,61.2,70.0,,
Riverview School District (WA),5.0,2021-22,0.56,612.0,36.0,177.96,21.0,Suburban,68.3,71.8,,
Riverview School District (WA),4.99,2022-23,0.55,623.0,34.0,172.0,21.0,Suburban,69.6,64.5,,
Riverview School District (WA),4.99,2023-24,0.62,612.0,34.0,167.56,41.0,Rural,57.4,55.5,75.6,80.3
Riverview School District (WA),5.0,2024-25,0.63,599.0,34.0,170.27,41.0,Rural,68.4,64.4,82.9,86.5
Rochester School District (WA),0.0,2015-16,0.0,,,122.69,41.0,Rural,57.9,57.3,,
Rochester School District (WA),0.0,2016-17,0.0,,,127.83,41.0,Rural,51.0,55.7,,
Rochester School District (WA),0.0,2017-18,0.0,,,132.01,41.0,Rural,49.1,57.9,,
Rochester School District (WA),0.0,2018-19,0.0,,,132.47,41.0,Rural,44.3,,,
Rochester School District (WA),0.0,2019-20,0.0,,,127.81,41.0,Rural,,,,
Rochester School District (WA),0.0,2020-21,0.0,,,119.21,41.0,Rural,32.6,45.6,,
Rochester School District (WA),0.0,2021-22,0.0,,,132.63,41.0,Rural,39.6,44.8,,
Rochester School District (WA),0.0,2022-23,0.0,,,130.0,41.0,Rural,48.1,49.4,,
Rochester School District (WA),0.0,2023-24,,,,124.23,41.0,Rural,47.9,56.0,75.4,76.0
Rochester School District (WA),0.0,2024-25,,,,115.41,41.0,Rural,51.7,53.1,74.1,75.0
Roosevelt School District (WA),0.0,2015-16,0.0,,,1.97,43.0,Distant Rural,,,,
Roosevelt School District (WA),0.0,2016-17,0.0,,,2.0,43.0,Distant Rural,,,,
Roosevelt School District (WA),0.0,2017-18,0.0,,,1.88,43.0,Distant Rural,,,,
Roosevelt School District (WA),0.0,2018-19,0.0,,,2.0,43.0,Distant Rural,,,,
Roosevelt School District (WA),0.0,2019-20,0.0,,,1.9,43.0,Distant Rural,,,,
Roosevelt School District (WA),0.0,2020-21,0.0,,,2.01,43.0,Distant Rural,,,,
Roosevelt School District (WA),0.0,2021-22,0.0,,,3.0,43.0,Distant Rural,,,,
Roosevelt School District (WA),0.0,2022-23,0.0,,,3.0,43.0,Distant Rural,,,,
Roosevelt School District (WA),0.0,2023-24,,,,3.0,43.0,Distant Rural,,,,
Roosevelt School District (WA),0.0,2024-25,,,,3.0,43.0,Distant Rural,,,,
Rosalia School District (WA),0.0,2015-16,0.0,,,17.57,42.0,Distant Rural,58.3,50.0,,
Rosalia School District (WA),0.0,2016-17,0.0,,,17.31,42.0,Distant Rural,,73.3,,
Rosalia School District (WA),0.0,2017-18,0.0,,,17.58,42.0,Distant Rural,64.7,60.0,,
Rosalia School District (WA),0.0,2018-19,0.0,,,17.62,42.0,Distant Rural,45.5,82.4,,
Rosalia School District (WA),0.0,2019-20,0.0,,,17.59,42.0,Distant Rural,,,,
Rosalia School District (WA),0.0,2020-21,0.0,,,15.98,42.0,Distant Rural,30.8,60.0,,
Rosalia School District (WA),0.0,2021-22,0.0,,,17.5,42.0,Distant Rural,50.0,57.1,,
Rosalia School District (WA),0.0,2022-23,0.0,,,17.0,42.0,Distant Rural,54.5,,,
Rosalia School District (WA),0.0,2023-24,,,,17.01,42.0,Distant Rural,42.9,41.7,57.1,58.3
Rosalia School District (WA),0.0,2024-25,,,,16.36,42.0,Distant Rural,27.3,37.5,63.6,56.3
Royal School District (WA),2.75,2015-16,0.69,633.0,32.0,87.66,43.0,Distant Rural,28.8,44.8,,
Royal School District (WA),1.99,2016-17,0.5,884.0,47.0,93.96,43.0,Distant Rural,33.8,39.8,,
Royal School District (WA),1.99,2017-18,0.5,887.0,47.0,93.44,43.0,Distant Rural,34.2,42.8,,
Royal School District (WA),1.99,2018-19,0.5,877.0,48.0,94.63,43.0,Distant Rural,41.9,32.2,,
Royal School District (WA),1.99,2019-20,0.5,887.0,51.0,100.64,43.0,Distant Rural,,,,
Royal School District (WA),1.99,2020-21,0.5,889.0,50.0,98.94,43.0,Distant Rural,34.5,31.5,,
Royal School District (WA),2.0,2021-22,0.5,896.0,52.0,103.0,43.0,Distant Rural,37.1,41.3,,
Royal School District (WA),2.0,2022-23,0.5,882.0,53.0,106.0,43.0,Distant Rural,42.4,42.5,,
Royal School District (WA),2.0,2023-24,0.5,881.0,51.0,101.0,43.0,Distant Rural,40.0,40.3,65.5,70.5
Royal School District (WA),2.0,2024-25,0.5,885.0,49.0,98.0,43.0,Distant Rural,44.4,50.0,66.7,65.2
San Juan Island School District (WA),0.8,2015-16,0.2,1005.0,55.0,43.98,43.0,Distant Rural,71.2,65.7,,
San Juan Island School District (WA),1.0,2016-17,0.25,807.0,48.0,47.72,43.0,Distant Rural,64.4,71.7,,
San Juan Island School District (WA),1.0,2017-18,0.25,786.0,46.0,46.37,43.0,Distant Rural,63.6,72.4,,
San Juan Island School District (WA),1.0,2018-19,0.25,788.0,49.0,48.64,43.0,Distant Rural,69.0,63.5,,
San Juan Island School District (WA),1.0,2019-20,0.2,816.0,44.0,44.42,43.0,Distant Rural,,,,
San Juan Island School District (WA),1.0,2020-21,0.2,771.0,47.0,47.48,43.0,Distant Rural,50.9,57.7,,
San Juan Island School District (WA),1.0,2021-22,0.2,769.0,49.0,49.18,43.0,Distant Rural,50.9,54.2,,
San Juan Island School District (WA),1.0,2022-23,0.2,782.0,51.0,51.0,43.0,Distant Rural,60.8,39.4,,
San Juan Island School District (WA),1.0,2023-24,0.2,802.0,49.0,49.15,32.0,Mid-size,56.9,55.8,70.7,77.9
San Juan Island School District (WA),1.0,2024-25,0.17,797.0,52.0,52.11,32.0,Mid-size,54.8,72.9,69.4,87.5
Satsop School District (WA),0.0,2015-16,0.0,,,3.49,32.0,Mid-size,,,,
Satsop School District (WA),0.0,2016-17,0.0,,,3.52,32.0,Mid-size,45.5,,,
Satsop School District (WA),0.0,2017-18,0.0,,,3.53,32.0,Mid-size,,,,
Satsop School District (WA),0.0,2018-19,0.0,,,3.43,32.0,Mid-size,75.0,,,
Satsop School District (WA),0.0,2019-20,0.0,,,3.41,32.0,Mid-size,,,,
Satsop School District (WA),0.0,2020-21,0.0,,,3.44,32.0,Mid-size,,,,
Satsop School District (WA),0.0,2021-22,0.0,,,3.43,32.0,Mid-size,,,,
Satsop School District (WA),0.0,2022-23,0.0,,,4.0,32.0,Mid-size,,,,
Satsop School District (WA),0.0,2023-24,,,,3.61,32.0,Mid-size,,,,
Satsop School District (WA),0.0,2024-25,,,,3.75,32.0,Mid-size,66.7,,86.7,
Seattle Public Schools (WA),61.5,2015-16,0.57,867.0,49.0,3043.21,11.0,Large Urban,65.8,65.9,,
Seattle Public Schools (WA),61.86,2016-17,0.58,876.0,50.0,3105.1,11.0,Large Urban,64.4,67.0,,
Seattle Public Schools (WA),64.98,2017-18,0.59,840.0,48.0,3149.23,11.0,Large Urban,66.3,68.9,,
Seattle Public Schools (WA),67.36,2018-19,0.62,821.0,49.0,3319.6,11.0,Large Urban,67.8,70.2,,
Seattle Public Schools (WA),67.7,2019-20,0.62,827.0,48.0,3238.68,11.0,Large Urban,,,,
Seattle Public Schools (WA),69.01,2020-21,0.63,782.0,49.0,3377.56,11.0,Large Urban,59.7,64.4,,
Seattle Public Schools (WA),66.49,2021-22,0.61,774.0,47.0,3110.54,11.0,Large Urban,61.9,62.8,,
Seattle Public Schools (WA),68.21,2022-23,0.63,751.0,46.0,3166.0,11.0,Large Urban,62.3,63.3,,
Seattle Public Schools (WA),66.9,2023-24,0.61,759.0,46.0,3082.84,11.0,Large Urban,62.8,62.6,76.8,78.8
Seattle Public Schools (WA),66.99,2024-25,0.62,758.0,46.0,3073.77,11.0,Large Urban,62.1,61.5,76.5,76.9
Sedro-Woolley School District (WA),1.7,2015-16,0.15,2559.0,140.0,237.7,23.0,Suburban,55.6,46.0,,
Sedro-Woolley School District (WA),3.64,2016-17,0.3,1221.0,70.0,254.38,23.0,Suburban,51.5,43.2,,
Sedro-Woolley School District (WA),3.65,2017-18,0.3,1227.0,71.0,260.71,23.0,Suburban,66.1,56.7,,
Sedro-Woolley School District (WA),3.65,2018-19,0.3,1287.0,74.0,269.32,23.0,Suburban,55.8,55.7,,
Sedro-Woolley School District (WA),3.74,2019-20,0.31,1253.0,73.0,273.82,23.0,Suburban,,,,
Sedro-Woolley School District (WA),1.2,2020-21,0.1,3630.0,210.0,252.45,23.0,Suburban,39.2,41.5,,
Sedro-Woolley School District (WA),0.9,2021-22,0.07,4930.0,263.0,236.5,23.0,Suburban,38.3,38.6,,
Sedro-Woolley School District (WA),0.9,2022-23,0.07,5103.0,279.0,251.0,23.0,Suburban,38.8,32.5,,
Sedro-Woolley School District (WA),1.1,2023-24,0.09,4127.0,228.0,250.71,23.0,Suburban,38.0,35.1,62.3,61.0
Sedro-Woolley School District (WA),1.1,2024-25,0.09,4182.0,221.0,243.02,23.0,Suburban,41.5,34.0,63.7,60.1
Selah School District (WA),2.0,2015-16,0.25,1809.0,98.0,196.42,22.0,Suburban,52.4,55.3,,
Selah School District (WA),2.0,2016-17,0.25,1853.0,106.0,212.56,22.0,Suburban,48.9,52.8,,
Selah School District (WA),1.0,2017-18,0.13,3742.0,214.0,214.2,22.0,Suburban,48.8,56.7,,
Selah School District (WA),1.0,2018-19,0.13,3848.0,221.0,220.64,22.0,Suburban,57.6,54.9,,
Selah School District (WA),1.0,2019-20,0.1,3910.0,214.0,213.68,22.0,Suburban,,,,
Selah School District (WA),0.0,2020-21,0.0,,,218.38,22.0,Suburban,37.3,44.7,,
Selah School District (WA),0.0,2021-22,0.0,,,224.68,22.0,Suburban,35.8,46.2,,
Selah School District (WA),0.0,2022-23,0.0,,,221.0,22.0,Suburban,35.6,37.5,,
Selah School District (WA),0.0,2023-24,,,,229.92,22.0,Suburban,27.0,30.3,51.4,57.1
Selah School District (WA),0.0,2024-25,,,,221.95,22.0,Suburban,29.4,34.6,60.8,59.4
Selkirk School District (WA),0.0,2015-16,0.0,,,16.78,43.0,Distant Rural,50.0,70.8,,
Selkirk School District (WA),0.0,2016-17,0.0,,,18.65,43.0,Distant Rural,76.5,68.8,,
Selkirk School District (WA),0.0,2017-18,0.0,,,20.08,43.0,Distant Rural,56.5,80.0,,
Selkirk School District (WA),0.0,2018-19,0.0,,,18.04,43.0,Distant Rural,63.6,68.0,,
Selkirk School District (WA),0.0,2019-20,0.0,,,19.39,43.0,Distant Rural,,,,
Selkirk School District (WA),0.0,2020-21,0.0,,,19.7,43.0,Distant Rural,36.8,40.9,,
Selkirk School District (WA),0.0,2021-22,0.0,,,19.85,43.0,Distant Rural,61.1,60.9,,
Selkirk School District (WA),0.0,2022-23,0.0,,,20.0,43.0,Distant Rural,47.1,73.3,,
Selkirk School District (WA),0.0,2023-24,,,,21.01,43.0,Distant Rural,46.7,65.2,80.0,95.7
Selkirk School District (WA),0.0,2024-25,,,,20.19,43.0,Distant Rural,44.4,50.0,61.1,75.0
Sequim School District (WA),4.0,2015-16,0.8,711.0,39.0,155.02,32.0,Mid-size,64.8,65.8,,
Sequim School District (WA),4.0,2016-17,0.8,720.0,39.0,156.24,32.0,Mid-size,64.6,62.8,,
Sequim School District (WA),4.0,2017-18,0.8,703.0,41.0,163.06,32.0,Mid-size,64.8,65.5,,
Sequim School District (WA),4.0,2018-19,0.8,692.0,40.0,161.08,32.0,Mid-size,66.5,62.4,,
Sequim School District (WA),4.0,2019-20,0.8,688.0,40.0,160.94,32.0,Mid-size,,,,
Sequim School District (WA),3.94,2020-21,0.66,642.0,39.0,152.6,32.0,Mid-size,53.8,61.0,,
Sequim School District (WA),3.94,2021-22,0.66,657.0,38.0,149.29,32.0,Mid-size,55.2,55.5,,
Sequim School District (WA),4.92,2022-23,0.82,529.0,31.0,152.0,32.0,Mid-size,51.4,53.4,,
Sequim School District (WA),3.54,2023-24,0.59,738.0,41.0,145.01,32.0,Mid-size,55.6,51.1,78.7,75.3
Sequim School District (WA),2.56,2024-25,0.43,1008.0,56.0,144.47,32.0,Mid-size,54.8,53.1,75.7,70.1
Shaw Island School District (WA),0.0,2015-16,0.0,,,2.0,42.0,Distant Rural,,,,
Shaw Island School District (WA),0.0,2016-17,0.0,,,0.99,42.0,Distant Rural,,,,
Shaw Island School District (WA),0.0,2017-18,0.0,,,0.99,42.0,Distant Rural,,,,
Shaw Island School District (WA),0.0,2018-19,0.0,,,1.73,42.0,Distant Rural,,,,
Shaw Island School District (WA),0.0,2019-20,0.0,,,1.0,42.0,Distant Rural,,,,
Shaw Island School District (WA),0.0,2020-21,0.0,,,1.8,42.0,Distant Rural,,,,
Shaw Island School District (WA),0.0,2021-22,0.0,,,2.0,42.0,Distant Rural,,,,
Shaw Island School District (WA),0.0,2022-23,0.0,,,2.0,42.0,Distant Rural,,,,
Shaw Island School District (WA),0.0,2023-24,,,,2.0,42.0,Distant Rural,,,,
Shaw Island School District (WA),0.0,2024-25,,,,0.66,42.0,Distant Rural,,,,
Shelton School District (WA),4.0,2015-16,0.5,1079.0,62.0,249.97,32.0,Mid-size,41.0,45.5,,
Shelton School District (WA),4.0,2016-17,0.5,1107.0,64.0,256.19,32.0,Mid-size,40.6,40.5,,
Shelton School District (WA),4.0,2017-18,0.5,1096.0,67.0,266.24,32.0,Mid-size,44.8,39.9,,
Shelton School District (WA),4.0,2018-19,0.44,1140.0,67.0,267.18,32.0,Mid-size,39.7,36.6,,
Shelton School District (WA),1.6,2019-20,0.18,2955.0,175.0,279.86,32.0,Mid-size,,,,
Shelton School District (WA),1.6,2020-21,0.16,2729.0,173.0,277.16,32.0,Mid-size,20.8,41.6,,
Shelton School District (WA),1.6,2021-22,0.16,2755.0,163.0,260.77,32.0,Mid-size,30.3,29.2,,
Shelton School District (WA),1.6,2022-23,0.16,2838.0,171.0,273.0,32.0,Mid-size,29.8,30.4,,
Shelton School District (WA),1.6,2023-24,0.16,2829.0,172.0,275.61,32.0,Mid-size,30.3,26.6,48.0,50.0
Shelton School District (WA),1.6,2024-25,0.16,2823.0,171.0,273.6,32.0,Mid-size,37.3,24.7,52.6,47.9
Shoreline School District (WA),12.69,2015-16,0.67,744.0,36.0,457.14,21.0,Suburban,77.5,73.8,,
Shoreline School District (WA),13.5,2016-17,0.71,715.0,35.0,465.94,21.0,Suburban,72.1,71.1,,
Shoreline School District (WA),14.0,2017-18,0.74,704.0,34.0,474.52,21.0,Suburban,69.6,76.0,,
Shoreline School District (WA),14.2,2018-19,0.75,697.0,34.0,481.23,21.0,Suburban,74.2,70.7,,
Shoreline School District (WA),14.5,2019-20,0.76,705.0,35.0,507.46,21.0,Suburban,,,,
Shoreline School District (WA),11.14,2020-21,0.62,855.0,43.0,482.48,21.0,Suburban,66.1,64.4,,
Shoreline School District (WA),10.67,2021-22,0.59,889.0,43.0,462.43,21.0,Suburban,65.0,62.4,,
Shoreline School District (WA),9.97,2022-23,0.55,959.0,47.0,472.0,21.0,Suburban,63.0,64.9,,
Shoreline School District (WA),9.57,2023-24,0.53,1004.0,50.0,478.91,21.0,Suburban,66.2,69.5,80.3,87.5
Shoreline School District (WA),9.48,2024-25,0.53,1025.0,51.0,482.67,21.0,Suburban,61.0,60.3,79.0,80.9
Skamania School District (WA),0.0,2015-16,0.0,,,5.6,42.0,Distant Rural,53.8,,,
Skamania School District (WA),0.0,2016-17,0.0,,,4.63,42.0,Distant Rural,,,,
Skamania School District (WA),0.0,2017-18,0.0,,,5.66,42.0,Distant Rural,,,,
Skamania School District (WA),0.0,2018-19,0.0,,,5.63,42.0,Distant Rural,,,,
Skamania School District (WA),0.0,2019-20,0.0,,,4.63,42.0,Distant Rural,,,,
Skamania School District (WA),0.0,2020-21,0.0,,,5.6,42.0,Distant Rural,63.6,,,
Skamania School District (WA),0.0,2021-22,0.0,,,6.46,42.0,Distant Rural,,,,
Skamania School District (WA),0.0,2022-23,0.0,,,6.0,42.0,Distant Rural,,,,
Skamania School District (WA),0.0,2023-24,,,,6.69,42.0,Distant Rural,,,,
Skamania School District (WA),0.0,2024-25,,,,7.04,42.0,Distant Rural,,,,
Skykomish School District (WA),0.0,2015-16,0.0,,,9.82,42.0,Distant Rural,,,,
Skykomish School District (WA),0.0,2016-17,0.0,,,8.6,42.0,Distant Rural,,,,
Skykomish School District (WA),0.0,2017-18,0.0,,,8.5,42.0,Distant Rural,,,,
Skykomish School District (WA),0.0,2018-19,0.0,,,9.5,42.0,Distant Rural,,,,
Skykomish School District (WA),0.0,2019-20,0.0,,,9.0,42.0,Distant Rural,,,,
Skykomish School District (WA),0.0,2020-21,0.0,,,9.0,42.0,Distant Rural,,,,
Skykomish School District (WA),0.0,2021-22,0.0,,,10.0,42.0,Distant Rural,,,,
Skykomish School District (WA),0.0,2022-23,0.0,,,9.0,42.0,Distant Rural,,,,
Skykomish School District (WA),0.0,2023-24,,,,9.0,43.0,Distant Rural,,,,
Skykomish School District (WA),0.0,2024-25,,,,9.0,43.0,Distant Rural,,,,
Snohomish School District (WA),13.8,2015-16,0.73,736.0,33.0,460.93,22.0,Suburban,56.5,55.6,,
Snohomish School District (WA),13.82,2016-17,0.73,738.0,35.0,476.98,22.0,Suburban,58.0,61.0,,
Snohomish School District (WA),13.82,2017-18,0.73,731.0,36.0,492.88,22.0,Suburban,60.4,63.6,,
Snohomish School District (WA),13.82,2018-19,0.73,730.0,36.0,496.31,22.0,Suburban,65.3,65.3,,
Snohomish School District (WA),13.6,2019-20,0.76,741.0,36.0,489.63,22.0,Suburban,,,,
Snohomish School District (WA),8.14,2020-21,0.45,1157.0,60.0,487.69,22.0,Suburban,53.7,57.9,,
Snohomish School District (WA),6.49,2021-22,0.36,1438.0,72.0,466.98,22.0,Suburban,54.9,52.8,,
Snohomish School District (WA),6.65,2022-23,0.37,1416.0,74.0,493.0,22.0,Suburban,55.1,54.9,,
Snohomish School District (WA),6.65,2023-24,0.37,1449.0,74.0,493.52,21.0,Suburban,60.8,47.2,77.6,68.7
Snohomish School District (WA),6.24,2024-25,0.35,1560.0,80.0,501.4,21.0,Suburban,63.0,50.8,80.1,73.3
Snoqualmie Valley School District (WA),5.5,2015-16,0.46,1254.0,59.0,326.61,31.0,Mid-size,79.4,77.3,,
Snoqualmie Valley School District (WA),6.42,2016-17,0.49,1106.0,53.0,337.77,31.0,Mid-size,75.5,73.3,,
Snoqualmie Valley School District (WA),6.56,2017-18,0.5,1091.0,53.0,349.93,31.0,Mid-size,81.9,75.0,,
Snoqualmie Valley School District (WA),6.0,2018-19,0.46,1202.0,63.0,377.89,31.0,Mid-size,79.1,73.2,,
Snoqualmie Valley School District (WA),6.0,2019-20,0.43,1226.0,64.0,384.38,31.0,Mid-size,,,,
Snoqualmie Valley School District (WA),6.0,2020-21,0.43,1167.0,65.0,389.52,31.0,Mid-size,70.2,69.1,,
Snoqualmie Valley School District (WA),5.0,2021-22,0.36,1436.0,73.0,366.99,31.0,Mid-size,74.9,72.9,,
Snoqualmie Valley School District (WA),6.0,2022-23,0.43,1181.0,68.0,410.0,31.0,Mid-size,73.3,74.5,,
Snoqualmie Valley School District (WA),7.0,2023-24,0.54,1023.0,56.0,391.87,31.0,Mid-size,78.2,70.6,91.1,87.6
Snoqualmie Valley School District (WA),6.0,2024-25,0.46,1191.0,65.0,389.93,31.0,Mid-size,79.5,73.2,91.9,87.8
Soap Lake School District (WA),0.0,2015-16,0.0,,,30.54,42.0,Distant Rural,42.9,40.5,,
Soap Lake School District (WA),0.0,2016-17,0.0,,,33.02,42.0,Distant Rural,25.7,30.2,,
Soap Lake School District (WA),0.0,2017-18,0.0,,,31.88,42.0,Distant Rural,17.6,51.2,,
Soap Lake School District (WA),0.0,2018-19,0.0,,,30.79,42.0,Distant Rural,32.1,28.6,,
Soap Lake School District (WA),0.0,2019-20,0.0,,,35.69,42.0,Distant Rural,,,,
Soap Lake School District (WA),0.0,2020-21,0.0,,,35.84,42.0,Distant Rural,15.0,20.5,,
Soap Lake School District (WA),0.0,2021-22,0.0,,,36.0,42.0,Distant Rural,16.2,22.0,,
Soap Lake School District (WA),0.0,2022-23,0.0,,,35.0,42.0,Distant Rural,15.8,19.0,,
Soap Lake School District (WA),0.0,2023-24,,,,35.59,42.0,Distant Rural,13.6,15.9,31.8,29.6
Soap Lake School District (WA),0.0,2024-25,,,,31.0,42.0,Distant Rural,9.4,8.5,31.3,31.9
South Bend School District (WA),0.71,2015-16,0.18,856.0,52.0,37.05,33.0,Mid-size,48.9,48.6,,
South Bend School District (WA),0.8,2016-17,0.2,761.0,45.0,35.7,33.0,Mid-size,29.5,59.1,,
South Bend School District (WA),0.66,2017-18,0.17,917.0,56.0,36.85,33.0,Mid-size,27.1,61.8,,
South Bend School District (WA),0.66,2018-19,0.17,986.0,56.0,37.03,33.0,Mid-size,37.5,74.6,,
South Bend School District (WA),0.67,2019-20,0.17,954.0,52.0,35.16,33.0,Mid-size,,,,
South Bend School District (WA),0.5,2020-21,0.13,1306.0,66.0,32.95,33.0,Mid-size,43.9,41.8,,
South Bend School District (WA),0.67,2021-22,0.17,843.0,53.0,35.81,33.0,Mid-size,43.6,51.0,,
South Bend School District (WA),0.67,2022-23,0.17,860.0,57.0,38.0,33.0,Mid-size,31.8,48.7,,
South Bend School District (WA),0.66,2023-24,0.17,942.0,53.0,34.69,43.0,Distant Rural,47.1,42.9,67.7,71.4
South Bend School District (WA),0.75,2024-25,0.11,1469.0,47.0,35.61,43.0,Distant Rural,43.9,31.0,63.4,53.5
South Kitsap School District (WA),7.86,2015-16,0.46,1240.0,66.0,519.67,22.0,Suburban,60.8,60.6,,
South Kitsap School District (WA),8.29,2016-17,0.49,1197.0,61.0,504.68,22.0,Suburban,57.5,56.6,,
South Kitsap School District (WA),8.54,2017-18,0.5,1166.0,62.0,529.68,22.0,Suburban,60.6,51.0,,
South Kitsap School District (WA),8.04,2018-19,0.47,1220.0,68.0,546.88,22.0,Suburban,64.2,61.4,,
South Kitsap School District (WA),8.3,2019-20,0.46,1203.0,68.0,562.57,22.0,Suburban,,,,
South Kitsap School District (WA),8.43,2020-21,0.47,1202.0,67.0,561.53,13.0,Urban,50.9,53.8,,
South Kitsap School District (WA),8.13,2021-22,0.45,1202.0,68.0,551.99,13.0,Urban,52.1,51.0,,
South Kitsap School District (WA),8.12,2022-23,0.48,1133.0,67.0,543.0,22.0,Suburban,50.6,54.8,,
South Kitsap School District (WA),8.12,2023-24,0.48,1145.0,68.0,554.08,22.0,Suburban,47.5,51.4,72.5,73.1
South Kitsap School District (WA),8.19,2024-25,0.48,1139.0,69.0,563.64,22.0,Suburban,53.8,53.2,76.2,78.2
South Whidbey School District (WA),0.0,2015-16,0.0,,,79.02,42.0,Distant Rural,61.1,64.7,,
South Whidbey School District (WA),0.0,2016-17,0.0,,,71.55,42.0,Distant Rural,53.1,55.2,,
South Whidbey School District (WA),1.0,2017-18,0.2,1402.0,75.0,75.09,42.0,Distant Rural,67.4,49.6,,
South Whidbey School District (WA),1.0,2018-19,0.2,1363.0,77.0,77.22,42.0,Distant Rural,40.4,64.9,,
South Whidbey School District (WA),1.0,2019-20,0.2,1358.0,69.0,68.97,42.0,Distant Rural,,,,
South Whidbey School District (WA),0.5,2020-21,0.1,2508.0,136.0,67.87,42.0,Distant Rural,40.7,63.5,,
South Whidbey School District (WA),0.5,2021-22,0.1,2406.0,139.0,69.36,42.0,Distant Rural,46.5,57.7,,
South Whidbey School District (WA),0.0,2022-23,0.0,,,67.0,42.0,Distant Rural,47.5,46.5,,
South Whidbey School District (WA),0.0,2023-24,,,,64.11,41.0,Rural,43.3,61.5,66.7,80.8
South Whidbey School District (WA),0.0,2024-25,,,,63.55,41.0,Rural,47.6,49.5,68.3,77.4
Southside School District (WA),0.0,2015-16,0.0,,,11.0,32.0,Mid-size,47.6,,,
Southside School District (WA),0.0,2016-17,0.0,,,11.02,32.0,Mid-size,70.4,,,
Southside School District (WA),0.0,2017-18,0.0,,,12.14,32.0,Mid-size,48.0,,,
Southside School District (WA),0.0,2018-19,0.0,,,12.34,32.0,Mid-size,46.7,,,
Southside School District (WA),0.0,2019-20,0.0,,,13.79,32.0,Mid-size,,,,
Southside School District (WA),0.0,2020-21,0.0,,,12.8,32.0,Mid-size,42.9,,,
Southside School District (WA),0.0,2021-22,0.0,,,14.64,32.0,Mid-size,33.3,,,
Southside School District (WA),0.0,2022-23,0.0,,,14.0,32.0,Mid-size,53.6,,,
Southside School District (WA),0.0,2023-24,,,,14.66,32.0,Mid-size,40.0,,70.0,
Southside School District (WA),0.0,2024-25,,,,14.45,32.0,Mid-size,43.6,,79.5,
Spokane School District (WA),36.3,2015-16,0.57,838.0,51.0,1861.41,12.0,Urban,52.6,51.6,,
Spokane School District (WA),36.2,2016-17,0.57,850.0,51.0,1843.8,12.0,Urban,51.0,56.4,,
Spokane School District (WA),11.07,2017-18,0.17,2708.0,172.0,1903.62,12.0,Urban,51.4,54.1,,
Spokane School District (WA),11.0,2018-19,0.17,2748.0,174.0,1913.35,12.0,Urban,51.9,53.2,,
Spokane School District (WA),0.0,2019-20,0.0,,,1807.81,12.0,Urban,,,,
Spokane School District (WA),0.0,2020-21,0.0,,,1743.47,12.0,Urban,44.6,48.4,,
Spokane School District (WA),10.6,2021-22,0.16,2671.0,178.0,1884.34,12.0,Urban,45.4,45.1,,
Spokane School District (WA),1.0,2022-23,0.01,28714.0,2067.0,2067.0,12.0,Urban,48.1,43.9,,
Spokane School District (WA),0.0,2023-24,,,,1999.91,12.0,Urban,44.0,43.5,64.9,68.7
Spokane School District (WA),0.0,2024-25,,,,1950.37,12.0,Urban,45.1,47.7,66.1,68.6
Sprague School District (WA),0.0,2015-16,0.0,,,9.18,43.0,Distant Rural,,,,
Sprague School District (WA),0.0,2016-17,0.0,,,9.28,43.0,Distant Rural,,,,
Sprague School District (WA),0.0,2017-18,0.0,,,9.34,43.0,Distant Rural,,,,
Sprague School District (WA),0.0,2018-19,0.0,,,9.5,43.0,Distant Rural,63.6,,,
Sprague School District (WA),0.0,2019-20,0.0,,,10.34,43.0,Distant Rural,,,,
Sprague School District (WA),0.0,2020-21,0.0,,,11.35,43.0,Distant Rural,,,,
Sprague School District (WA),0.0,2021-22,0.0,,,12.83,43.0,Distant Rural,,,,
Sprague School District (WA),0.0,2022-23,0.0,,,11.0,43.0,Distant Rural,,,,
Sprague School District (WA),0.0,2023-24,,,,11.15,43.0,Distant Rural,,,,
Sprague School District (WA),0.0,2024-25,,,,11.0,43.0,Distant Rural,,,,
St. John School District (WA),0.0,2015-16,0.0,,,13.11,43.0,Distant Rural,41.7,,,
St. John School District (WA),0.0,2016-17,0.0,,,15.06,43.0,Distant Rural,75.0,,,
St. John School District (WA),0.0,2017-18,0.0,,,15.09,43.0,Distant Rural,72.7,,,
St. John School District (WA),0.0,2018-19,0.0,,,15.0,43.0,Distant Rural,,,,
St. John School District (WA),0.0,2019-20,0.0,,,15.29,43.0,Distant Rural,,,,
St. John School District (WA),0.0,2020-21,0.0,,,14.2,43.0,Distant Rural,69.2,,,
St. John School District (WA),0.0,2021-22,0.0,,,14.04,43.0,Distant Rural,85.7,,,
St. John School District (WA),0.0,2022-23,0.0,,,15.0,43.0,Distant Rural,,,,
St. John School District (WA),0.0,2023-24,,,,14.81,43.0,Distant Rural,54.6,,72.7,
St. John School District (WA),0.0,2024-25,,,,13.0,43.0,Distant Rural,,,,
Stanwood-Camano School District (WA),4.8,2015-16,0.44,941.0,45.0,217.26,31.0,Mid-size,70.9,64.2,,
Stanwood-Camano School District (WA),5.3,2016-17,0.48,869.0,42.0,222.74,31.0,Mid-size,69.2,62.7,,
Stanwood-Camano School District (WA),6.3,2017-18,0.57,725.0,36.0,227.78,31.0,Mid-size,72.6,68.6,,
Stanwood-Camano School District (WA),5.3,2018-19,0.48,886.0,44.0,233.38,31.0,Mid-size,66.8,75.6,,
Stanwood-Camano School District (WA),1.0,2019-20,0.09,4883.0,253.0,253.41,31.0,Mid-size,,,,
Stanwood-Camano School District (WA),1.0,2020-21,0.09,4624.0,246.0,245.6,31.0,Mid-size,46.3,57.4,,
Stanwood-Camano School District (WA),2.0,2021-22,0.18,2321.0,122.0,244.57,31.0,Mid-size,49.1,57.6,,
Stanwood-Camano School District (WA),2.0,2022-23,0.18,2406.0,130.0,259.0,31.0,Mid-size,50.4,50.4,,
Stanwood-Camano School District (WA),1.0,2023-24,0.09,4861.0,252.0,252.12,31.0,Mid-size,44.8,50.9,69.3,74.6
Stanwood-Camano School District (WA),1.0,2024-25,0.09,4880.0,253.0,252.59,31.0,Mid-size,50.0,45.3,71.2,64.9
Star School District No. 054 (WA),0.0,2015-16,0.0,,,2.0,42.0,Distant Rural,,,,
Star School District No. 054 (WA),0.0,2016-17,0.0,,,2.0,42.0,Distant Rural,,,,
Star School District No. 054 (WA),0.0,2017-18,0.0,,,2.0,42.0,Distant Rural,,,,
Star School District No. 054 (WA),0.0,2018-19,0.0,,,2.0,42.0,Distant Rural,,,,
Star School District No. 054 (WA),0.0,2019-20,0.0,,,2.0,42.0,Distant Rural,,,,
Star School District No. 054 (WA),0.0,2020-21,0.0,,,2.0,42.0,Distant Rural,,,,
Star School District No. 054 (WA),0.0,2021-22,0.0,,,2.0,42.0,Distant Rural,,,,
Star School District No. 054 (WA),0.0,2022-23,,,,0.0,42.0,Distant Rural,,,,
Star School District No. 054 (WA),0.0,2023-24,,,,0.0,42.0,Distant Rural,,,,
Star School District No. 054 (WA),0.0,2024-25,,,,0.0,42.0,Distant Rural,,,,
Starbuck School District (WA),0.0,2015-16,0.0,,,2.45,43.0,Distant Rural,,,,
Starbuck School District (WA),0.0,2016-17,0.0,,,3.0,43.0,Distant Rural,,,,
Starbuck School District (WA),0.0,2017-18,0.0,,,2.0,43.0,Distant Rural,,,,
Starbuck School District (WA),0.0,2018-19,0.0,,,3.0,43.0,Distant Rural,,,,
Starbuck School District (WA),0.0,2019-20,0.0,,,3.0,43.0,Distant Rural,,,,
Starbuck School District (WA),0.0,2020-21,0.0,,,4.0,43.0,Distant Rural,,,,
Starbuck School District (WA),0.0,2021-22,0.0,,,4.0,43.0,Distant Rural,,,,
Starbuck School District (WA),0.0,2022-23,0.0,,,4.0,43.0,Distant Rural,,,,
Starbuck School District (WA),0.0,2023-24,,,,3.0,43.0,Distant Rural,,,,
Starbuck School District (WA),0.0,2024-25,,,,4.0,43.0,Distant Rural,,,,
Stehekin School District (WA),0.0,2015-16,0.0,,,1.0,43.0,Distant Rural,,,,
Stehekin School District (WA),0.0,2016-17,0.0,,,1.01,43.0,Distant Rural,,,,
Stehekin School District (WA),0.0,2017-18,0.0,,,1.01,43.0,Distant Rural,,,,
Stehekin School District (WA),0.0,2018-19,0.0,,,1.0,43.0,Distant Rural,,,,
Stehekin School District (WA),0.0,2019-20,0.0,,,1.0,43.0,Distant Rural,,,,
Stehekin School District (WA),0.0,2020-21,0.0,,,1.0,43.0,Distant Rural,,,,
Stehekin School District (WA),0.0,2021-22,0.0,,,1.01,43.0,Distant Rural,,,,
Stehekin School District (WA),0.0,2022-23,0.0,,,1.0,43.0,Distant Rural,,,,
Stehekin School District (WA),0.0,2023-24,,,,2.01,43.0,Distant Rural,,,,
Stehekin School District (WA),0.0,2024-25,,,,1.0,43.0,Distant Rural,,,,
Steilacoom Hist. School District (WA),2.0,2015-16,0.22,1582.0,79.0,157.41,21.0,Suburban,71.4,77.1,,
Steilacoom Hist. School District (WA),2.0,2016-17,0.22,1624.0,81.0,162.89,21.0,Suburban,60.6,63.7,,
Steilacoom Hist. School District (WA),2.0,2017-18,0.22,1655.0,83.0,166.03,21.0,Suburban,62.9,73.6,,
Steilacoom Hist. School District (WA),1.0,2018-19,0.1,3288.0,167.0,167.16,21.0,Suburban,64.1,72.1,,
Steilacoom Hist. School District (WA),0.0,2019-20,0.0,,,174.25,21.0,Suburban,,,,
Steilacoom Hist. School District (WA),0.0,2020-21,0.0,,,178.57,21.0,Suburban,56.5,48.5,,
Steilacoom Hist. School District (WA),0.0,2021-22,0.0,,,170.22,21.0,Suburban,50.9,44.2,,
Steilacoom Hist. School District (WA),0.0,2022-23,0.0,,,183.0,21.0,Suburban,40.8,53.4,,
Steilacoom Hist. School District (WA),0.0,2023-24,,,,162.41,21.0,Suburban,58.2,58.7,76.5,75.7
Steilacoom Hist. School District (WA),0.0,2024-25,,,,157.32,21.0,Suburban,54.5,61.8,77.0,85.4
Steptoe School District (WA),0.0,2015-16,0.0,,,3.68,42.0,Distant Rural,,,,
Steptoe School District (WA),0.0,2016-17,0.0,,,3.69,42.0,Distant Rural,,,,
Steptoe School District (WA),0.0,2017-18,0.0,,,3.69,42.0,Distant Rural,,,,
Steptoe School District (WA),0.0,2018-19,0.0,,,3.68,42.0,Distant Rural,,,,
Steptoe School District (WA),0.0,2019-20,0.0,,,3.74,42.0,Distant Rural,,,,
Steptoe School District (WA),0.0,2020-21,0.0,,,4.7,42.0,Distant Rural,,,,
Steptoe School District (WA),0.0,2021-22,0.0,,,4.67,42.0,Distant Rural,,,,
Steptoe School District (WA),0.0,2022-23,0.0,,,4.0,42.0,Distant Rural,,,,
Steptoe School District (WA),0.0,2023-24,,,,3.65,43.0,Distant Rural,,,,
Steptoe School District (WA),0.0,2024-25,,,,3.2,43.0,Distant Rural,,,,
Stevenson-Carson School District (WA),0.0,2015-16,0.0,,,51.1,42.0,Distant Rural,26.5,44.6,,
Stevenson-Carson School District (WA),0.0,2016-17,0.0,,,50.16,42.0,Distant Rural,36.2,31.0,,
Stevenson-Carson School District (WA),0.0,2017-18,0.0,,,45.93,42.0,Distant Rural,35.8,27.1,,
Stevenson-Carson School District (WA),0.0,2018-19,0.0,,,48.35,42.0,Distant Rural,39.4,55.2,,
Stevenson-Carson School District (WA),0.0,2019-20,0.0,,,45.6,42.0,Distant Rural,,,,
Stevenson-Carson School District (WA),0.0,2020-21,0.0,,,45.34,42.0,Distant Rural,29.6,50.0,,
Stevenson-Carson School District (WA),0.0,2021-22,0.0,,,45.2,42.0,Distant Rural,27.6,48.3,,
Stevenson-Carson School District (WA),0.0,2022-23,0.0,,,47.0,42.0,Distant Rural,43.1,42.6,,
Stevenson-Carson School District (WA),0.0,2023-24,,,,47.95,42.0,Distant Rural,36.4,56.1,52.3,82.5
Stevenson-Carson School District (WA),0.0,2024-25,,,,40.46,43.0,Distant Rural,30.0,60.6,50.0,77.3
Sultan School District (WA),3.0,2015-16,0.43,658.0,35.0,103.57,31.0,Mid-size,52.9,50.7,,
Sultan School District (WA),3.0,2016-17,0.38,664.0,35.0,104.4,31.0,Mid-size,53.5,57.6,,
Sultan School District (WA),3.0,2017-18,0.38,670.0,37.0,110.62,31.0,Mid-size,56.5,46.5,,
Sultan School District (WA),3.0,2018-19,0.43,638.0,38.0,112.6,31.0,Mid-size,62.8,44.7,,
Sultan School District (WA),1.0,2019-20,0.14,1988.0,113.0,113.48,31.0,Mid-size,,,,
Sultan School District (WA),1.0,2020-21,0.11,1892.0,114.0,114.27,31.0,Mid-size,36.1,44.1,,
Sultan School District (WA),0.0,2021-22,0.0,,,115.95,31.0,Mid-size,51.6,44.5,,
Sultan School District (WA),0.0,2022-23,0.0,,,119.0,31.0,Mid-size,52.6,38.8,,
Sultan School District (WA),0.0,2023-24,,,,121.07,32.0,Mid-size,49.1,50.0,67.4,81.5
Sultan School District (WA),0.0,2024-25,,,,114.05,32.0,Mid-size,49.4,58.3,70.2,75.6
Summit Valley School District (WA),0.0,2015-16,0.0,,,5.49,43.0,Distant Rural,27.3,,,
Summit Valley School District (WA),0.0,2016-17,0.0,,,4.23,43.0,Distant Rural,70.0,,,
Summit Valley School District (WA),0.0,2017-18,0.0,,,4.37,43.0,Distant Rural,75.0,,,
Summit Valley School District (WA),0.0,2018-19,0.0,,,5.24,43.0,Distant Rural,,,,
Summit Valley School District (WA),0.0,2019-20,0.0,,,5.15,43.0,Distant Rural,,,,
Summit Valley School District (WA),0.0,2020-21,0.0,,,5.37,43.0,Distant Rural,,,,
Summit Valley School District (WA),0.0,2021-22,0.0,,,4.79,43.0,Distant Rural,,,,
Summit Valley School District (WA),0.0,2022-23,0.0,,,5.0,43.0,Distant Rural,,,,
Summit Valley School District (WA),0.0,2023-24,,,,6.21,43.0,Distant Rural,17.7,,52.9,
Summit Valley School District (WA),0.0,2024-25,,,,6.36,43.0,Distant Rural,41.7,,41.7,
Sumner School District (WA),6.0,2015-16,0.43,1541.0,76.0,456.02,21.0,Suburban,70.8,65.9,,
Sumner School District (WA),4.02,2016-17,0.29,2392.0,120.0,483.41,21.0,Suburban,68.3,62.9,,
Sumner School District (WA),4.02,2017-18,0.29,2410.0,125.0,503.56,21.0,Suburban,71.0,71.7,,
Sumner School District (WA),5.01,2018-19,0.33,2011.0,95.0,475.14,21.0,Suburban,69.4,73.8,,
Sumner School District (WA),2.75,2019-20,0.18,3746.0,185.0,508.77,21.0,Suburban,,,,
Sumner School District (WA),2.76,2020-21,0.18,3548.0,186.0,514.29,21.0,Suburban,53.7,59.3,,
Sumner School District (WA),2.75,2021-22,0.18,3715.0,184.0,506.97,21.0,Suburban,68.8,59.3,,
Sumner School District (WA),2.74,2022-23,0.18,3801.0,202.0,554.0,21.0,Suburban,63.7,67.7,,
Sumner School District (WA),5.0,2023-24,0.33,2135.0,112.0,561.32,21.0,Suburban,68.1,62.9,82.6,85.1
Sumner School District (WA),5.0,2024-25,0.33,2149.0,113.0,563.78,21.0,Suburban,70.2,71.1,85.7,89.0
Sunnyside School District (WA),6.0,2015-16,0.67,1134.0,59.0,351.86,32.0,Mid-size,34.3,34.1,,
Sunnyside School District (WA),7.0,2016-17,0.78,976.0,50.0,348.93,32.0,Mid-size,35.3,43.6,,
Sunnyside School District (WA),8.0,2017-18,0.89,858.0,46.0,364.65,32.0,Mid-size,45.8,48.4,,
Sunnyside School District (WA),7.5,2018-19,0.83,912.0,49.0,365.88,32.0,Mid-size,48.2,41.4,,
Sunnyside School District (WA),7.5,2019-20,0.83,907.0,49.0,368.31,32.0,Mid-size,,,,
Sunnyside School District (WA),7.5,2020-21,0.83,895.0,49.0,364.56,32.0,Mid-size,27.6,31.3,,
Sunnyside School District (WA),7.0,2021-22,0.78,929.0,47.0,326.94,32.0,Mid-size,31.2,34.3,,
Sunnyside School District (WA),7.0,2022-23,0.78,910.0,51.0,360.0,32.0,Mid-size,27.4,33.7,,
Sunnyside School District (WA),6.67,2023-24,0.74,931.0,52.0,349.38,32.0,Mid-size,27.9,25.4,52.1,52.9
Sunnyside School District (WA),6.0,2024-25,0.67,1025.0,56.0,333.32,32.0,Mid-size,33.7,26.7,52.6,53.0
Suquamish Tribal Education Department (WA),0.0,2015-16,0.0,,,11.0,22.0,Suburban,,,,
Suquamish Tribal Education Department (WA),0.0,2016-17,0.0,,,10.0,22.0,Suburban,,,,
Suquamish Tribal Education Department (WA),0.0,2017-18,0.0,,,8.99,22.0,Suburban,,,,
Suquamish Tribal Education Department (WA),0.0,2018-19,0.0,,,9.0,22.0,Suburban,,,,
Suquamish Tribal Education Department (WA),0.0,2019-20,0.0,,,10.0,22.0,Suburban,,,,
Suquamish Tribal Education Department (WA),0.0,2020-21,0.0,,,10.0,22.0,Suburban,,,,
Suquamish Tribal Education Department (WA),0.0,2021-22,0.0,,,13.0,22.0,Suburban,,,,
Suquamish Tribal Education Department (WA),0.0,2022-23,0.0,,,14.0,22.0,Suburban,,,,
Suquamish Tribal Education Department (WA),0.0,2023-24,,,,11.0,22.0,Suburban,,,,
Suquamish Tribal Education Department (WA),0.0,2024-25,,,,13.0,22.0,Suburban,,,,
Tacoma School District (WA),45.73,2015-16,0.73,641.0,36.0,1630.05,12.0,Urban,49.6,52.3,,
Tacoma School District (WA),46.85,2016-17,0.71,621.0,35.0,1624.68,12.0,Urban,47.7,47.6,,
Tacoma School District (WA),46.45,2017-18,0.7,626.0,34.0,1601.93,12.0,Urban,54.4,47.0,,
Tacoma School District (WA),43.43,2018-19,0.66,697.0,37.0,1626.88,12.0,Urban,55.0,45.6,,
Tacoma School District (WA),37.82,2019-20,0.57,802.0,44.0,1648.35,12.0,Urban,,,,
Tacoma School District (WA),33.82,2020-21,0.5,848.0,48.0,1625.35,12.0,Urban,37.0,40.9,,
Tacoma School District (WA),39.25,2021-22,0.57,731.0,40.0,1561.15,12.0,Urban,42.3,38.4,,
Tacoma School District (WA),87.66,2022-23,1.27,323.0,19.0,1634.0,12.0,Urban,44.6,37.8,,
Tacoma School District (WA),37.3,2023-24,0.54,758.0,43.0,1603.29,12.0,Urban,43.5,38.6,62.7,63.6
Tacoma School District (WA),23.57,2024-25,0.35,1224.0,65.0,1538.18,12.0,Urban,44.3,38.6,62.2,62.2
Taholah School District (WA),0.0,2015-16,0.0,,,18.61,43.0,Distant Rural,,,,
Taholah School District (WA),0.0,2016-17,0.0,,,15.85,43.0,Distant Rural,,13.3,,
Taholah School District (WA),1.0,2017-18,0.5,173.0,16.0,16.0,43.0,Distant Rural,,,,
Taholah School District (WA),0.0,2018-19,0.0,,,15.19,43.0,Distant Rural,,,,
Taholah School District (WA),0.0,2019-20,0.0,,,18.15,43.0,Distant Rural,,,,
Taholah School District (WA),0.0,2020-21,0.0,,,17.95,43.0,Distant Rural,15.4,16.7,,
Taholah School District (WA),0.2,2021-22,0.1,790.0,98.0,19.67,43.0,Distant Rural,,,,
Taholah School District (WA),0.0,2022-23,0.0,,,17.0,43.0,Distant Rural,,,,
Taholah School District (WA),0.0,2023-24,,,,18.8,43.0,Distant Rural,,,,35.7
Taholah School District (WA),0.0,2024-25,,,,19.43,43.0,Distant Rural,,,23.1,18.8
Tahoma School District (WA),2.0,2015-16,0.25,4096.0,180.0,360.04,21.0,Suburban,73.7,69.0,,
Tahoma School District (WA),2.0,2016-17,0.25,4179.0,181.0,362.25,21.0,Suburban,75.1,66.6,,
Tahoma School District (WA),3.0,2017-18,0.33,2866.0,133.0,399.3,21.0,Suburban,77.1,69.5,,
Tahoma School District (WA),3.0,2018-19,0.33,2969.0,139.0,418.12,21.0,Suburban,74.3,69.6,,
Tahoma School District (WA),3.0,2019-20,0.3,3097.0,149.0,447.35,21.0,Suburban,,,,
Tahoma School District (WA),3.0,2020-21,0.3,2922.0,152.0,456.37,21.0,Suburban,70.7,65.1,,
Tahoma School District (WA),3.0,2021-22,0.3,2962.0,143.0,430.37,21.0,Suburban,71.3,64.4,,
Tahoma School District (WA),3.0,2022-23,0.3,3037.0,158.0,475.0,21.0,Suburban,71.6,60.1,,
Tahoma School District (WA),2.4,2023-24,0.24,3847.0,201.0,481.53,21.0,Suburban,68.8,65.5,84.0,84.0
Tahoma School District (WA),2.4,2024-25,0.24,3848.0,194.0,466.76,21.0,Suburban,70.5,69.8,85.1,88.3
Tekoa School District (WA),0.0,2015-16,0.0,,,17.13,43.0,Distant Rural,56.3,36.4,,
Tekoa School District (WA),0.0,2016-17,0.0,,,16.19,43.0,Distant Rural,72.7,55.0,,
Tekoa School District (WA),0.0,2017-18,0.0,,,17.18,43.0,Distant Rural,,27.8,,
Tekoa School District (WA),0.0,2018-19,0.0,,,17.17,43.0,Distant Rural,86.7,68.2,,
Tekoa School District (WA),0.0,2019-20,0.0,,,17.26,43.0,Distant Rural,,,,
Tekoa School District (WA),0.0,2020-21,0.0,,,17.24,43.0,Distant Rural,60.0,20.0,,
Tekoa School District (WA),0.0,2021-22,0.0,,,15.3,43.0,Distant Rural,61.9,16.7,,
Tekoa School District (WA),0.0,2022-23,0.0,,,12.0,43.0,Distant Rural,,45.5,,
Tekoa School District (WA),0.0,2023-24,,,,17.66,43.0,Distant Rural,,35.3,27.3,76.5
Tekoa School District (WA),0.0,2024-25,,,,17.37,43.0,Distant Rural,17.7,42.9,52.9,76.2
Tenino School District (WA),0.5,2015-16,0.13,2416.0,136.0,68.21,42.0,Distant Rural,52.1,46.0,,
Tenino School District (WA),0.5,2016-17,0.13,2492.0,135.0,67.61,42.0,Distant Rural,47.4,50.7,,
Tenino School District (WA),0.5,2017-18,0.13,2526.0,140.0,70.05,42.0,Distant Rural,51.8,55.3,,
Tenino School District (WA),0.2,2018-19,0.05,6570.0,346.0,69.23,42.0,Distant Rural,62.4,62.9,,
Tenino School District (WA),0.0,2019-20,0.0,,,72.01,42.0,Distant Rural,,,,
Tenino School District (WA),0.0,2020-21,0.0,,,70.86,42.0,Distant Rural,50.5,41.6,,
Tenino School District (WA),0.0,2021-22,0.0,,,73.1,42.0,Distant Rural,47.8,55.4,,
Tenino School District (WA),0.0,2022-23,0.0,,,79.0,42.0,Distant Rural,57.5,48.3,,
Tenino School District (WA),0.0,2023-24,,,,78.68,42.0,Distant Rural,39.3,36.4,58.9,68.2
Tenino School District (WA),0.0,2024-25,,,,72.37,42.0,Distant Rural,45.9,47.2,67.1,72.6
Thorp School District (WA),0.0,2015-16,0.0,,,13.63,42.0,Distant Rural,,45.5,,
Thorp School District (WA),0.0,2016-17,0.0,,,14.04,42.0,Distant Rural,41.7,42.9,,
Thorp School District (WA),0.0,2017-18,0.0,,,18.36,42.0,Distant Rural,,,,
Thorp School District (WA),0.0,2018-19,0.0,,,17.8,42.0,Distant Rural,64.7,53.8,,
Thorp School District (WA),0.0,2019-20,0.0,,,18.14,42.0,Distant Rural,,,,
Thorp School District (WA),0.0,2020-21,0.0,,,20.51,42.0,Distant Rural,56.5,52.2,,
Thorp School District (WA),0.0,2021-22,0.0,,,20.4,42.0,Distant Rural,54.5,35.0,,
Thorp School District (WA),0.0,2022-23,0.0,,,20.0,42.0,Distant Rural,28.6,33.3,,
Thorp School District (WA),0.0,2023-24,,,,20.8,42.0,Distant Rural,45.5,25.0,63.6,50.0
Thorp School District (WA),0.0,2024-25,,,,20.37,42.0,Distant Rural,36.4,38.9,59.1,61.1
Toledo School District (WA),0.15,2015-16,0.04,5053.0,266.0,39.85,42.0,Distant Rural,54.7,39.7,,
Toledo School District (WA),0.25,2016-17,0.06,3128.0,167.0,41.82,42.0,Distant Rural,54.2,57.1,,
Toledo School District (WA),0.25,2017-18,0.06,3228.0,175.0,43.76,42.0,Distant Rural,61.5,70.7,,
Toledo School District (WA),0.25,2018-19,0.06,3196.0,179.0,44.79,42.0,Distant Rural,59.6,56.9,,
Toledo School District (WA),0.25,2019-20,0.06,3460.0,193.0,48.29,42.0,Distant Rural,,,,
Toledo School District (WA),0.25,2020-21,0.06,3156.0,185.0,46.27,42.0,Distant Rural,30.8,65.2,,
Toledo School District (WA),0.25,2021-22,0.06,3256.0,184.0,45.98,42.0,Distant Rural,32.1,48.5,,
Toledo School District (WA),0.25,2022-23,0.06,3372.0,192.0,48.0,42.0,Distant Rural,36.8,32.0,,
Toledo School District (WA),0.25,2023-24,0.06,3428.0,199.0,49.74,42.0,Distant Rural,39.1,48.4,56.3,73.4
Toledo School District (WA),0.25,2024-25,0.06,3624.0,206.0,51.55,42.0,Distant Rural,49.2,45.2,73.0,80.7
Tonasket School District (WA),1.0,2015-16,0.33,1146.0,67.0,67.06,43.0,Distant Rural,47.1,55.9,,
Tonasket School District (WA),1.0,2016-17,0.33,1177.0,67.0,66.84,43.0,Distant Rural,50.0,55.6,,
Tonasket School District (WA),1.0,2017-18,0.33,1162.0,68.0,67.56,43.0,Distant Rural,53.0,62.6,,
Tonasket School District (WA),1.0,2018-19,0.33,1201.0,67.0,67.4,43.0,Distant Rural,45.7,53.7,,
Tonasket School District (WA),0.94,2019-20,0.19,1234.0,72.0,67.8,43.0,Distant Rural,,,,
Tonasket School District (WA),0.94,2020-21,0.19,1204.0,72.0,67.7,43.0,Distant Rural,26.7,38.7,,
Tonasket School District (WA),0.94,2021-22,0.19,1248.0,79.0,74.28,43.0,Distant Rural,20.5,37.8,,
Tonasket School District (WA),0.94,2022-23,0.19,1240.0,77.0,72.0,43.0,Distant Rural,22.4,45.1,,
Tonasket School District (WA),0.91,2023-24,0.18,1269.0,78.0,71.01,43.0,Distant Rural,16.9,43.4,36.0,68.7
Tonasket School District (WA),0.9,2024-25,0.18,1227.0,75.0,67.17,43.0,Distant Rural,19.2,40.7,39.7,64.2
Toppenish School District (WA),4.5,2015-16,0.5,979.0,46.0,207.29,32.0,Mid-size,23.6,19.5,,
Toppenish School District (WA),4.5,2016-17,0.5,950.0,44.0,197.73,32.0,Mid-size,22.7,23.3,,
Toppenish School District (WA),5.0,2017-18,0.56,831.0,40.0,199.81,32.0,Mid-size,32.4,21.0,,
Toppenish School District (WA),3.16,2018-19,0.35,1378.0,62.0,196.44,32.0,Mid-size,25.2,28.7,,
Toppenish School District (WA),4.0,2019-20,0.44,1117.0,50.0,201.74,32.0,Mid-size,,,,
Toppenish School District (WA),4.0,2020-21,0.44,1113.0,49.0,197.3,32.0,Mid-size,22.6,28.7,,
Toppenish School District (WA),4.0,2021-22,0.44,1069.0,49.0,197.78,32.0,Mid-size,19.1,27.1,,
Toppenish School District (WA),4.0,2022-23,0.44,1062.0,51.0,204.0,32.0,Mid-size,18.4,22.1,,
Toppenish School District (WA),4.0,2023-24,0.44,961.0,50.0,198.72,32.0,Mid-size,22.7,20.2,42.4,50.4
Toppenish School District (WA),1.0,2024-25,0.11,3646.0,187.0,187.03,32.0,Mid-size,16.9,24.0,40.0,46.2
Touchet School District (WA),0.0,2015-16,0.0,,,18.85,42.0,Distant Rural,22.2,66.7,,
Touchet School District (WA),0.0,2016-17,0.0,,,18.4,42.0,Distant Rural,50.0,53.3,,
Touchet School District (WA),0.0,2017-18,0.0,,,18.51,42.0,Distant Rural,33.3,42.1,,
Touchet School District (WA),0.0,2018-19,0.0,,,19.5,42.0,Distant Rural,25.0,50.0,,
Touchet School District (WA),0.0,2019-20,0.0,,,19.4,42.0,Distant Rural,,,,
Touchet School District (WA),0.0,2020-21,0.0,,,19.4,42.0,Distant Rural,25.0,46.2,,
Touchet School District (WA),0.0,2021-22,0.0,,,17.0,42.0,Distant Rural,50.0,66.7,,
Touchet School District (WA),0.0,2022-23,0.0,,,20.0,42.0,Distant Rural,45.5,21.1,,
Touchet School District (WA),0.0,2023-24,,,,20.0,42.0,Distant Rural,25.0,44.4,41.7,72.2
Touchet School District (WA),0.0,2024-25,,,,18.05,42.0,Distant Rural,62.5,34.8,81.3,73.9
Toutle Lake School District (WA),0.0,2015-16,0.0,,,33.47,42.0,Distant Rural,50.9,57.1,,
Toutle Lake School District (WA),0.0,2016-17,0.0,,,34.8,42.0,Distant Rural,53.2,39.7,,
Toutle Lake School District (WA),0.0,2017-18,0.0,,,34.79,42.0,Distant Rural,70.4,52.0,,
Toutle Lake School District (WA),0.0,2018-19,0.0,,,35.8,42.0,Distant Rural,61.1,60.0,,
Toutle Lake School District (WA),0.0,2019-20,0.0,,,36.8,42.0,Distant Rural,,,,
Toutle Lake School District (WA),0.0,2020-21,0.0,,,34.8,42.0,Distant Rural,46.7,43.9,,
Toutle Lake School District (WA),0.0,2021-22,0.0,,,37.63,42.0,Distant Rural,45.8,44.0,,
Toutle Lake School District (WA),0.0,2022-23,0.0,,,39.0,42.0,Distant Rural,59.1,31.9,,
Toutle Lake School District (WA),0.0,2023-24,,,,37.0,42.0,Distant Rural,48.3,29.0,70.7,59.7
Toutle Lake School District (WA),0.0,2024-25,,,,34.8,42.0,Distant Rural,52.0,13.8,70.0,29.3
Trout Lake School District (WA),0.0,2015-16,0.0,,,15.16,43.0,Distant Rural,50.0,42.9,,
Trout Lake School District (WA),0.0,2016-17,0.0,,,15.57,43.0,Distant Rural,88.9,48.0,,
Trout Lake School District (WA),0.0,2017-18,0.0,,,16.33,43.0,Distant Rural,39.1,69.6,,
Trout Lake School District (WA),0.0,2018-19,0.0,,,16.31,43.0,Distant Rural,66.7,73.7,,
Trout Lake School District (WA),0.0,2019-20,0.0,,,16.6,43.0,Distant Rural,,,,
Trout Lake School District (WA),0.0,2020-21,0.0,,,16.34,43.0,Distant Rural,75.0,26.3,,
Trout Lake School District (WA),0.0,2021-22,0.0,,,14.69,43.0,Distant Rural,72.7,17.6,,
Trout Lake School District (WA),0.0,2022-23,0.0,,,16.0,43.0,Distant Rural,71.4,58.3,,
Trout Lake School District (WA),0.0,2023-24,,,,15.0,43.0,Distant Rural,61.1,23.8,77.8,66.7
Trout Lake School District (WA),0.0,2024-25,,,,14.78,43.0,Distant Rural,60.0,37.5,90.0,62.5
Tukwila School District (WA),3.6,2015-16,0.51,844.0,47.0,170.7,21.0,Suburban,46.3,53.5,,
Tukwila School District (WA),4.6,2016-17,0.66,649.0,36.0,166.76,21.0,Suburban,37.8,42.8,,
Tukwila School District (WA),4.6,2017-18,0.66,643.0,35.0,162.58,21.0,Suburban,37.6,45.5,,
Tukwila School District (WA),4.6,2018-19,0.58,662.0,34.0,157.82,21.0,Suburban,36.1,32.9,,
Tukwila School District (WA),4.6,2019-20,0.58,657.0,35.0,159.26,21.0,Suburban,,,,
Tukwila School District (WA),5.6,2020-21,0.7,484.0,29.0,161.73,21.0,Suburban,23.3,35.2,,
Tukwila School District (WA),4.6,2021-22,0.58,548.0,33.0,149.93,21.0,Suburban,24.6,30.9,,
Tukwila School District (WA),4.36,2022-23,0.55,623.0,37.0,162.0,21.0,Suburban,23.0,21.1,,
Tukwila School District (WA),4.36,2023-24,0.55,649.0,36.0,157.31,21.0,Suburban,29.1,30.2,49.2,53.3
Tukwila School District (WA),0.96,2024-25,0.12,3006.0,148.0,142.01,21.0,Suburban,22.4,27.3,43.0,53.0
Tumwater School District (WA),8.5,2015-16,0.61,759.0,40.0,342.36,13.0,Urban,65.7,63.4,,
Tumwater School District (WA),9.52,2016-17,0.68,708.0,35.0,336.21,13.0,Urban,67.6,62.6,,
Tumwater School District (WA),3.8,2017-18,0.27,1793.0,93.0,351.6,13.0,Urban,68.4,70.9,,
Tumwater School District (WA),3.8,2018-19,0.27,1731.0,96.0,363.63,13.0,Urban,67.0,63.4,,
Tumwater School District (WA),3.8,2019-20,0.27,1709.0,96.0,366.19,13.0,Urban,,,,
Tumwater School District (WA),2.8,2020-21,0.19,2235.0,124.0,347.39,13.0,Urban,53.2,50.7,,
Tumwater School District (WA),2.8,2021-22,0.19,2295.0,121.0,339.14,13.0,Urban,59.9,50.8,,
Tumwater School District (WA),1.48,2022-23,0.1,4366.0,234.0,347.0,13.0,Urban,60.0,52.0,,
Tumwater School District (WA),1.32,2023-24,0.09,4759.0,258.0,340.22,13.0,Urban,50.8,54.6,69.1,78.7
Tumwater School District (WA),1.4,2024-25,0.1,4536.0,254.0,355.98,13.0,Urban,54.5,56.8,75.1,78.0
Union Gap School District (WA),0.0,2015-16,0.0,,,34.43,22.0,Suburban,47.3,63.1,,
Union Gap School District (WA),0.0,2016-17,0.0,,,34.93,22.0,Suburban,53.9,62.5,,
Union Gap School District (WA),0.0,2017-18,0.0,,,35.41,22.0,Suburban,50.0,52.3,,
Union Gap School District (WA),0.0,2018-19,0.0,,,35.32,22.0,Suburban,52.9,70.0,,
Union Gap School District (WA),0.0,2019-20,0.0,,,35.26,22.0,Suburban,,,,
Union Gap School District (WA),0.0,2020-21,0.0,,,35.43,22.0,Suburban,44.1,41.7,,
Union Gap School District (WA),0.0,2021-22,0.0,,,31.48,22.0,Suburban,55.2,45.1,,
Union Gap School District (WA),0.0,2022-23,0.0,,,37.0,22.0,Suburban,55.7,58.7,,
Union Gap School District (WA),0.0,2023-24,,,,38.0,22.0,Suburban,35.4,52.9,66.2,82.9
Union Gap School District (WA),0.0,2024-25,,,,36.56,22.0,Suburban,42.0,56.4,54.0,87.3
University Place School District (WA),6.0,2015-16,0.6,941.0,50.0,299.05,21.0,Suburban,78.7,71.1,,
University Place School District (WA),6.0,2016-17,0.6,952.0,49.0,291.98,21.0,Suburban,73.9,70.5,,
University Place School District (WA),6.01,2017-18,0.67,946.0,49.0,295.39,21.0,Suburban,73.9,77.5,,
University Place School District (WA),6.01,2018-19,0.67,968.0,50.0,302.6,21.0,Suburban,70.1,76.4,,
University Place School District (WA),6.0,2019-20,0.75,960.0,51.0,308.74,21.0,Suburban,,,,
University Place School District (WA),1.0,2020-21,0.13,5661.0,311.0,310.91,21.0,Suburban,62.8,61.6,,
University Place School District (WA),2.0,2021-22,0.25,2807.0,157.0,314.37,21.0,Suburban,64.9,61.3,,
University Place School District (WA),2.0,2022-23,0.25,2810.0,156.0,312.0,21.0,Suburban,62.6,62.3,,
University Place School District (WA),2.0,2023-24,0.25,2803.0,147.0,293.5,21.0,Suburban,63.0,66.3,76.7,83.1
University Place School District (WA),2.0,2024-25,0.25,2818.0,148.0,295.93,21.0,Suburban,67.3,68.9,83.1,85.6
Valley School District (WA),0.0,2015-16,0.0,,,34.16,43.0,Distant Rural,37.5,28.0,,
Valley School District (WA),0.0,2016-17,0.0,,,36.25,43.0,Distant Rural,36.7,39.1,,
Valley School District (WA),0.0,2017-18,0.0,,,36.28,43.0,Distant Rural,43.8,41.2,,
Valley School District (WA),0.0,2018-19,0.0,,,42.07,43.0,Distant Rural,33.3,52.6,,
Valley School District (WA),0.0,2019-20,0.0,,,43.15,43.0,Distant Rural,,,,
Valley School District (WA),0.0,2020-21,0.0,,,51.45,43.0,Distant Rural,8.8,8.3,,
Valley School District (WA),0.0,2021-22,0.0,,,48.97,43.0,Distant Rural,13.3,57.1,,
Valley School District (WA),0.0,2022-23,0.0,,,51.0,43.0,Distant Rural,,55.0,,
Valley School District (WA),0.0,2023-24,,,,51.0,43.0,Distant Rural,26.3,40.0,63.2,66.7
Valley School District (WA),0.0,2024-25,,,,52.99,43.0,Distant Rural,17.7,,35.3,
Vancouver School District (WA),32.8,2015-16,0.78,717.0,38.0,1243.89,21.0,Suburban,49.8,53.2,,
Vancouver School District (WA),32.8,2016-17,0.78,727.0,39.0,1274.39,21.0,Suburban,48.3,54.5,,
Vancouver School District (WA),33.02,2017-18,0.79,717.0,40.0,1307.07,21.0,Suburban,49.6,52.7,,
Vancouver School District (WA),32.02,2018-19,0.78,731.0,41.0,1311.37,12.0,Urban,50.2,51.5,,
Vancouver School District (WA),33.02,2019-20,0.81,707.0,39.0,1285.89,12.0,Urban,,,,
Vancouver School District (WA),26.08,2020-21,0.64,840.0,49.0,1270.7,12.0,Urban,39.6,46.5,,
Vancouver School District (WA),27.37,2021-22,0.67,790.0,45.0,1220.69,12.0,Urban,42.6,40.1,,
Vancouver School District (WA),28.02,2022-23,0.65,785.0,46.0,1283.0,12.0,Urban,42.1,41.6,,
Vancouver School District (WA),28.24,2023-24,0.63,777.0,45.0,1261.57,12.0,Urban,39.7,35.9,58.4,59.1
Vancouver School District (WA),20.92,2024-25,0.46,1041.0,54.0,1134.88,12.0,Urban,40.9,34.5,58.1,56.2
Vashon Island School District (WA),2.0,2015-16,0.4,794.0,40.0,79.0,41.0,Rural,69.0,66.4,,
Vashon Island School District (WA),3.0,2016-17,0.6,543.0,29.0,86.27,41.0,Rural,68.3,65.2,,
Vashon Island School District (WA),3.0,2017-18,0.6,533.0,28.0,84.91,41.0,Rural,61.3,81.2,,
Vashon Island School District (WA),3.0,2018-19,0.6,528.0,28.0,85.17,41.0,Rural,54.5,70.5,,
Vashon Island School District (WA),2.0,2019-20,0.4,765.0,41.0,81.37,41.0,Rural,,,,
Vashon Island School District (WA),2.0,2020-21,0.4,758.0,40.0,80.1,41.0,Rural,59.6,66.7,,
Vashon Island School District (WA),2.0,2021-22,0.4,760.0,39.0,78.5,41.0,Rural,60.0,64.1,,
Vashon Island School District (WA),1.9,2022-23,0.38,810.0,41.0,77.0,41.0,Rural,50.0,65.9,,
Vashon Island School District (WA),1.8,2023-24,0.36,818.0,42.0,75.75,41.0,Rural,65.0,66.1,76.0,84.7
Vashon Island School District (WA),0.8,2024-25,0.16,1835.0,92.0,73.89,41.0,Rural,58.1,61.9,73.3,84.1
Wa State Center For Childhood Deafness And Hearing Loss (WA),0.0,2015-16,0.0,,,0.0,,,,,,
Wa State Center For Childhood Deafness And Hearing Loss (WA),0.0,2016-17,0.0,,,0.0,,,,,,
Wa State Center For Childhood Deafness And Hearing Loss (WA),0.0,2017-18,0.0,,,0.0,,,,,,
Wa State Center For Childhood Deafness And Hearing Loss (WA),0.0,2018-19,0.0,,,0.0,,,,,,
Wa State Center For Childhood Deafness And Hearing Loss (WA),0.0,2019-20,0.0,,,0.0,,,,,,
Wa State Center For Childhood Deafness And Hearing Loss (WA),0.0,2020-21,0.0,,,0.0,,,,,,
Wa State Center For Childhood Deafness And Hearing Loss (WA),0.0,2021-22,0.0,,,0.0,,,,,,
Wa State Center For Childhood Deafness And Hearing Loss (WA),0.0,2022-23,0.0,,,0.0,,,,,,
Wa State Center For Childhood Deafness And Hearing Loss (WA),0.0,2023-24,,,,0.0,,,,,,
Wa State Center For Childhood Deafness And Hearing Loss (WA),0.0,2024-25,0.0,,,0.0,,,,,,
Wahkiakum School District (WA),0.0,2015-16,0.0,,,24.41,42.0,Distant Rural,62.5,55.2,,
Wahkiakum School District (WA),0.0,2016-17,0.0,,,25.45,42.0,Distant Rural,56.7,56.8,,
Wahkiakum School District (WA),0.0,2017-18,0.0,,,26.44,42.0,Distant Rural,50.0,63.2,,
Wahkiakum School District (WA),0.0,2018-19,0.0,,,26.44,42.0,Distant Rural,52.9,50.0,,
Wahkiakum School District (WA),0.0,2019-20,0.0,,,25.84,42.0,Distant Rural,,,,
Wahkiakum School District (WA),0.0,2020-21,0.0,,,26.8,42.0,Distant Rural,55.9,50.0,,
Wahkiakum School District (WA),0.0,2021-22,0.0,,,27.2,42.0,Distant Rural,50.0,58.8,,
Wahkiakum School District (WA),0.0,2022-23,0.0,,,26.0,42.0,Distant Rural,44.7,28.2,,
Wahkiakum School District (WA),0.0,2023-24,,,,24.22,42.0,Distant Rural,54.6,46.9,75.8,68.8
Wahkiakum School District (WA),0.0,2024-25,,,,22.69,42.0,Distant Rural,46.4,48.2,75.0,81.5
Wahluke School District (WA),0.0,2015-16,0.0,,,126.06,41.0,Rural,22.1,52.6,,
Wahluke School District (WA),0.0,2016-17,0.0,,,129.51,41.0,Rural,19.3,47.3,,
Wahluke School District (WA),0.0,2017-18,0.0,,,138.08,41.0,Rural,14.6,42.3,,
Wahluke School District (WA),0.0,2018-19,0.0,,,141.6,41.0,Rural,15.4,38.9,,
Wahluke School District (WA),0.0,2019-20,0.0,,,148.88,41.0,Rural,,,,
Wahluke School District (WA),0.0,2020-21,0.0,,,147.28,41.0,Rural,16.4,19.3,,
Wahluke School District (WA),0.0,2021-22,0.0,,,128.03,41.0,Rural,18.6,20.0,,
Wahluke School District (WA),0.0,2022-23,0.0,,,151.0,41.0,Rural,17.4,30.8,,
Wahluke School District (WA),0.0,2023-24,,,,143.51,43.0,Distant Rural,16.7,31.9,38.4,57.6
Wahluke School District (WA),0.0,2024-25,,,,128.49,43.0,Distant Rural,13.9,34.1,29.1,63.2
Waitsburg School District (WA),0.0,2015-16,0.0,,,20.0,42.0,Distant Rural,84.6,48.3,,
Waitsburg School District (WA),0.0,2016-17,0.0,,,20.0,42.0,Distant Rural,69.6,26.7,,
Waitsburg School District (WA),0.0,2017-18,0.0,,,20.01,42.0,Distant Rural,60.0,47.4,,
Waitsburg School District (WA),0.0,2018-19,0.0,,,18.99,42.0,Distant Rural,60.0,45.8,,
Waitsburg School District (WA),0.0,2019-20,0.0,,,17.97,42.0,Distant Rural,,,,
Waitsburg School District (WA),0.0,2020-21,0.0,,,17.07,42.0,Distant Rural,63.2,44.0,,
Waitsburg School District (WA),0.0,2021-22,0.0,,,15.85,42.0,Distant Rural,52.4,29.2,,
Waitsburg School District (WA),0.0,2022-23,0.0,,,19.0,42.0,Distant Rural,70.8,32.1,,
Waitsburg School District (WA),0.0,2023-24,,,,0.0,42.0,Distant Rural,52.9,22.2,64.7,55.6
Waitsburg School District (WA),0.0,2024-25,,,,19.0,42.0,Distant Rural,65.0,20.8,95.0,41.7
Walla Walla Public Schools (WA),4.5,2015-16,0.35,1319.0,76.0,340.9,13.0,Urban,51.8,45.4,,
Walla Walla Public Schools (WA),5.0,2016-17,0.36,1176.0,68.0,339.36,13.0,Urban,48.0,45.1,,
Walla Walla Public Schools (WA),2.0,2017-18,0.14,2898.0,166.0,331.9,13.0,Urban,51.5,52.7,,
Walla Walla Public Schools (WA),2.0,2018-19,0.14,2961.0,165.0,330.23,13.0,Urban,45.8,51.8,,
Walla Walla Public Schools (WA),2.0,2019-20,0.14,2933.0,165.0,330.2,13.0,Urban,,,,
Walla Walla Public Schools (WA),2.3,2020-21,0.14,2364.0,144.0,330.69,13.0,Urban,38.3,47.7,,
Walla Walla Public Schools (WA),2.2,2021-22,0.14,2531.0,152.0,335.0,13.0,Urban,38.3,45.7,,
Walla Walla Public Schools (WA),2.2,2022-23,0.14,2545.0,151.0,332.0,13.0,Urban,37.2,45.4,,
Walla Walla Public Schools (WA),2.2,2023-24,0.13,2515.0,148.0,325.94,13.0,Urban,37.0,43.1,56.1,64.2
Walla Walla Public Schools (WA),2.2,2024-25,0.13,2459.0,143.0,313.87,13.0,Urban,37.7,44.8,59.2,70.2
Wapato School District (WA),2.3,2015-16,0.38,1466.0,79.0,182.32,31.0,Mid-size,29.6,32.8,,
Wapato School District (WA),2.3,2016-17,0.38,1459.0,81.0,185.52,31.0,Mid-size,21.5,25.4,,
Wapato School District (WA),2.14,2017-18,0.36,1607.0,91.0,195.57,31.0,Mid-size,24.9,29.8,,
Wapato School District (WA),1.0,2018-19,0.14,3529.0,207.0,206.5,31.0,Mid-size,27.3,25.5,,
Wapato School District (WA),1.0,2019-20,0.13,3443.0,200.0,200.3,31.0,Mid-size,,,,
Wapato School District (WA),1.0,2020-21,0.13,3279.0,196.0,196.44,31.0,Mid-size,16.8,20.6,,
Wapato School District (WA),0.8,2021-22,0.1,4039.0,237.0,189.44,31.0,Mid-size,25.0,22.0,,
Wapato School District (WA),1.46,2022-23,0.13,2188.0,140.0,204.0,31.0,Mid-size,26.0,23.8,,
Wapato School District (WA),1.66,2023-24,0.15,1925.0,123.0,204.82,31.0,Mid-size,25.5,25.8,45.3,49.6
Wapato School District (WA),1.66,2024-25,0.15,1927.0,114.0,188.95,31.0,Mid-size,27.2,21.7,40.8,53.9
Warden School District (WA),1.0,2015-16,0.33,982.0,57.0,57.13,33.0,Mid-size,38.1,44.3,,
Warden School District (WA),1.0,2016-17,0.33,998.0,55.0,54.87,33.0,Mid-size,41.0,37.9,,
Warden School District (WA),1.0,2017-18,0.33,990.0,56.0,55.84,33.0,Mid-size,47.3,34.8,,
Warden School District (WA),1.0,2018-19,0.33,972.0,56.0,55.99,33.0,Mid-size,37.1,36.2,,
Warden School District (WA),1.0,2019-20,0.33,961.0,56.0,55.77,33.0,Mid-size,,,,
Warden School District (WA),1.0,2020-21,0.33,910.0,53.0,53.0,33.0,Mid-size,22.9,39.2,,
Warden School District (WA),1.0,2021-22,0.33,921.0,52.0,51.5,33.0,Mid-size,32.2,40.0,,
Warden School District (WA),1.0,2022-23,0.33,902.0,51.0,51.0,33.0,Mid-size,45.9,31.0,,
Warden School District (WA),1.0,2023-24,0.33,936.0,51.0,50.79,42.0,Distant Rural,32.6,31.0,48.8,54.9
Warden School District (WA),1.0,2024-25,0.33,933.0,54.0,54.49,42.0,Distant Rural,37.0,27.8,56.5,61.1
Washougal School District (WA),1.0,2015-16,0.13,3204.0,164.0,163.81,21.0,Suburban,63.9,61.7,,
Washougal School District (WA),1.0,2016-17,0.13,3251.0,162.0,161.9,21.0,Suburban,57.3,70.3,,
Washougal School District (WA),2.0,2017-18,0.25,1607.0,86.0,172.42,21.0,Suburban,62.0,70.2,,
Washougal School District (WA),3.5,2018-19,0.44,911.0,50.0,176.47,21.0,Suburban,56.3,65.0,,
Washougal School District (WA),3.54,2019-20,0.44,911.0,47.0,165.65,21.0,Suburban,,,,
Washougal School District (WA),4.0,2020-21,0.44,750.0,41.0,162.16,21.0,Suburban,44.9,53.7,,
Washougal School District (WA),4.0,2021-22,0.44,745.0,37.0,149.26,21.0,Suburban,44.3,59.1,,
Washougal School District (WA),2.91,2022-23,0.32,985.0,56.0,162.0,21.0,Suburban,48.5,52.7,,
Washougal School District (WA),1.0,2023-24,0.11,2825.0,150.0,150.15,21.0,Suburban,44.8,60.2,64.9,89.1
Washougal School District (WA),0.0,2024-25,,,,138.4,21.0,Suburban,42.2,60.9,68.1,83.2
Washtucna School District (WA),0.0,2015-16,0.0,,,12.5,43.0,Distant Rural,,,,
Washtucna School District (WA),0.0,2016-17,0.0,,,11.45,43.0,Distant Rural,,,,
Washtucna School District (WA),0.0,2017-18,0.0,,,11.44,43.0,Distant Rural,,50.0,,
Washtucna School District (WA),0.0,2018-19,0.0,,,10.04,43.0,Distant Rural,,,,
Washtucna School District (WA),0.0,2019-20,0.0,,,10.49,43.0,Distant Rural,,,,
Washtucna School District (WA),0.0,2020-21,0.0,,,11.04,43.0,Distant Rural,,,,
Washtucna School District (WA),0.0,2021-22,0.0,,,10.0,43.0,Distant Rural,,,,
Washtucna School District (WA),0.0,2022-23,0.0,,,11.0,43.0,Distant Rural,,38.5,,
Washtucna School District (WA),0.0,2023-24,,,,11.1,43.0,Distant Rural,,,,
Washtucna School District (WA),0.0,2024-25,,,,11.1,43.0,Distant Rural,,,,
Waterville School District (WA),0.0,2015-16,0.0,,,20.0,42.0,Distant Rural,45.5,36.0,,
Waterville School District (WA),0.0,2016-17,0.0,,,21.01,42.0,Distant Rural,47.6,65.0,,
Waterville School District (WA),0.0,2017-18,0.0,,,22.02,42.0,Distant Rural,41.2,50.0,,
Waterville School District (WA),0.0,2018-19,0.0,,,20.0,42.0,Distant Rural,60.9,56.3,,
Waterville School District (WA),0.0,2019-20,0.0,,,20.98,42.0,Distant Rural,,,,
Waterville School District (WA),0.0,2020-21,0.0,,,20.72,42.0,Distant Rural,61.1,86.7,,
Waterville School District (WA),0.0,2021-22,0.0,,,20.99,42.0,Distant Rural,68.8,60.0,,
Waterville School District (WA),0.0,2022-23,0.0,,,20.0,42.0,Distant Rural,,41.2,,
Waterville School District (WA),0.0,2023-24,,,,19.19,42.0,Distant Rural,57.9,58.8,79.0,88.2
Waterville School District (WA),0.0,2024-25,,,,15.0,42.0,Distant Rural,54.6,48.0,72.7,76.0
Wellpinit School District (WA),0.0,2015-16,0.0,,,30.62,42.0,Distant Rural,14.3,37.5,,
Wellpinit School District (WA),0.0,2016-17,0.0,,,32.23,42.0,Distant Rural,25.0,37.5,,
Wellpinit School District (WA),0.0,2017-18,0.0,,,29.02,42.0,Distant Rural,19.2,10.5,,
Wellpinit School District (WA),0.0,2018-19,0.0,,,31.39,42.0,Distant Rural,14.0,13.3,,
Wellpinit School District (WA),0.0,2019-20,0.0,,,29.9,42.0,Distant Rural,,,,
Wellpinit School District (WA),0.0,2020-21,0.0,,,32.32,42.0,Distant Rural,20.0,28.6,,
Wellpinit School District (WA),0.0,2021-22,0.0,,,31.56,42.0,Distant Rural,20.7,13.0,,
Wellpinit School District (WA),0.0,2022-23,0.0,,,34.0,42.0,Distant Rural,11.1,14.7,,
Wellpinit School District (WA),0.0,2023-24,,,,29.29,42.0,Distant Rural,22.7,,45.5,13.3
Wellpinit School District (WA),0.0,2024-25,,,,35.55,42.0,Distant Rural,15.6,,37.5,35.7
Wenatchee School District (WA),10.03,2015-16,0.56,796.0,44.0,436.71,13.0,Urban,46.2,52.3,,
Wenatchee School District (WA),9.31,2016-17,0.52,833.0,48.0,443.71,13.0,Urban,45.2,53.8,,
Wenatchee School District (WA),10.01,2017-18,0.56,774.0,45.0,448.61,13.0,Urban,46.6,52.7,,
Wenatchee School District (WA),4.82,2018-19,0.27,1621.0,95.0,455.95,13.0,Urban,45.6,56.4,,
Wenatchee School District (WA),4.07,2019-20,0.23,1918.0,109.0,443.58,13.0,Urban,,,,
Wenatchee School District (WA),4.0,2020-21,0.21,1831.0,114.0,455.88,13.0,Urban,37.9,40.9,,
Wenatchee School District (WA),4.61,2021-22,0.24,1605.0,94.0,433.31,13.0,Urban,38.7,44.5,,
Wenatchee School District (WA),4.33,2022-23,0.23,1697.0,108.0,467.0,13.0,Urban,36.9,42.4,,
Wenatchee School District (WA),2.58,2023-24,0.14,2748.0,172.0,443.18,13.0,Urban,40.1,38.5,61.1,61.1
Wenatchee School District (WA),2.13,2024-25,0.12,3321.0,188.0,400.89,13.0,Urban,43.5,47.1,62.7,67.4
West Valley School District (Spokane) (WA),0.0,2015-16,,,,0.0,13.0,Urban,54.0,51.5,,
West Valley School District (Spokane) (WA),0.0,2016-17,,,,0.0,13.0,Urban,51.9,60.5,,
West Valley School District (Spokane) (WA),0.0,2017-18,,,,0.0,13.0,Urban,48.3,55.9,,
West Valley School District (Spokane) (WA),0.0,2018-19,,,,0.0,13.0,Urban,49.3,52.3,,
West Valley School District (Spokane) (WA),0.0,2019-20,,,,0.0,13.0,Urban,,,,
West Valley School District (Spokane) (WA),0.66,2020-21,0.06,5211.0,308.0,203.28,12.0,Urban,44.3,38.4,,
West Valley School District (Spokane) (WA),0.66,2021-22,0.05,5218.0,288.0,189.99,12.0,Urban,49.5,41.5,,
West Valley School District (Spokane) (WA),0.66,2022-23,0.05,5277.0,288.0,190.0,12.0,Urban,36.7,38.2,,
West Valley School District (Spokane) (WA),0.0,2023-24,,,,0.0,12.0,Urban,44.7,42.0,73.0,71.9
West Valley School District (Spokane) (WA),0.66,2024-25,0.05,5265.0,297.0,196.22,12.0,Urban,45.0,42.6,66.5,69.3
West Valley School District (Yakima) (WA),3.4,2015-16,0.28,1485.0,75.0,255.79,13.0,Urban,68.5,53.6,,
West Valley School District (Yakima) (WA),3.4,2016-17,0.28,1547.0,77.0,262.74,13.0,Urban,63.7,58.5,,
West Valley School District (Yakima) (WA),3.0,2017-18,0.2,1812.0,90.0,270.58,13.0,Urban,64.5,64.0,,
West Valley School District (Yakima) (WA),3.0,2018-19,0.19,1837.0,93.0,279.89,13.0,Urban,68.3,52.3,,
West Valley School District (Yakima) (WA),2.0,2019-20,0.13,2808.0,139.0,277.93,13.0,Urban,,,,
West Valley School District (Yakima) (WA),1.0,2020-21,0.06,5313.0,264.0,264.23,13.0,Urban,53.9,42.7,,
West Valley School District (Yakima) (WA),0.0,2021-22,0.0,,,281.33,13.0,Urban,56.8,41.1,,
West Valley School District (Yakima) (WA),0.0,2022-23,0.0,,,279.0,13.0,Urban,63.3,47.8,,
West Valley School District (Yakima) (WA),0.0,2023-24,,,,289.33,13.0,Urban,59.1,44.6,76.5,70.3
West Valley School District (Yakima) (WA),0.0,2024-25,,,,285.29,13.0,Urban,55.9,42.2,76.8,63.0
White Pass School District (WA),0.0,2015-16,0.0,,,24.72,43.0,Distant Rural,33.3,35.1,,
White Pass School District (WA),0.0,2016-17,0.0,,,24.25,43.0,Distant Rural,25.9,51.9,,
White Pass School District (WA),0.0,2017-18,0.0,,,24.24,43.0,Distant Rural,51.7,57.7,,
White Pass School District (WA),0.0,2018-19,0.0,,,22.37,43.0,Distant Rural,36.4,51.1,,
White Pass School District (WA),0.0,2019-20,0.0,,,22.39,43.0,Distant Rural,,,,
White Pass School District (WA),0.0,2020-21,0.0,,,22.92,43.0,Distant Rural,36.0,45.8,,
White Pass School District (WA),0.0,2021-22,0.0,,,19.39,43.0,Distant Rural,28.0,60.0,,
White Pass School District (WA),0.0,2022-23,0.0,,,21.0,43.0,Distant Rural,24.1,54.2,,
White Pass School District (WA),0.0,2023-24,,,,23.05,43.0,Distant Rural,22.2,40.0,51.9,53.3
White Pass School District (WA),0.0,2024-25,,,,23.2,43.0,Distant Rural,34.6,32.0,57.7,64.0
White River School District (WA),2.0,2015-16,0.22,1815.0,91.0,181.6,21.0,Suburban,61.0,64.6,,
White River School District (WA),2.01,2016-17,0.22,1858.0,90.0,181.88,21.0,Suburban,61.2,58.8,,
White River School District (WA),2.01,2017-18,0.22,1932.0,93.0,187.4,21.0,Suburban,67.9,58.4,,
White River School District (WA),2.3,2018-19,0.26,1778.0,88.0,203.53,21.0,Suburban,73.4,58.4,,
White River School District (WA),2.4,2019-20,0.24,1735.0,87.0,208.0,21.0,Suburban,,,,
White River School District (WA),0.4,2020-21,0.04,10005.0,518.0,207.32,21.0,Suburban,62.1,57.2,,
White River School District (WA),0.57,2021-22,0.06,7598.0,367.0,209.22,21.0,Suburban,69.0,54.2,,
White River School District (WA),0.6,2022-23,0.06,7347.0,370.0,222.0,21.0,Suburban,66.6,56.4,,
White River School District (WA),0.6,2023-24,0.06,7500.0,383.0,229.93,21.0,Suburban,63.2,61.5,82.7,83.4
White River School District (WA),0.6,2024-25,0.06,7458.0,388.0,232.59,21.0,Suburban,62.9,59.0,82.6,80.1
White Salmon Valley School District (WA),0.0,2015-16,0.0,,,67.89,41.0,Rural,35.9,59.8,,
White Salmon Valley School District (WA),0.0,2016-17,0.0,,,67.48,41.0,Rural,46.2,48.9,,
White Salmon Valley School District (WA),0.0,2017-18,0.0,,,68.29,41.0,Rural,58.2,49.5,,
White Salmon Valley School District (WA),0.0,2018-19,0.0,,,67.86,41.0,Rural,40.7,55.0,,
White Salmon Valley School District (WA),0.0,2019-20,0.0,,,69.37,41.0,Rural,,,,
White Salmon Valley School District (WA),0.0,2020-21,0.0,,,67.3,41.0,Rural,53.6,51.9,,
White Salmon Valley School District (WA),0.0,2021-22,0.0,,,68.35,41.0,Rural,58.8,52.3,,
White Salmon Valley School District (WA),0.0,2022-23,0.0,,,66.0,41.0,Rural,40.2,42.3,,
White Salmon Valley School District (WA),0.0,2023-24,,,,55.09,33.0,Mid-size,35.8,46.2,51.9,60.2
White Salmon Valley School District (WA),0.0,2024-25,,,,60.84,33.0,Mid-size,54.6,40.5,69.1,82.1
Wilbur School District (WA),0.0,2015-16,0.0,,,21.29,43.0,Distant Rural,76.5,66.7,,
Wilbur School District (WA),0.0,2016-17,0.0,,,20.61,43.0,Distant Rural,87.5,38.5,,
Wilbur School District (WA),0.0,2017-18,0.0,,,20.64,43.0,Distant Rural,60.0,76.9,,
Wilbur School District (WA),0.0,2018-19,0.0,,,20.61,43.0,Distant Rural,61.5,57.9,,
Wilbur School District (WA),0.0,2019-20,0.0,,,17.96,43.0,Distant Rural,,,,
Wilbur School District (WA),0.0,2020-21,0.0,,,18.98,43.0,Distant Rural,,40.0,,
Wilbur School District (WA),0.0,2021-22,0.0,,,20.3,43.0,Distant Rural,,57.9,,
Wilbur School District (WA),0.0,2022-23,0.0,,,19.0,43.0,Distant Rural,60.0,50.0,,
Wilbur School District (WA),0.0,2023-24,,,,20.88,43.0,Distant Rural,25.0,50.0,66.7,64.3
Wilbur School District (WA),0.0,2024-25,,,,20.48,43.0,Distant Rural,27.3,38.9,63.6,83.3
Willapa Valley School District (WA),0.0,2015-16,0.0,,,23.99,42.0,Distant Rural,48.0,60.0,,
Willapa Valley School District (WA),0.0,2016-17,0.0,,,22.99,42.0,Distant Rural,57.7,47.1,,
Willapa Valley School District (WA),0.0,2017-18,0.0,,,23.0,42.0,Distant Rural,48.6,64.3,,
Willapa Valley School District (WA),0.0,2018-19,0.0,,,22.0,42.0,Distant Rural,54.2,75.0,,
Willapa Valley School District (WA),0.0,2019-20,0.0,,,23.14,42.0,Distant Rural,,,,
Willapa Valley School District (WA),0.0,2020-21,0.0,,,21.27,42.0,Distant Rural,48.3,28.2,,
Willapa Valley School District (WA),0.0,2021-22,0.0,,,24.59,42.0,Distant Rural,41.9,28.2,,
Willapa Valley School District (WA),0.0,2022-23,0.0,,,25.0,42.0,Distant Rural,58.3,47.6,,
Willapa Valley School District (WA),0.59,2023-24,0.3,625.0,41.0,24.3,43.0,Distant Rural,50.0,23.3,85.0,46.7
Willapa Valley School District (WA),0.2,2024-25,0.1,1720.0,116.0,23.16,43.0,Distant Rural,61.3,66.7,83.9,75.0
Wilson Creek School District (WA),0.0,2015-16,0.0,,,13.0,43.0,Distant Rural,,,,
Wilson Creek School District (WA),0.0,2016-17,0.0,,,13.01,43.0,Distant Rural,30.8,,,
Wilson Creek School District (WA),0.0,2017-18,0.0,,,13.08,43.0,Distant Rural,53.8,,,
Wilson Creek School District (WA),0.0,2018-19,0.0,,,14.9,43.0,Distant Rural,41.7,70.0,,
Wilson Creek School District (WA),0.0,2019-20,0.0,,,14.19,43.0,Distant Rural,,,,
Wilson Creek School District (WA),0.0,2020-21,0.0,,,14.01,43.0,Distant Rural,,,,
Wilson Creek School District (WA),0.0,2021-22,0.0,,,13.92,43.0,Distant Rural,,,,
Wilson Creek School District (WA),0.0,2022-23,0.0,,,14.0,43.0,Distant Rural,63.6,27.3,,
Wilson Creek School District (WA),0.0,2023-24,,,,14.27,43.0,Distant Rural,,,,
Wilson Creek School District (WA),0.0,2024-25,,,,14.07,43.0,Distant Rural,,,,
Winlock School District (WA),0.0,2015-16,0.0,,,37.16,42.0,Distant Rural,41.4,56.5,,
Winlock School District (WA),0.0,2016-17,0.0,,,40.0,42.0,Distant Rural,35.0,59.2,,
Winlock School District (WA),0.0,2017-18,0.0,,,40.49,42.0,Distant Rural,47.5,54.2,,
Winlock School District (WA),0.0,2018-19,0.0,,,43.33,42.0,Distant Rural,41.8,36.5,,
Winlock School District (WA),0.0,2019-20,0.0,,,38.94,42.0,Distant Rural,,,,
Winlock School District (WA),0.0,2020-21,0.0,,,40.67,42.0,Distant Rural,25.0,38.5,,
Winlock School District (WA),0.0,2021-22,0.0,,,47.52,42.0,Distant Rural,25.4,37.9,,
Winlock School District (WA),0.0,2022-23,0.0,,,51.0,42.0,Distant Rural,46.3,44.6,,
Winlock School District (WA),0.0,2023-24,,,,40.95,42.0,Distant Rural,46.3,54.7,70.4,73.6
Winlock School District (WA),0.0,2024-25,,,,41.75,42.0,Distant Rural,35.9,28.8,62.3,50.9
Wishkah Valley School District (WA),0.0,2015-16,0.0,,,14.14,42.0,Distant Rural,,18.8,,
Wishkah Valley School District (WA),0.0,2016-17,0.0,,,14.91,42.0,Distant Rural,81.8,36.4,,
Wishkah Valley School District (WA),0.0,2017-18,0.0,,,14.99,42.0,Distant Rural,60.0,27.3,,
Wishkah Valley School District (WA),0.0,2018-19,0.0,,,15.73,42.0,Distant Rural,30.8,38.5,,
Wishkah Valley School District (WA),0.0,2019-20,0.0,,,14.66,42.0,Distant Rural,,,,
Wishkah Valley School District (WA),0.0,2020-21,0.0,,,15.14,42.0,Distant Rural,41.7,54.5,,
Wishkah Valley School District (WA),0.0,2021-22,0.0,,,14.97,42.0,Distant Rural,50.0,40.0,,
Wishkah Valley School District (WA),0.0,2022-23,0.0,,,14.0,42.0,Distant Rural,43.8,26.7,,
Wishkah Valley School District (WA),0.0,2023-24,,,,16.97,42.0,Distant Rural,58.3,,66.7,42.9
Wishkah Valley School District (WA),0.0,2024-25,,,,17.17,42.0,Distant Rural,50.0,28.6,91.7,57.1
Wishram School District (WA),0.0,2015-16,0.0,,,9.0,42.0,Distant Rural,,,,
Wishram School District (WA),0.0,2016-17,0.0,,,8.69,42.0,Distant Rural,,,,
Wishram School District (WA),0.0,2017-18,0.0,,,9.03,42.0,Distant Rural,,,,
Wishram School District (WA),0.0,2018-19,0.0,,,9.04,42.0,Distant Rural,,,,
Wishram School District (WA),0.0,2019-20,0.0,,,9.04,42.0,Distant Rural,,,,
Wishram School District (WA),0.0,2020-21,0.0,,,8.52,42.0,Distant Rural,,,,
Wishram School District (WA),0.0,2021-22,0.0,,,9.0,42.0,Distant Rural,,,,
Wishram School District (WA),0.0,2022-23,0.0,,,9.0,42.0,Distant Rural,,,,
Wishram School District (WA),0.0,2023-24,,,,9.0,42.0,Distant Rural,,30.0,,60.0
Wishram School District (WA),0.0,2024-25,,,,9.0,42.0,Distant Rural,,,,
Woodland School District (WA),1.0,2015-16,0.14,2342.0,117.0,117.16,32.0,Mid-size,47.4,53.1,,
Woodland School District (WA),1.0,2016-17,0.14,2420.0,122.0,122.41,32.0,Mid-size,40.5,57.1,,
Woodland School District (WA),1.12,2017-18,0.16,2221.0,113.0,126.76,32.0,Mid-size,44.4,62.3,,
Woodland School District (WA),1.14,2018-19,0.16,2211.0,116.0,131.92,32.0,Mid-size,54.5,66.2,,
Woodland School District (WA),0.98,2019-20,0.14,2585.0,134.0,131.67,32.0,Mid-size,,,,
Woodland School District (WA),0.84,2020-21,0.12,2875.0,157.0,132.07,32.0,Mid-size,49.4,48.0,,
Woodland School District (WA),1.22,2021-22,0.17,1937.0,102.0,124.17,32.0,Mid-size,46.4,54.7,,
Woodland School District (WA),0.9,2022-23,0.13,2702.0,157.0,141.0,32.0,Mid-size,40.0,55.4,,
Woodland School District (WA),1.1,2023-24,0.16,2185.0,120.0,131.57,31.0,Mid-size,46.2,45.9,69.8,73.8
Woodland School District (WA),1.0,2024-25,0.14,2429.0,129.0,129.28,31.0,Mid-size,47.9,46.4,70.1,70.3
Yakima School District (WA),19.5,2015-16,0.67,832.0,44.0,855.35,13.0,Urban,38.7,36.8,,
Yakima School District (WA),10.86,2016-17,0.37,1503.0,80.0,866.61,13.0,Urban,32.3,32.0,,
Yakima School District (WA),10.86,2017-18,0.37,1505.0,79.0,863.15,13.0,Urban,42.5,38.6,,
Yakima School District (WA),10.86,2018-19,0.37,1508.0,80.0,867.23,13.0,Urban,40.6,39.8,,
Yakima School District (WA),10.86,2019-20,0.37,1510.0,79.0,857.44,13.0,Urban,,,,
Yakima School District (WA),9.5,2020-21,0.33,1669.0,92.0,873.56,13.0,Urban,23.5,30.6,,
Yakima School District (WA),10.83,2021-22,0.37,1477.0,82.0,882.89,13.0,Urban,25.3,32.9,,
Yakima School District (WA),10.65,2022-23,0.37,1460.0,86.0,921.0,13.0,Urban,26.4,31.2,,
Yakima School District (WA),11.2,2023-24,0.39,1388.0,85.0,952.28,13.0,Urban,27.1,32.9,50.3,61.1
Yakima School District (WA),14.3,2024-25,0.49,1083.0,61.0,875.28,13.0,Urban,28.5,33.0,50.1,58.6
Yelm School District (WA),2.4,2015-16,0.24,2376.0,124.0,297.96,31.0,Mid-size,51.9,58.1,,
Yelm School District (WA),2.85,2016-17,0.29,2055.0,108.0,306.44,31.0,Mid-size,50.9,56.6,,
Yelm School District (WA),2.82,2017-18,0.28,2060.0,109.0,306.38,41.0,Rural,51.9,63.8,,
Yelm School District (WA),2.42,2018-19,0.24,2415.0,130.0,315.21,41.0,Rural,57.5,59.4,,
Yelm School District (WA),2.6,2019-20,0.26,2265.0,120.0,310.87,41.0,Rural,,,,
Yelm School District (WA),2.6,2020-21,0.26,2083.0,118.0,306.68,41.0,Rural,41.1,49.0,,
Yelm School District (WA),2.6,2021-22,0.26,2089.0,127.0,329.33,41.0,Rural,46.8,47.8,,
Yelm School District (WA),2.6,2022-23,0.26,2180.0,124.0,323.0,41.0,Rural,46.6,57.8,,
Yelm School District (WA),3.6,2023-24,0.36,1594.0,89.0,319.53,31.0,Mid-size,45.4,50.7,65.2,74.4
Yelm School District (WA),0.0,2024-25,,,,283.44,31.0,Mid-size,45.8,51.7,68.9,74.7
Zillah School District (WA),0.0,2015-16,0.0,,,72.99,32.0,Mid-size,55.3,62.5,,
Zillah School District (WA),0.0,2016-17,0.0,,,75.0,32.0,Mid-size,64.9,58.5,,
Zillah School District (WA),0.0,2017-18,0.0,,,73.99,32.0,Mid-size,53.6,54.0,,
Zillah School District (WA),0.0,2018-19,0.0,,,75.07,32.0,Mid-size,73.0,55.2,,
Zillah School District (WA),0.0,2019-20,0.0,,,75.02,32.0,Mid-size,,,,
Zillah School District (WA),0.0,2020-21,0.0,,,72.02,32.0,Mid-size,37.6,38.6,,
Zillah School District (WA),0.0,2021-22,0.0,,,69.73,32.0,Mid-size,37.9,42.2,,
Zillah School District (WA),0.0,2022-23,0.0,,,75.0,32.0,Mid-size,44.2,49.5,,
Zillah School District (WA),0.0,2023-24,,,,73.27,41.0,Rural,46.0,32.8,67.8,70.7
Zillah School District (WA),0.0,2024-25,,,,74.31,41.0,Rural,40.5,54.6,60.7,82.5
