district,librarian_fte,year,librarians_per_school,students_per_librarian,teachers_per_librarian,teacher_fte
Aberdeen School District (WA),1.0,2015-16,0.09,3288.0,195.0,194.9
Aberdeen School District (WA),1.0,2016-17,0.09,3408.0,204.0,204.19
Aberdeen School District (WA),1.0,2017-18,0.09,3435.0,208.0,207.68
Aberdeen School District (WA),1.0,2018-19,0.08,3534.0,210.0,210.36
Aberdeen School District (WA),0.0,2019-20,0.0,,,203.55
Aberdeen School District (WA),0.0,2020-21,0.0,,,163.9
Aberdeen School District (WA),0.0,2021-22,0.0,,,186.56
Aberdeen School District (WA),0.0,2022-23,0.0,,,204.0
Aberdeen School District (WA),0.0,2023-24,,,,182.37
Aberdeen School District (WA),0.0,2024-25,,,,170.8
Adna School District (WA),0.0,2015-16,0.0,,,34.5
Adna School District (WA),0.0,2016-17,0.0,,,35.83
Adna School District (WA),0.0,2017-18,0.0,,,36.37
Adna School District (WA),0.0,2018-19,0.0,,,36.35
Adna School District (WA),0.0,2019-20,0.0,,,36.21
Adna School District (WA),0.0,2020-21,0.0,,,36.26
Adna School District (WA),0.0,2021-22,0.0,,,33.67
Adna School District (WA),0.0,2022-23,0.0,,,37.0
Adna School District (WA),0.0,2023-24,,,,32.01
Adna School District (WA),0.0,2024-25,,,,34.16
Almira School District (WA),0.0,2015-16,0.0,,,9.5
Almira School District (WA),0.0,2016-17,0.0,,,11.01
Almira School District (WA),0.0,2017-18,0.0,,,9.84
Almira School District (WA),0.0,2018-19,0.0,,,10.98
Almira School District (WA),0.0,2019-20,0.0,,,10.99
Almira School District (WA),0.0,2020-21,0.0,,,11.0
Almira School District (WA),0.0,2021-22,0.0,,,10.7
Almira School District (WA),0.0,2022-23,0.0,,,11.0
Almira School District (WA),0.0,2023-24,,,,10.68
Almira School District (WA),0.0,2024-25,,,,11.97
Anacortes School District (WA),0.0,2015-16,0.0,,,134.25
Anacortes School District (WA),0.0,2016-17,0.0,,,145.61
Anacortes School District (WA),0.0,2017-18,0.0,,,151.27
Anacortes School District (WA),0.0,2018-19,0.0,,,151.13
Anacortes School District (WA),1.0,2019-20,0.13,2795.0,147.0,147.03
Anacortes School District (WA),1.0,2020-21,0.13,2586.0,147.0,146.92
Anacortes School District (WA),1.0,2021-22,0.13,2551.0,143.0,142.65
Anacortes School District (WA),1.0,2022-23,0.13,2606.0,144.0,144.0
Anacortes School District (WA),1.0,2023-24,0.13,2621.0,142.0,142.03
Anacortes School District (WA),1.0,2024-25,0.13,2595.0,141.0,140.91
Arlington School District (WA),3.0,2015-16,0.3,1853.0,92.0,276.02
Arlington School District (WA),3.0,2016-17,0.3,1850.0,93.0,280.16
Arlington School District (WA),2.0,2017-18,0.18,2788.0,142.0,283.73
Arlington School District (WA),2.0,2018-19,0.18,2915.0,150.0,300.93
Arlington School District (WA),2.0,2019-20,0.18,2968.0,155.0,309.68
Arlington School District (WA),2.0,2020-21,0.18,2726.0,155.0,309.89
Arlington School District (WA),2.0,2021-22,0.18,2699.0,149.0,297.56
Arlington School District (WA),2.0,2022-23,0.18,2753.0,157.0,313.0
Arlington School District (WA),2.0,2023-24,0.18,2819.0,149.0,297.91
Arlington School District (WA),0.0,2024-25,,,,293.84
Asotin-Anatone School District (WA),0.0,2015-16,0.0,,,37.8
Asotin-Anatone School District (WA),0.0,2016-17,0.0,,,38.02
Asotin-Anatone School District (WA),0.0,2017-18,0.0,,,38.03
Asotin-Anatone School District (WA),0.0,2018-19,0.0,,,39.42
Asotin-Anatone School District (WA),0.0,2019-20,0.0,,,36.61
Asotin-Anatone School District (WA),0.0,2020-21,0.0,,,39.6
Asotin-Anatone School District (WA),0.0,2021-22,0.0,,,39.21
Asotin-Anatone School District (WA),0.0,2022-23,0.0,,,39.0
Asotin-Anatone School District (WA),0.0,2023-24,,,,40.0
Asotin-Anatone School District (WA),0.0,2024-25,,,,38.33
Auburn School District (WA),21.0,2015-16,0.91,755.0,41.0,853.82
Auburn School District (WA),21.02,2016-17,0.91,769.0,43.0,913.91
Auburn School District (WA),21.01,2017-18,0.91,796.0,43.0,912.77
Auburn School District (WA),21.0,2018-19,0.88,834.0,44.0,923.75
Auburn School District (WA),13.95,2019-20,0.58,1287.0,70.0,979.73
Auburn School District (WA),14.05,2020-21,0.56,1210.0,72.0,1005.6
Auburn School District (WA),15.0,2021-22,0.58,1156.0,59.0,884.88
Auburn School District (WA),16.0,2022-23,0.59,1116.0,66.0,1055.0
Auburn School District (WA),15.5,2023-24,0.6,1168.0,69.0,1066.01
Auburn School District (WA),15.0,2024-25,0.58,1212.0,70.0,1051.42
Bainbridge Island School District (WA),5.25,2015-16,0.53,747.0,39.0,205.29
Bainbridge Island School District (WA),5.25,2016-17,0.53,740.0,39.0,206.05
Bainbridge Island School District (WA),5.05,2017-18,0.51,767.0,40.0,201.98
Bainbridge Island School District (WA),5.25,2018-19,0.53,728.0,41.0,215.45
Bainbridge Island School District (WA),5.25,2019-20,0.53,730.0,40.0,207.79
Bainbridge Island School District (WA),5.25,2020-21,0.53,686.0,40.0,208.92
Bainbridge Island School District (WA),5.25,2021-22,0.53,693.0,37.0,194.12
Bainbridge Island School District (WA),5.25,2022-23,0.53,685.0,38.0,202.0
Bainbridge Island School District (WA),4.55,2023-24,0.46,781.0,43.0,197.63
Bainbridge Island School District (WA),4.6,2024-25,0.46,764.0,42.0,195.27
Battle Ground School District (WA),15.0,2015-16,0.71,905.0,48.0,721.86
Battle Ground School District (WA),15.0,2016-17,0.71,895.0,50.0,742.65
Battle Ground School District (WA),15.0,2017-18,0.71,893.0,50.0,756.89
Battle Ground School District (WA),8.0,2018-19,0.38,1650.0,94.0,749.52
Battle Ground School District (WA),8.0,2019-20,0.38,1650.0,90.0,717.24
Battle Ground School District (WA),8.0,2020-21,0.38,1479.0,88.0,705.23
Battle Ground School District (WA),8.0,2021-22,0.38,1468.0,77.0,614.81
Battle Ground School District (WA),8.0,2022-23,0.38,1549.0,88.0,700.0
Battle Ground School District (WA),8.0,2023-24,0.36,1553.0,90.0,719.81
Battle Ground School District (WA),8.0,2024-25,0.38,1594.0,88.0,705.31
Bellevue School District (WA),22.26,2015-16,0.74,901.0,50.0,1106.35
Bellevue School District (WA),27.89,2016-17,0.93,733.0,39.0,1084.51
Bellevue School District (WA),26.7,2017-18,0.89,773.0,41.0,1097.98
Bellevue School District (WA),28.22,2018-19,0.91,766.0,40.0,1126.06
Bellevue School District (WA),22.75,2019-20,0.73,953.0,52.0,1172.36
Bellevue School District (WA),13.33,2020-21,0.43,1515.0,87.0,1157.6
Bellevue School District (WA),18.48,2021-22,0.6,1056.0,56.0,1035.69
Bellevue School District (WA),17.6,2022-23,0.55,1085.0,60.0,1058.0
Bellevue School District (WA),0.0,2023-24,,,,1115.22
Bellevue School District (WA),0.0,2024-25,,,,1145.22
Bellingham School District (WA),19.5,2015-16,0.75,580.0,31.0,598.2
Bellingham School District (WA),19.2,2016-17,0.74,600.0,32.0,607.81
Bellingham School District (WA),19.4,2017-18,0.78,605.0,33.0,643.91
Bellingham School District (WA),20.89,2018-19,0.84,570.0,32.0,663.34
Bellingham School District (WA),12.0,2019-20,0.48,1002.0,56.0,668.14
Bellingham School District (WA),12.1,2020-21,0.48,949.0,56.0,675.55
Bellingham School District (WA),19.61,2021-22,0.78,583.0,34.0,659.71
Bellingham School District (WA),20.1,2022-23,0.8,578.0,35.0,705.0
Bellingham School District (WA),13.12,2023-24,0.52,876.0,51.0,671.46
Bellingham School District (WA),9.14,2024-25,0.37,1240.0,71.0,651.58
Benge School District (WA),0.0,2015-16,0.0,,,1.96
Benge School District (WA),0.0,2016-17,0.0,,,1.96
Benge School District (WA),0.0,2017-18,0.0,,,2.0
Benge School District (WA),0.0,2018-19,0.0,,,1.99
Benge School District (WA),0.0,2019-20,0.0,,,2.0
Benge School District (WA),0.0,2020-21,0.0,,,1.0
Benge School District (WA),0.0,2021-22,0.0,,,2.0
Benge School District (WA),0.0,2022-23,0.0,,,2.0
Benge School District (WA),0.0,2023-24,,,,2.0
Benge School District (WA),0.0,2024-25,,,,2.0
Bethel School District (WA),17.2,2015-16,0.44,1101.0,57.0,972.33
Bethel School District (WA),17.69,2016-17,0.47,1087.0,56.0,984.94
Bethel School District (WA),17.43,2017-18,0.54,1134.0,58.0,1011.77
Bethel School District (WA),17.17,2018-19,0.54,1172.0,62.0,1063.39
Bethel School District (WA),18.2,2019-20,0.59,1133.0,61.0,1118.97
Bethel School District (WA),18.28,2020-21,0.57,1098.0,63.0,1148.83
Bethel School District (WA),18.9,2021-22,0.56,1094.0,59.0,1117.28
Bethel School District (WA),12.19,2022-23,0.36,1736.0,94.0,1140.0
Bethel School District (WA),12.4,2023-24,0.32,1737.0,93.0,1148.96
Bethel School District (WA),12.5,2024-25,0.35,1716.0,93.0,1160.66
Bickleton School District (WA),0.0,2015-16,0.0,,,10.87
Bickleton School District (WA),0.0,2016-17,0.0,,,11.26
Bickleton School District (WA),0.0,2017-18,0.0,,,11.99
Bickleton School District (WA),0.0,2018-19,0.0,,,13.01
Bickleton School District (WA),0.0,2019-20,0.0,,,12.7
Bickleton School District (WA),0.0,2020-21,0.0,,,12.02
Bickleton School District (WA),0.0,2021-22,0.0,,,12.0
Bickleton School District (WA),0.0,2022-23,0.0,,,12.0
Bickleton School District (WA),0.0,2023-24,,,,12.7
Bickleton School District (WA),0.0,2024-25,,,,13.0
Blaine School District (WA),2.8,2015-16,0.47,798.0,41.0,114.85
Blaine School District (WA),3.0,2016-17,0.43,752.0,40.0,120.0
Blaine School District (WA),3.0,2017-18,0.43,750.0,41.0,121.89
Blaine School District (WA),2.0,2018-19,0.29,1150.0,63.0,126.79
Blaine School District (WA),1.0,2019-20,0.14,2290.0,129.0,129.25
Blaine School District (WA),1.0,2020-21,0.14,2164.0,127.0,127.19
Blaine School District (WA),1.0,2021-22,0.14,2145.0,118.0,117.82
Blaine School District (WA),1.0,2022-23,0.14,2081.0,131.0,131.0
Blaine School District (WA),0.0,2023-24,,,,116.59
Blaine School District (WA),0.0,2024-25,,,,103.63
Boistfort School District (WA),0.0,2015-16,0.0,,,6.0
Boistfort School District (WA),0.0,2016-17,0.0,,,6.0
Boistfort School District (WA),0.0,2017-18,0.0,,,4.0
Boistfort School District (WA),0.0,2018-19,0.0,,,6.17
Boistfort School District (WA),0.0,2019-20,0.0,,,6.0
Boistfort School District (WA),0.0,2020-21,0.0,,,8.06
Boistfort School District (WA),0.0,2021-22,0.0,,,6.0
Boistfort School District (WA),0.0,2022-23,0.0,,,4.0
Boistfort School District (WA),0.0,2023-24,,,,6.0
Boistfort School District (WA),0.0,2024-25,,,,5.57
Bremerton School District (WA),5.75,2015-16,0.41,902.0,55.0,319.0
Bremerton School District (WA),5.74,2016-17,0.41,895.0,57.0,324.37
Bremerton School District (WA),5.74,2017-18,0.41,882.0,55.0,318.15
Bremerton School District (WA),5.85,2018-19,0.42,857.0,56.0,325.93
Bremerton School District (WA),5.0,2019-20,0.36,991.0,64.0,318.78
Bremerton School District (WA),1.01,2020-21,0.07,4491.0,302.0,305.27
Bremerton School District (WA),1.0,2021-22,0.07,4404.0,288.0,287.88
Bremerton School District (WA),1.0,2022-23,0.08,4383.0,303.0,303.0
Bremerton School District (WA),1.0,2023-24,0.08,4367.0,280.0,279.89
Bremerton School District (WA),1.0,2024-25,0.08,4383.0,280.0,280.03
Brewster School District (WA),0.75,2015-16,0.19,1329.0,80.0,59.88
Brewster School District (WA),0.7,2016-17,0.18,1376.0,86.0,59.96
Brewster School District (WA),0.0,2017-18,0.0,,,55.25
Brewster School District (WA),0.0,2018-19,0.0,,,55.15
Brewster School District (WA),0.0,2019-20,0.0,,,58.25
Brewster School District (WA),0.0,2020-21,0.0,,,52.14
Brewster School District (WA),0.0,2021-22,0.0,,,57.58
Brewster School District (WA),0.0,2022-23,0.0,,,58.0
Brewster School District (WA),0.0,2023-24,,,,59.92
Brewster School District (WA),0.0,2024-25,,,,58.87
Bridgeport School District (WA),0.0,2015-16,0.0,,,51.01
Bridgeport School District (WA),0.0,2016-17,0.0,,,57.79
Bridgeport School District (WA),0.0,2017-18,0.0,,,51.84
Bridgeport School District (WA),0.0,2018-19,0.0,,,55.48
Bridgeport School District (WA),0.0,2019-20,0.0,,,55.12
Bridgeport School District (WA),0.0,2020-21,0.0,,,44.1
Bridgeport School District (WA),0.0,2021-22,0.0,,,46.23
Bridgeport School District (WA),0.0,2022-23,0.0,,,50.0
Bridgeport School District (WA),0.0,2023-24,,,,48.26
Bridgeport School District (WA),0.0,2024-25,,,,45.0
Brinnon School District (WA),0.0,2015-16,0.0,,,4.1
Brinnon School District (WA),0.0,2016-17,0.0,,,4.12
Brinnon School District (WA),0.0,2017-18,0.0,,,4.3
Brinnon School District (WA),0.0,2018-19,0.0,,,5.34
Brinnon School District (WA),0.0,2019-20,0.0,,,5.33
Brinnon School District (WA),0.0,2020-21,0.0,,,5.32
Brinnon School District (WA),0.0,2021-22,0.0,,,6.13
Brinnon School District (WA),0.0,2022-23,0.0,,,6.0
Brinnon School District (WA),0.0,2023-24,,,,5.69
Brinnon School District (WA),0.0,2024-25,,,,5.18
Burlington-Edison School District (WA),0.0,2015-16,-0.13,-3683.0,-208.0,208.31
Burlington-Edison School District (WA),0.0,2016-17,0.0,,,206.23
Burlington-Edison School District (WA),0.0,2017-18,0.0,,,205.59
Burlington-Edison School District (WA),0.0,2018-19,0.0,,,203.6
Burlington-Edison School District (WA),0.0,2019-20,0.0,,,209.5
Burlington-Edison School District (WA),0.0,2020-21,0.0,,,206.97
Burlington-Edison School District (WA),0.0,2021-22,0.0,,,192.0
Burlington-Edison School District (WA),0.0,2022-23,0.0,,,220.0
Burlington-Edison School District (WA),0.0,2023-24,,,,204.39
Burlington-Edison School District (WA),0.0,2024-25,,,,205.27
Camas School District (WA),8.59,2015-16,0.78,804.0,41.0,351.12
Camas School District (WA),8.6,2016-17,0.78,825.0,43.0,366.01
Camas School District (WA),8.6,2017-18,0.78,825.0,44.0,379.4
Camas School District (WA),9.0,2018-19,0.64,828.0,44.0,392.21
Camas School District (WA),9.4,2019-20,0.63,810.0,41.0,384.5
Camas School District (WA),9.4,2020-21,0.63,770.0,43.0,402.25
Camas School District (WA),9.6,2021-22,0.6,753.0,41.0,388.95
Camas School District (WA),9.6,2022-23,0.6,763.0,43.0,410.0
Camas School District (WA),9.5,2023-24,0.59,763.0,40.0,384.62
Camas School District (WA),9.5,2024-25,0.63,762.0,40.0,382.91
Cape Flattery School District (WA),0.0,2015-16,-0.25,-475.0,-39.0,39.19
Cape Flattery School District (WA),0.0,2016-17,0.0,,,36.53
Cape Flattery School District (WA),0.0,2017-18,0.0,,,39.51
Cape Flattery School District (WA),0.0,2018-19,0.0,,,38.51
Cape Flattery School District (WA),0.0,2019-20,0.0,,,38.32
Cape Flattery School District (WA),0.0,2020-21,0.0,,,38.92
Cape Flattery School District (WA),0.0,2021-22,0.0,,,42.32
Cape Flattery School District (WA),0.0,2022-23,0.0,,,40.0
Cape Flattery School District (WA),0.0,2023-24,,,,38.99
Cape Flattery School District (WA),0.0,2024-25,,,,39.88
Carbonado School District (WA),0.0,2015-16,0.0,,,11.5
Carbonado School District (WA),0.0,2016-17,0.0,,,12.11
Carbonado School District (WA),0.0,2017-18,0.0,,,12.51
Carbonado School District (WA),0.0,2018-19,0.0,,,12.51
Carbonado School District (WA),0.0,2019-20,0.0,,,12.5
Carbonado School District (WA),0.0,2020-21,0.0,,,11.5
Carbonado School District (WA),0.0,2021-22,0.0,,,12.5
Carbonado School District (WA),0.0,2022-23,0.0,,,13.0
Carbonado School District (WA),0.0,2023-24,,,,12.52
Carbonado School District (WA),0.0,2024-25,,,,12.73
Cascade School District (WA),0.0,2015-16,0.0,,,78.02
Cascade School District (WA),0.0,2016-17,0.0,,,81.35
Cascade School District (WA),0.0,2017-18,0.0,,,76.01
Cascade School District (WA),0.0,2018-19,0.0,,,79.15
Cascade School District (WA),0.0,2019-20,0.0,,,80.5
Cascade School District (WA),0.0,2020-21,0.0,,,77.71
Cascade School District (WA),0.0,2021-22,0.0,,,83.17
Cascade School District (WA),0.0,2022-23,0.0,,,85.0
Cascade School District (WA),0.0,2023-24,,,,74.69
Cascade School District (WA),0.0,2024-25,,,,78.23
Cashmere School District (WA),2.68,2015-16,0.89,576.0,32.0,84.64
Cashmere School District (WA),2.24,2016-17,0.75,719.0,39.0,87.84
Cashmere School District (WA),2.47,2017-18,0.82,651.0,37.0,91.31
Cashmere School District (WA),1.95,2018-19,0.65,872.0,47.0,91.6
Cashmere School District (WA),1.5,2019-20,0.5,1117.0,63.0,95.03
Cashmere School District (WA),1.8,2020-21,0.6,903.0,53.0,94.97
Cashmere School District (WA),1.73,2021-22,0.58,938.0,53.0,92.26
Cashmere School District (WA),1.75,2022-23,0.58,903.0,58.0,101.0
Cashmere School District (WA),1.0,2023-24,0.33,1630.0,102.0,101.7
Cashmere School District (WA),1.0,2024-25,0.33,1677.0,97.0,97.45
Castle Rock School District (WA),0.0,2015-16,0.0,,,67.4
Castle Rock School District (WA),0.0,2016-17,0.0,,,69.9
Castle Rock School District (WA),0.0,2017-18,0.0,,,72.13
Castle Rock School District (WA),0.0,2018-19,0.0,,,74.52
Castle Rock School District (WA),0.0,2019-20,0.0,,,74.88
Castle Rock School District (WA),0.0,2020-21,0.0,,,69.98
Castle Rock School District (WA),0.0,2021-22,0.0,,,75.87
Castle Rock School District (WA),0.0,2022-23,0.0,,,86.0
Castle Rock School District (WA),0.0,2023-24,,,,90.04
Castle Rock School District (WA),0.0,2024-25,,,,80.81
Centerville School District (WA),0.0,2015-16,0.0,,,5.0
Centerville School District (WA),0.0,2016-17,0.0,,,5.0
Centerville School District (WA),0.0,2017-18,0.0,,,6.0
Centerville School District (WA),0.0,2018-19,0.0,,,5.7
Centerville School District (WA),0.0,2019-20,0.0,,,5.6
Centerville School District (WA),0.0,2020-21,0.0,,,4.7
Centerville School District (WA),0.0,2021-22,0.0,,,5.0
Centerville School District (WA),0.0,2022-23,0.0,,,5.0
Centerville School District (WA),0.0,2023-24,,,,5.0
Centerville School District (WA),0.0,2024-25,,,,5.0
Central Kitsap School District (WA),18.0,2015-16,0.78,616.0,33.0,587.39
Central Kitsap School District (WA),18.0,2016-17,0.9,617.0,34.0,605.07
Central Kitsap School District (WA),9.0,2017-18,0.47,1260.0,66.0,596.48
Central Kitsap School District (WA),18.0,2018-19,0.95,637.0,35.0,634.98
Central Kitsap School District (WA),18.0,2019-20,0.95,659.0,35.0,638.62
Central Kitsap School District (WA),18.0,2020-21,0.95,618.0,33.0,592.05
Central Kitsap School District (WA),18.0,2021-22,0.95,626.0,34.0,606.33
Central Kitsap School District (WA),18.0,2022-23,0.95,623.0,34.0,612.0
Central Kitsap School District (WA),17.8,2023-24,0.94,624.0,34.0,603.26
Central Kitsap School District (WA),18.0,2024-25,0.95,617.0,34.0,605.01
Central Valley School District (WA),22.1,2015-16,0.79,603.0,33.0,735.41
Central Valley School District (WA),22.3,2016-17,0.8,604.0,33.0,746.56
Central Valley School District (WA),23.6,2017-18,0.84,588.0,34.0,814.08
Central Valley School District (WA),22.81,2018-19,0.76,640.0,37.0,840.13
Central Valley School District (WA),24.61,2019-20,0.79,601.0,33.0,816.0
Central Valley School District (WA),7.0,2020-21,0.23,2023.0,117.0,819.79
Central Valley School District (WA),23.0,2021-22,0.7,634.0,38.0,867.8
Central Valley School District (WA),8.0,2022-23,0.25,1836.0,117.0,933.0
Central Valley School District (WA),6.3,2023-24,0.2,2337.0,132.0,829.59
Central Valley School District (WA),6.1,2024-25,0.19,2463.0,139.0,849.3
Centralia School District (WA),0.0,2015-16,0.0,,,196.03
Centralia School District (WA),0.0,2016-17,0.0,,,199.67
Centralia School District (WA),0.0,2017-18,0.0,,,196.89
Centralia School District (WA),1.0,2018-19,0.11,3577.0,204.0,203.59
Centralia School District (WA),1.0,2019-20,0.11,3638.0,197.0,197.39
Centralia School District (WA),0.0,2020-21,0.0,,,180.23
Centralia School District (WA),0.0,2021-22,0.0,,,201.45
Centralia School District (WA),0.0,2022-23,0.0,,,210.0
Centralia School District (WA),1.0,2023-24,0.11,3374.0,208.0,208.07
Centralia School District (WA),1.0,2024-25,0.11,3313.0,192.0,191.61
Chehalis School District (WA),1.0,2015-16,0.11,3026.0,167.0,167.38
Chehalis School District (WA),1.0,2016-17,0.11,3068.0,172.0,171.68
Chehalis School District (WA),0.0,2017-18,0.0,,,175.12
Chehalis School District (WA),0.0,2018-19,0.0,,,177.03
Chehalis School District (WA),1.0,2019-20,0.13,3259.0,173.0,173.41
Chehalis School District (WA),0.0,2020-21,0.0,,,175.71
Chehalis School District (WA),0.0,2021-22,0.0,,,166.62
Chehalis School District (WA),0.0,2022-23,0.0,,,173.0
Chehalis School District (WA),0.0,2023-24,,,,173.64
Chehalis School District (WA),0.0,2024-25,,,,170.51
Cheney School District (WA),4.0,2015-16,0.33,1139.0,65.0,259.93
Cheney School District (WA),3.88,2016-17,0.32,1210.0,68.0,263.82
Cheney School District (WA),4.5,2017-18,0.38,1077.0,63.0,282.95
Cheney School District (WA),4.5,2018-19,0.38,1142.0,64.0,286.89
Cheney School District (WA),3.07,2019-20,0.26,1716.0,100.0,308.06
Cheney School District (WA),3.25,2020-21,0.27,1562.0,92.0,297.86
Cheney School District (WA),2.25,2021-22,0.19,2381.0,137.0,308.6
Cheney School District (WA),1.45,2022-23,0.12,3821.0,225.0,326.0
Cheney School District (WA),1.45,2023-24,0.11,3902.0,227.0,329.78
Cheney School District (WA),1.38,2024-25,0.11,4103.0,240.0,331.01
Chewelah School District (WA),0.0,2015-16,0.0,,,47.42
Chewelah School District (WA),0.0,2016-17,0.0,,,46.41
Chewelah School District (WA),0.0,2017-18,0.0,,,44.58
Chewelah School District (WA),0.0,2018-19,0.0,,,44.53
Chewelah School District (WA),0.0,2019-20,0.0,,,43.53
Chewelah School District (WA),0.0,2020-21,0.0,,,43.73
Chewelah School District (WA),0.0,2021-22,0.0,,,45.52
Chewelah School District (WA),0.0,2022-23,0.0,,,48.0
Chewelah School District (WA),0.0,2023-24,,,,49.56
Chewelah School District (WA),0.0,2024-25,,,,48.53
Chimacum School District (WA),1.0,2015-16,0.17,1089.0,55.0,54.83
Chimacum School District (WA),1.0,2016-17,0.17,1064.0,59.0,59.31
Chimacum School District (WA),0.8,2017-18,0.13,1233.0,70.0,56.12
Chimacum School District (WA),0.8,2018-19,0.13,1095.0,63.0,50.69
Chimacum School District (WA),0.8,2019-20,0.16,1044.0,62.0,49.56
Chimacum School District (WA),0.8,2020-21,0.16,916.0,55.0,43.62
Chimacum School District (WA),1.0,2021-22,0.2,715.0,41.0,41.0
Chimacum School District (WA),1.0,2022-23,0.2,717.0,44.0,44.0
Chimacum School District (WA),1.0,2023-24,0.2,722.0,47.0,47.18
Chimacum School District (WA),1.0,2024-25,0.2,704.0,45.0,44.69
Clarkston School District (WA),1.4,2015-16,0.14,1919.0,104.0,146.04
Clarkston School District (WA),1.6,2016-17,0.18,1704.0,92.0,146.56
Clarkston School District (WA),1.62,2017-18,0.18,1673.0,93.0,150.36
Clarkston School District (WA),1.62,2018-19,0.18,1648.0,93.0,150.45
Clarkston School District (WA),0.0,2019-20,0.0,,,146.59
Clarkston School District (WA),0.0,2020-21,0.0,,,136.35
Clarkston School District (WA),0.0,2021-22,0.0,,,143.44
Clarkston School District (WA),0.0,2022-23,0.0,,,142.0
Clarkston School District (WA),0.0,2023-24,,,,143.4
Clarkston School District (WA),0.0,2024-25,,,,137.47
Cle Elum-Roslyn School District (WA),0.0,2015-16,0.0,,,52.75
Cle Elum-Roslyn School District (WA),0.0,2016-17,0.0,,,52.54
Cle Elum-Roslyn School District (WA),0.0,2017-18,0.0,,,52.54
Cle Elum-Roslyn School District (WA),0.0,2018-19,0.0,,,53.33
Cle Elum-Roslyn School District (WA),0.0,2019-20,0.0,,,52.97
Cle Elum-Roslyn School District (WA),0.0,2020-21,0.0,,,54.24
Cle Elum-Roslyn School District (WA),0.0,2021-22,0.0,,,50.88
Cle Elum-Roslyn School District (WA),0.0,2022-23,0.0,,,56.0
Cle Elum-Roslyn School District (WA),0.0,2023-24,,,,50.57
Cle Elum-Roslyn School District (WA),0.0,2024-25,,,,54.62
Clover Park School District (WA),23.0,2015-16,0.7,557.0,31.0,723.42
Clover Park School District (WA),23.0,2016-17,0.7,573.0,31.0,723.04
Clover Park School District (WA),23.0,2017-18,0.7,577.0,32.0,746.43
Clover Park School District (WA),23.0,2018-19,0.7,591.0,33.0,761.14
Clover Park School District (WA),17.9,2019-20,0.54,769.0,44.0,782.75
Clover Park School District (WA),17.88,2020-21,0.56,702.0,41.0,726.57
Clover Park School District (WA),16.02,2021-22,0.5,788.0,43.0,692.5
Clover Park School District (WA),18.46,2022-23,0.58,681.0,40.0,745.0
Clover Park School District (WA),18.73,2023-24,0.57,662.0,41.0,764.74
Clover Park School District (WA),18.05,2024-25,0.55,684.0,44.0,790.88
Colfax School District (WA),0.5,2015-16,0.25,1200.0,68.0,34.0
Colfax School District (WA),0.5,2016-17,0.25,1208.0,68.0,34.09
Colfax School District (WA),0.0,2017-18,0.0,,,35.09
Colfax School District (WA),0.0,2018-19,0.0,,,35.09
Colfax School District (WA),0.0,2019-20,0.0,,,34.34
Colfax School District (WA),0.0,2020-21,0.0,,,34.7
Colfax School District (WA),0.0,2021-22,0.0,,,34.79
Colfax School District (WA),0.0,2022-23,0.0,,,35.0
Colfax School District (WA),0.0,2023-24,,,,35.17
Colfax School District (WA),0.0,2024-25,,,,34.17
College Place School District (WA),2.0,2015-16,0.67,601.0,38.0,75.13
College Place School District (WA),2.0,2016-17,0.67,677.0,42.0,83.17
College Place School District (WA),2.0,2017-18,0.67,723.0,41.0,82.21
College Place School District (WA),1.0,2018-19,0.33,1465.0,85.0,85.47
College Place School District (WA),1.3,2019-20,0.33,1252.0,70.0,91.46
College Place School District (WA),0.3,2020-21,0.08,5367.0,309.0,92.72
College Place School District (WA),0.3,2021-22,0.08,5233.0,308.0,92.51
College Place School District (WA),0.3,2022-23,0.08,5180.0,330.0,99.0
College Place School District (WA),0.3,2023-24,0.08,5123.0,330.0,99.03
College Place School District (WA),0.3,2024-25,0.08,5103.0,327.0,98.22
Colton School District (WA),0.0,2015-16,0.0,,,13.5
Colton School District (WA),0.0,2016-17,0.0,,,14.62
Colton School District (WA),0.0,2017-18,0.0,,,14.68
Colton School District (WA),0.0,2018-19,0.0,,,14.77
Colton School District (WA),0.0,2019-20,0.0,,,15.4
Colton School District (WA),0.0,2020-21,0.0,,,15.4
Colton School District (WA),0.0,2021-22,0.0,,,17.25
Colton School District (WA),0.0,2022-23,0.0,,,16.0
Colton School District (WA),0.0,2023-24,,,,15.26
Colton School District (WA),0.0,2024-25,,,,15.21
Columbia (Stevens) School District (WA),0.0,2015-16,0.0,,,13.45
Columbia (Stevens) School District (WA),0.0,2016-17,0.0,,,14.83
Columbia (Stevens) School District (WA),0.0,2017-18,0.0,,,14.77
Columbia (Stevens) School District (WA),0.0,2018-19,0.0,,,13.06
Columbia (Stevens) School District (WA),0.0,2019-20,0.0,,,13.77
Columbia (Stevens) School District (WA),0.0,2020-21,0.0,,,12.51
Columbia (Stevens) School District (WA),0.0,2021-22,0.0,,,12.35
Columbia (Stevens) School District (WA),0.0,2022-23,0.0,,,12.0
Columbia (Stevens) School District (WA),0.0,2023-24,,,,12.85
Columbia (Stevens) School District (WA),0.0,2024-25,,,,12.35
Columbia (Walla Walla) School District (WA),0.0,2015-16,0.0,,,48.2
Columbia (Walla Walla) School District (WA),0.0,2016-17,0.0,,,46.82
Columbia (Walla Walla) School District (WA),0.0,2017-18,0.0,,,46.16
Columbia (Walla Walla) School District (WA),0.0,2018-19,0.0,,,44.9
Columbia (Walla Walla) School District (WA),0.0,2019-20,0.0,,,45.58
Columbia (Walla Walla) School District (WA),0.0,2020-21,0.0,,,43.71
Columbia (Walla Walla) School District (WA),0.0,2021-22,0.0,,,47.8
Columbia (Walla Walla) School District (WA),0.0,2022-23,0.0,,,49.0
Columbia (Walla Walla) School District (WA),0.0,2023-24,,,,53.3
Columbia (Walla Walla) School District (WA),0.0,2024-25,,,,49.62
Colville School District (WA),2.0,2015-16,0.4,907.0,50.0,99.46
Colville School District (WA),2.02,2016-17,0.4,861.0,50.0,100.46
Colville School District (WA),3.02,2017-18,0.6,604.0,33.0,101.11
Colville School District (WA),3.02,2018-19,0.6,611.0,33.0,99.09
Colville School District (WA),2.52,2019-20,0.42,695.0,41.0,102.83
Colville School District (WA),2.52,2020-21,0.42,625.0,38.0,95.08
Colville School District (WA),2.52,2021-22,0.42,654.0,40.0,99.93
Colville School District (WA),2.5,2022-23,0.42,674.0,41.0,102.0
Colville School District (WA),3.0,2023-24,0.5,573.0,36.0,107.6
Colville School District (WA),1.5,2024-25,0.25,1158.0,68.0,101.96
Concrete School District (WA),0.0,2015-16,0.0,,,29.44
Concrete School District (WA),0.0,2016-17,0.0,,,33.39
Concrete School District (WA),0.0,2017-18,0.0,,,32.66
Concrete School District (WA),0.0,2018-19,0.0,,,33.4
Concrete School District (WA),0.0,2019-20,0.0,,,31.36
Concrete School District (WA),0.0,2020-21,0.0,,,32.43
Concrete School District (WA),0.0,2021-22,0.0,,,32.15
Concrete School District (WA),0.0,2022-23,0.0,,,36.0
Concrete School District (WA),0.0,2023-24,,,,34.64
Concrete School District (WA),0.0,2024-25,,,,32.63
Conway School District (WA),0.0,2015-16,0.0,,,23.32
Conway School District (WA),0.0,2016-17,0.0,,,23.34
Conway School District (WA),0.0,2017-18,0.0,,,24.74
Conway School District (WA),0.0,2018-19,0.0,,,25.82
Conway School District (WA),0.0,2019-20,0.0,,,25.0
Conway School District (WA),0.0,2020-21,0.0,,,25.02
Conway School District (WA),0.0,2021-22,0.0,,,24.78
Conway School District (WA),0.0,2022-23,0.0,,,26.0
Conway School District (WA),0.0,2023-24,,,,24.59
Conway School District (WA),0.0,2024-25,,,,25.1
Cosmopolis School District (WA),0.0,2015-16,0.0,,,10.43
Cosmopolis School District (WA),0.0,2016-17,0.0,,,10.15
Cosmopolis School District (WA),0.0,2017-18,0.0,,,10.79
Cosmopolis School District (WA),0.0,2018-19,0.0,,,10.04
Cosmopolis School District (WA),0.0,2019-20,0.0,,,11.85
Cosmopolis School District (WA),0.0,2020-21,0.0,,,11.86
Cosmopolis School District (WA),0.0,2021-22,0.0,,,12.0
Cosmopolis School District (WA),0.0,2022-23,0.0,,,14.0
Cosmopolis School District (WA),0.0,2023-24,,,,14.81
Cosmopolis School District (WA),0.0,2024-25,,,,10.6
Coulee-Hartline School District (WA),0.0,2015-16,0.0,,,15.38
Coulee-Hartline School District (WA),0.0,2016-17,0.0,,,14.72
Coulee-Hartline School District (WA),0.0,2017-18,0.0,,,14.93
Coulee-Hartline School District (WA),0.0,2018-19,0.0,,,15.1
Coulee-Hartline School District (WA),0.0,2019-20,0.0,,,14.95
Coulee-Hartline School District (WA),0.0,2020-21,0.0,,,14.73
Coulee-Hartline School District (WA),0.0,2021-22,0.0,,,17.29
Coulee-Hartline School District (WA),0.0,2022-23,0.0,,,17.0
Coulee-Hartline School District (WA),0.0,2023-24,,,,14.44
Coulee-Hartline School District (WA),0.0,2024-25,,,,13.87
Coupeville School District (WA),0.0,2015-16,-0.14,-949.0,-54.0,53.86
Coupeville School District (WA),0.0,2016-17,0.0,,,56.93
Coupeville School District (WA),0.0,2017-18,0.0,,,56.84
Coupeville School District (WA),0.0,2018-19,0.0,,,60.28
Coupeville School District (WA),0.0,2019-20,0.0,,,59.33
Coupeville School District (WA),0.0,2020-21,0.0,,,55.62
Coupeville School District (WA),0.0,2021-22,0.0,,,64.52
Coupeville School District (WA),0.0,2022-23,0.0,,,58.0
Coupeville School District (WA),0.0,2023-24,,,,56.56
Coupeville School District (WA),0.0,2024-25,,,,50.49
Crescent School District (WA),0.0,2015-16,-0.5,-272.0,-20.0,20.41
Crescent School District (WA),0.2,2016-17,0.1,1510.0,108.0,21.51
Crescent School District (WA),0.13,2017-18,0.07,2362.0,156.0,20.24
Crescent School District (WA),0.29,2018-19,0.15,1176.0,72.0,21.02
Crescent School District (WA),0.4,2019-20,0.2,915.0,52.0,20.65
Crescent School District (WA),0.4,2020-21,0.2,820.0,53.0,21.21
Crescent School District (WA),0.4,2021-22,0.2,765.0,54.0,21.53
Crescent School District (WA),0.2,2022-23,0.1,1680.0,105.0,21.0
Crescent School District (WA),0.2,2023-24,0.1,1795.0,107.0,21.39
Crescent School District (WA),0.2,2024-25,0.1,1860.0,110.0,22.0
Creston School District (WA),0.0,2015-16,0.0,,,13.01
Creston School District (WA),0.0,2016-17,0.0,,,12.5
Creston School District (WA),0.0,2017-18,0.0,,,11.49
Creston School District (WA),0.0,2018-19,0.0,,,10.38
Creston School District (WA),0.0,2019-20,0.0,,,10.42
Creston School District (WA),0.0,2020-21,0.0,,,9.55
Creston School District (WA),0.0,2021-22,0.0,,,9.22
Creston School District (WA),0.0,2022-23,0.0,,,10.0
Creston School District (WA),0.0,2023-24,,,,9.01
Creston School District (WA),0.0,2024-25,,,,11.0
Curlew School District (WA),0.0,2015-16,0.0,,,16.12
Curlew School District (WA),0.0,2016-17,0.0,,,13.59
Curlew School District (WA),0.0,2017-18,0.0,,,13.99
Curlew School District (WA),0.0,2018-19,0.0,,,14.52
Curlew School District (WA),0.0,2019-20,0.0,,,15.51
Curlew School District (WA),0.0,2020-21,0.0,,,17.07
Curlew School District (WA),0.0,2021-22,0.0,,,19.49
Curlew School District (WA),0.0,2022-23,0.0,,,17.0
Curlew School District (WA),0.0,2023-24,,,,18.83
Curlew School District (WA),0.0,2024-25,,,,18.28
Cusick School District (WA),0.0,2015-16,0.0,,,18.02
Cusick School District (WA),0.0,2016-17,0.0,,,16.47
Cusick School District (WA),0.0,2017-18,0.0,,,15.94
Cusick School District (WA),0.0,2018-19,0.0,,,18.58
Cusick School District (WA),0.0,2019-20,0.0,,,20.2
Cusick School District (WA),0.0,2020-21,0.0,,,20.68
Cusick School District (WA),0.0,2021-22,0.0,,,24.33
Cusick School District (WA),0.0,2022-23,0.0,,,24.0
Cusick School District (WA),0.0,2023-24,,,,26.88
Cusick School District (WA),0.0,2024-25,,,,26.01
Damman School District (WA),0.0,2015-16,0.0,,,2.0
Damman School District (WA),0.0,2016-17,0.0,,,2.0
Damman School District (WA),0.0,2017-18,0.0,,,2.5
Damman School District (WA),0.0,2018-19,0.0,,,2.5
Damman School District (WA),0.0,2019-20,0.0,,,2.49
Damman School District (WA),0.0,2020-21,0.0,,,2.49
Damman School District (WA),0.0,2021-22,0.0,,,2.0
Damman School District (WA),0.0,2022-23,0.0,,,2.0
Damman School District (WA),0.0,2023-24,,,,2.0
Damman School District (WA),0.0,2024-25,,,,2.0
Darrington School District (WA),0.0,2015-16,0.0,,,29.02
Darrington School District (WA),0.0,2016-17,0.0,,,26.69
Darrington School District (WA),0.0,2017-18,0.0,,,24.84
Darrington School District (WA),0.0,2018-19,0.0,,,23.58
Darrington School District (WA),0.0,2019-20,0.0,,,25.0
Darrington School District (WA),0.0,2020-21,0.0,,,23.0
Darrington School District (WA),0.0,2021-22,0.0,,,28.43
Darrington School District (WA),0.0,2022-23,0.0,,,29.0
Darrington School District (WA),0.0,2023-24,,,,31.25
Darrington School District (WA),0.0,2024-25,,,,32.0
Davenport School District (WA),0.0,2015-16,0.0,,,36.96
Davenport School District (WA),0.0,2016-17,0.0,,,37.64
Davenport School District (WA),0.0,2017-18,0.0,,,37.97
Davenport School District (WA),0.0,2018-19,0.0,,,36.98
Davenport School District (WA),0.0,2019-20,0.0,,,36.89
Davenport School District (WA),0.0,2020-21,0.0,,,34.41
Davenport School District (WA),0.0,2021-22,0.0,,,39.38
Davenport School District (WA),0.0,2022-23,0.0,,,41.0
Davenport School District (WA),0.0,2023-24,,,,41.98
Davenport School District (WA),0.0,2024-25,,,,38.03
Dayton School District (WA),0.0,2015-16,0.0,,,29.51
Dayton School District (WA),0.0,2016-17,0.0,,,29.55
Dayton School District (WA),0.0,2017-18,0.0,,,30.03
Dayton School District (WA),0.0,2018-19,0.0,,,32.02
Dayton School District (WA),0.0,2019-20,0.0,,,31.04
Dayton School District (WA),0.0,2020-21,0.0,,,30.0
Dayton School District (WA),0.0,2021-22,0.0,,,29.77
Dayton School District (WA),0.0,2022-23,0.0,,,31.0
Dayton School District (WA),0.0,2023-24,,,,28.45
Dayton School District (WA),0.0,2024-25,,,,27.93
Deer Park School District (WA),2.0,2015-16,0.29,1250.0,64.0,127.75
Deer Park School District (WA),1.0,2016-17,0.14,2518.0,133.0,132.67
Deer Park School District (WA),1.0,2017-18,0.14,2514.0,135.0,134.81
Deer Park School District (WA),1.0,2018-19,0.14,2634.0,135.0,135.42
Deer Park School District (WA),0.0,2019-20,0.0,,,136.24
Deer Park School District (WA),0.0,2020-21,0.0,,,136.01
Deer Park School District (WA),0.0,2021-22,0.0,,,148.13
Deer Park School District (WA),0.0,2022-23,0.0,,,148.0
Deer Park School District (WA),1.5,2023-24,0.19,1851.0,102.0,152.62
Deer Park School District (WA),2.47,2024-25,0.31,1127.0,59.0,145.99
Dieringer School District (WA),0.0,2015-16,0.0,,,78.59
Dieringer School District (WA),0.0,2016-17,0.0,,,77.79
Dieringer School District (WA),0.0,2017-18,0.0,,,81.65
Dieringer School District (WA),0.0,2018-19,0.0,,,79.7
Dieringer School District (WA),0.0,2019-20,0.0,,,84.7
Dieringer School District (WA),0.0,2020-21,0.0,,,82.13
Dieringer School District (WA),0.0,2021-22,0.0,,,77.08
Dieringer School District (WA),0.0,2022-23,0.0,,,84.0
Dieringer School District (WA),0.0,2023-24,,,,84.87
Dieringer School District (WA),0.0,2024-25,,,,82.92
Dixie School District (WA),0.0,2015-16,0.0,,,2.0
Dixie School District (WA),0.0,2016-17,0.0,,,2.0
Dixie School District (WA),0.0,2017-18,0.0,,,2.0
Dixie School District (WA),0.0,2018-19,0.0,,,2.0
Dixie School District (WA),0.0,2019-20,0.0,,,2.0
Dixie School District (WA),0.0,2020-21,0.0,,,2.0
Dixie School District (WA),0.0,2021-22,0.0,,,2.0
Dixie School District (WA),0.0,2022-23,0.0,,,1.0
Dixie School District (WA),0.0,2023-24,,,,2.0
Dixie School District (WA),0.0,2024-25,,,,2.0
East Valley School District (Spokane) (WA),1.0,2015-16,0.11,4311.0,236.0,236.48
East Valley School District (Spokane) (WA),1.0,2016-17,0.1,4262.0,240.0,240.11
East Valley School District (Spokane) (WA),1.0,2017-18,0.1,4266.0,236.0,235.56
East Valley School District (Spokane) (WA),1.0,2018-19,0.1,4277.0,230.0,229.7
East Valley School District (Spokane) (WA),1.01,2019-20,0.1,4191.0,225.0,227.1
East Valley School District (Spokane) (WA),1.01,2020-21,0.11,3700.0,215.0,217.58
East Valley School District (Spokane) (WA),1.0,2021-22,0.11,3666.0,209.0,209.02
East Valley School District (Spokane) (WA),1.0,2022-23,0.11,3670.0,215.0,215.0
East Valley School District (Spokane) (WA),1.0,2023-24,0.11,3594.0,203.0,203.01
East Valley School District (Spokane) (WA),0.0,2024-25,,,,205.17
East Valley School District (Yakima) (WA),0.2,2015-16,0.04,15685.0,861.0,172.27
East Valley School District (Yakima) (WA),0.2,2016-17,0.04,16130.0,872.0,174.47
East Valley School District (Yakima) (WA),0.0,2017-18,0.0,,,179.23
East Valley School District (Yakima) (WA),0.0,2018-19,0.0,,,181.7
East Valley School District (Yakima) (WA),0.0,2019-20,0.0,,,181.63
East Valley School District (Yakima) (WA),0.0,2020-21,0.0,,,178.26
East Valley School District (Yakima) (WA),0.0,2021-22,0.0,,,180.97
East Valley School District (Yakima) (WA),0.0,2022-23,0.0,,,183.0
East Valley School District (Yakima) (WA),0.0,2023-24,,,,184.4
East Valley School District (Yakima) (WA),0.0,2024-25,,,,174.13
Eastmont School District (WA),5.57,2015-16,0.46,1071.0,58.0,321.74
Eastmont School District (WA),5.4,2016-17,0.45,1130.0,58.0,314.37
Eastmont School District (WA),5.2,2017-18,0.43,1198.0,64.0,333.35
Eastmont School District (WA),5.2,2018-19,0.47,1215.0,66.0,341.65
Eastmont School District (WA),3.5,2019-20,0.32,1802.0,99.0,345.1
Eastmont School District (WA),3.38,2020-21,0.31,1788.0,100.0,339.1
Eastmont School District (WA),2.7,2021-22,0.23,2209.0,132.0,357.23
Eastmont School District (WA),2.7,2022-23,0.23,2234.0,134.0,361.0
Eastmont School District (WA),2.5,2023-24,0.21,2436.0,141.0,353.65
Eastmont School District (WA),2.0,2024-25,0.17,2965.0,166.0,331.41
Easton School District (WA),0.0,2015-16,0.0,,,11.0
Easton School District (WA),0.0,2016-17,0.0,,,11.63
Easton School District (WA),0.0,2017-18,0.0,,,10.07
Easton School District (WA),0.0,2018-19,0.0,,,13.03
Easton School District (WA),0.0,2019-20,0.0,,,13.04
Easton School District (WA),0.0,2020-21,0.0,,,9.3
Easton School District (WA),0.0,2021-22,0.0,,,10.21
Easton School District (WA),0.0,2022-23,0.0,,,9.0
Easton School District (WA),0.0,2023-24,,,,9.5
Easton School District (WA),0.0,2024-25,,,,9.0
Eatonville School District (WA),2.0,2015-16,0.25,975.0,49.0,98.29
Eatonville School District (WA),1.0,2016-17,0.13,1961.0,98.0,97.51
Eatonville School District (WA),1.0,2017-18,0.13,1926.0,100.0,100.26
Eatonville School District (WA),1.0,2018-19,0.11,1979.0,103.0,103.02
Eatonville School District (WA),1.0,2019-20,0.11,2059.0,98.0,98.09
Eatonville School District (WA),0.0,2020-21,0.0,,,105.75
Eatonville School District (WA),0.0,2021-22,0.0,,,97.68
Eatonville School District (WA),0.0,2022-23,0.0,,,112.0
Eatonville School District (WA),0.0,2023-24,,,,114.61
Eatonville School District (WA),0.0,2024-25,,,,108.58
Edmonds School District (WA),30.43,2015-16,0.78,691.0,34.0,1047.38
Edmonds School District (WA),31.69,2016-17,0.81,671.0,34.0,1064.31
Edmonds School District (WA),32.8,2017-18,0.86,647.0,33.0,1075.14
Edmonds School District (WA),31.6,2018-19,0.83,674.0,36.0,1134.29
Edmonds School District (WA),8.01,2019-20,0.21,2712.0,142.0,1134.73
Edmonds School District (WA),9.0,2020-21,0.24,2317.0,128.0,1151.76
Edmonds School District (WA),10.3,2021-22,0.26,1975.0,109.0,1119.78
Edmonds School District (WA),9.2,2022-23,0.24,2224.0,128.0,1173.0
Edmonds School District (WA),9.0,2023-24,0.24,2306.0,125.0,1129.4
Edmonds School District (WA),10.0,2024-25,0.26,2096.0,112.0,1123.37
Ellensburg School District (WA),4.8,2015-16,0.69,679.0,34.0,165.41
Ellensburg School District (WA),4.8,2016-17,0.69,698.0,35.0,170.33
Ellensburg School District (WA),4.8,2017-18,0.69,706.0,38.0,184.44
Ellensburg School District (WA),2.3,2018-19,0.33,1456.0,84.0,192.52
Ellensburg School District (WA),2.3,2019-20,0.33,1500.0,84.0,192.87
Ellensburg School District (WA),1.5,2020-21,0.21,2133.0,126.0,189.7
Ellensburg School District (WA),1.91,2021-22,0.27,1714.0,98.0,188.05
Ellensburg School District (WA),0.0,2022-23,0.0,,,191.0
Ellensburg School District (WA),0.0,2023-24,,,,183.79
Ellensburg School District (WA),0.0,2024-25,,,,185.99
Elma School District (WA),0.0,2015-16,0.0,,,78.74
Elma School District (WA),0.0,2016-17,0.0,,,81.23
Elma School District (WA),0.0,2017-18,0.0,,,82.63
Elma School District (WA),0.0,2018-19,0.0,,,85.21
Elma School District (WA),0.0,2019-20,0.0,,,88.32
Elma School District (WA),0.0,2020-21,0.0,,,90.81
Elma School District (WA),0.0,2021-22,0.0,,,84.7
Elma School District (WA),0.0,2022-23,0.0,,,92.0
Elma School District (WA),0.0,2023-24,,,,92.76
Elma School District (WA),0.0,2024-25,,,,91.0
Endicott School District (WA),0.0,2015-16,0.0,,,9.28
Endicott School District (WA),0.0,2016-17,0.0,,,11.75
Endicott School District (WA),0.0,2017-18,0.0,,,11.73
Endicott School District (WA),0.0,2018-19,0.0,,,11.3
Endicott School District (WA),0.0,2019-20,0.0,,,12.3
Endicott School District (WA),0.0,2020-21,0.0,,,11.81
Endicott School District (WA),0.0,2021-22,0.0,,,12.3
Endicott School District (WA),0.0,2022-23,0.0,,,12.0
Endicott School District (WA),0.0,2023-24,,,,11.71
Endicott School District (WA),0.0,2024-25,,,,12.01
Entiat School District (WA),0.0,2015-16,0.0,,,22.78
Entiat School District (WA),0.0,2016-17,0.0,,,21.74
Entiat School District (WA),0.0,2017-18,0.0,,,22.93
Entiat School District (WA),0.0,2018-19,0.0,,,20.97
Entiat School District (WA),0.0,2019-20,0.0,,,22.31
Entiat School District (WA),0.0,2020-21,0.0,,,22.06
Entiat School District (WA),0.0,2021-22,0.0,,,23.74
Entiat School District (WA),0.0,2022-23,0.0,,,25.0
Entiat School District (WA),0.0,2023-24,,,,27.0
Entiat School District (WA),0.0,2024-25,,,,29.0
Enumclaw School District (WA),4.1,2015-16,0.46,995.0,51.0,210.31
Enumclaw School District (WA),4.62,2016-17,0.51,878.0,46.0,214.21
Enumclaw School District (WA),4.92,2017-18,0.49,837.0,43.0,210.7
Enumclaw School District (WA),2.1,2018-19,0.21,1992.0,103.0,215.84
Enumclaw School District (WA),1.3,2019-20,0.13,3328.0,175.0,227.32
Enumclaw School District (WA),2.0,2020-21,0.2,2061.0,117.0,233.82
Enumclaw School District (WA),2.0,2021-22,0.2,2121.0,115.0,229.08
Enumclaw School District (WA),2.0,2022-23,0.2,2218.0,121.0,241.0
Enumclaw School District (WA),1.0,2023-24,0.1,4550.0,246.0,245.51
Enumclaw School District (WA),0.7,2024-25,0.08,6489.0,341.0,239.01
Ephrata School District (WA),1.0,2015-16,0.13,2414.0,127.0,127.32
Ephrata School District (WA),1.0,2016-17,0.13,2500.0,138.0,138.35
Ephrata School District (WA),1.0,2017-18,0.11,2602.0,141.0,141.26
Ephrata School District (WA),1.0,2018-19,0.14,2623.0,144.0,144.36
Ephrata School District (WA),1.0,2019-20,0.13,2738.0,142.0,142.11
Ephrata School District (WA),1.0,2020-21,0.13,2578.0,142.0,142.28
Ephrata School District (WA),1.0,2021-22,0.13,2701.0,138.0,137.51
Ephrata School District (WA),1.0,2022-23,0.13,2807.0,149.0,149.0
Ephrata School District (WA),1.0,2023-24,0.13,2853.0,151.0,151.01
Ephrata School District (WA),1.0,2024-25,0.13,2833.0,153.0,153.09
Evaline School District (WA),0.0,2015-16,0.0,,,2.38
Evaline School District (WA),0.0,2016-17,0.0,,,2.46
Evaline School District (WA),0.0,2017-18,0.0,,,2.96
Evaline School District (WA),0.0,2018-19,0.0,,,3.85
Evaline School District (WA),0.0,2019-20,0.0,,,4.88
Evaline School District (WA),0.0,2020-21,0.0,,,5.37
Evaline School District (WA),0.0,2021-22,0.0,,,5.0
Evaline School District (WA),0.0,2022-23,0.0,,,6.0
Evaline School District (WA),0.0,2023-24,,,,4.74
Evaline School District (WA),0.0,2024-25,,,,4.38
Everett School District (WA),25.17,2015-16,0.79,792.0,38.0,958.3
Everett School District (WA),24.49,2016-17,0.77,826.0,41.0,1002.18
Everett School District (WA),24.0,2017-18,0.75,852.0,43.0,1043.75
Everett School District (WA),17.52,2018-19,0.55,1191.0,63.0,1105.62
Everett School District (WA),19.03,2019-20,0.58,1112.0,58.0,1103.97
Everett School District (WA),16.43,2020-21,0.5,1231.0,67.0,1103.46
Everett School District (WA),16.38,2021-22,0.5,1237.0,62.0,1015.32
Everett School District (WA),17.39,2022-23,0.53,1171.0,63.0,1102.0
Everett School District (WA),12.5,2023-24,0.38,1625.0,85.0,1058.69
Everett School District (WA),12.25,2024-25,0.37,1673.0,88.0,1073.71
Evergreen School District (Clark) (WA),31.71,2015-16,0.83,820.0,46.0,1448.5
Evergreen School District (Clark) (WA),31.67,2016-17,0.81,828.0,46.0,1465.43
Evergreen School District (Clark) (WA),32.19,2017-18,0.85,797.0,46.0,1474.17
Evergreen School District (Clark) (WA),32.66,2018-19,0.84,779.0,47.0,1528.96
Evergreen School District (Clark) (WA),18.05,2019-20,0.46,1386.0,83.0,1500.7
Evergreen School District (Clark) (WA),18.7,2020-21,0.48,1260.0,78.0,1450.2
Evergreen School District (Clark) (WA),18.74,2021-22,0.48,1219.0,71.0,1326.59
Evergreen School District (Clark) (WA),21.98,2022-23,0.56,1028.0,61.0,1348.0
Evergreen School District (Clark) (WA),8.39,2023-24,0.22,2628.0,156.0,1311.71
Evergreen School District (Clark) (WA),0.0,2024-25,,,,1270.53
Evergreen School District (Stevens) (WA),0.0,2015-16,0.0,,,2.0
Evergreen School District (Stevens) (WA),0.0,2016-17,0.0,,,2.0
Evergreen School District (Stevens) (WA),0.0,2017-18,0.0,,,2.32
Evergreen School District (Stevens) (WA),0.0,2018-19,0.0,,,2.39
Evergreen School District (Stevens) (WA),0.0,2019-20,0.0,,,2.78
Evergreen School District (Stevens) (WA),0.0,2020-21,0.0,,,2.24
Evergreen School District (Stevens) (WA),0.0,2021-22,0.0,,,2.6
Evergreen School District (Stevens) (WA),0.0,2022-23,0.0,,,3.0
Evergreen School District (Stevens) (WA),0.0,2023-24,,,,2.71
Evergreen School District (Stevens) (WA),0.0,2024-25,,,,2.7
Federal Way School District (WA),11.5,2015-16,0.24,2003.0,108.0,1240.66
Federal Way School District (WA),13.47,2016-17,0.29,1711.0,94.0,1270.99
Federal Way School District (WA),13.36,2017-18,0.29,1730.0,96.0,1276.09
Federal Way School District (WA),14.15,2018-19,0.31,1660.0,91.0,1284.25
Federal Way School District (WA),14.51,2019-20,0.32,1605.0,88.0,1277.73
Federal Way School District (WA),14.29,2020-21,0.31,1523.0,87.0,1240.35
Federal Way School District (WA),14.36,2021-22,0.31,1472.0,75.0,1073.29
Federal Way School District (WA),13.36,2022-23,0.29,1617.0,89.0,1184.0
Federal Way School District (WA),15.19,2023-24,0.33,1436.0,80.0,1210.15
Federal Way School District (WA),15.19,2024-25,0.33,1465.0,80.0,1216.68
Ferndale School District (WA),0.0,2015-16,0.0,,,253.22
Ferndale School District (WA),0.0,2016-17,0.0,,,249.35
Ferndale School District (WA),0.0,2017-18,0.0,,,251.3
Ferndale School District (WA),0.0,2018-19,0.0,,,251.28
Ferndale School District (WA),0.0,2019-20,0.0,,,264.35
Ferndale School District (WA),0.0,2020-21,0.0,,,243.66
Ferndale School District (WA),0.0,2021-22,0.0,,,282.86
Ferndale School District (WA),0.0,2022-23,0.0,,,289.0
Ferndale School District (WA),0.0,2023-24,,,,301.08
Ferndale School District (WA),0.0,2024-25,,,,265.58
Fife School District (WA),3.5,2015-16,0.58,1055.0,54.0,190.02
Fife School District (WA),4.01,2016-17,0.67,927.0,49.0,196.72
Fife School District (WA),4.0,2017-18,0.67,960.0,50.0,201.22
Fife School District (WA),4.0,2018-19,0.67,961.0,52.0,206.67
Fife School District (WA),4.0,2019-20,0.57,977.0,52.0,208.36
Fife School District (WA),4.5,2020-21,0.64,840.0,46.0,206.12
Fife School District (WA),5.5,2021-22,0.79,689.0,36.0,200.18
Fife School District (WA),5.5,2022-23,0.79,708.0,38.0,209.0
Fife School District (WA),3.5,2023-24,0.5,1119.0,61.0,214.06
Fife School District (WA),3.11,2024-25,0.44,1281.0,67.0,208.1
Finley School District (WA),2.0,2015-16,0.67,456.0,27.0,54.19
Finley School District (WA),2.0,2016-17,0.67,465.0,27.0,53.61
Finley School District (WA),2.0,2017-18,0.67,461.0,27.0,53.61
Finley School District (WA),1.0,2018-19,0.33,885.0,53.0,52.58
Finley School District (WA),1.0,2019-20,0.33,914.0,54.0,53.6
Finley School District (WA),1.0,2020-21,0.33,875.0,50.0,49.6
Finley School District (WA),1.0,2021-22,0.33,880.0,52.0,51.6
Finley School District (WA),1.0,2022-23,0.33,871.0,50.0,50.0
Finley School District (WA),0.0,2023-24,,,,52.6
Finley School District (WA),0.0,2024-25,,,,50.6
Franklin Pierce School District (WA),9.0,2015-16,0.6,860.0,49.0,436.87
Franklin Pierce School District (WA),9.0,2016-17,0.6,869.0,49.0,442.56
Franklin Pierce School District (WA),9.0,2017-18,0.6,874.0,50.0,445.98
Franklin Pierce School District (WA),9.0,2018-19,0.6,899.0,51.0,457.86
Franklin Pierce School District (WA),9.0,2019-20,0.6,899.0,52.0,467.61
Franklin Pierce School District (WA),8.0,2020-21,0.53,949.0,57.0,457.77
Franklin Pierce School District (WA),7.0,2021-22,0.47,1078.0,63.0,438.63
Franklin Pierce School District (WA),7.0,2022-23,0.47,1061.0,68.0,473.0
Franklin Pierce School District (WA),8.0,2023-24,0.53,912.0,59.0,471.77
Franklin Pierce School District (WA),8.0,2024-25,0.57,898.0,56.0,444.06
Freeman School District (WA),0.0,2015-16,0.0,,,47.69
Freeman School District (WA),0.0,2016-17,0.0,,,48.57
Freeman School District (WA),0.0,2017-18,0.0,,,50.11
Freeman School District (WA),0.0,2018-19,0.0,,,53.33
Freeman School District (WA),0.0,2019-20,0.0,,,51.94
Freeman School District (WA),0.0,2020-21,0.0,,,52.34
Freeman School District (WA),0.0,2021-22,0.0,,,55.92
Freeman School District (WA),0.0,2022-23,0.0,,,55.0
Freeman School District (WA),0.0,2023-24,,,,55.06
Freeman School District (WA),0.0,2024-25,,,,49.79
Garfield School District (WA),0.5,2015-16,0.17,232.0,24.0,12.06
Garfield School District (WA),0.5,2016-17,0.17,232.0,22.0,11.18
Garfield School District (WA),0.0,2017-18,0.0,,,12.46
Garfield School District (WA),0.0,2018-19,0.0,,,11.5
Garfield School District (WA),0.0,2019-20,0.0,,,12.0
Garfield School District (WA),0.0,2020-21,0.0,,,11.97
Garfield School District (WA),0.0,2021-22,0.0,,,11.85
Garfield School District (WA),0.0,2022-23,0.0,,,12.0
Garfield School District (WA),0.0,2023-24,,,,11.85
Garfield School District (WA),0.0,2024-25,,,,11.69
Glenwood School District (WA),0.0,2015-16,0.0,,,9.0
Glenwood School District (WA),0.0,2016-17,0.0,,,9.3
Glenwood School District (WA),0.0,2017-18,0.0,,,9.3
Glenwood School District (WA),0.0,2018-19,0.0,,,10.25
Glenwood School District (WA),0.0,2019-20,0.0,,,9.25
Glenwood School District (WA),0.0,2020-21,0.0,,,9.66
Glenwood School District (WA),0.0,2021-22,0.0,,,9.26
Glenwood School District (WA),0.0,2022-23,0.0,,,9.0
Glenwood School District (WA),0.0,2023-24,,,,10.28
Glenwood School District (WA),0.0,2024-25,,,,9.04
Goldendale School District (WA),0.17,2015-16,0.04,5553.0,311.0,52.89
Goldendale School District (WA),0.17,2016-17,0.04,5547.0,321.0,54.57
Goldendale School District (WA),0.17,2017-18,0.04,5747.0,317.0,53.95
Goldendale School District (WA),0.17,2018-19,0.04,5424.0,311.0,52.9
Goldendale School District (WA),0.17,2019-20,0.04,5529.0,286.0,48.63
Goldendale School District (WA),0.17,2020-21,0.03,12847.0,274.0,46.53
Goldendale School District (WA),0.17,2021-22,0.03,13406.0,535.0,90.97
Goldendale School District (WA),0.17,2022-23,0.03,17506.0,759.0,129.0
Goldendale School District (WA),0.17,2023-24,0.03,17306.0,724.0,123.0
Goldendale School District (WA),0.17,2024-25,0.03,17724.0,707.0,120.13
Grand Coulee Dam School District (WA),0.0,2015-16,0.0,,,41.69
Grand Coulee Dam School District (WA),0.0,2016-17,0.0,,,43.88
Grand Coulee Dam School District (WA),0.0,2017-18,0.0,,,44.8
Grand Coulee Dam School District (WA),0.0,2018-19,0.0,,,44.51
Grand Coulee Dam School District (WA),0.0,2019-20,0.0,,,44.64
Grand Coulee Dam School District (WA),0.0,2020-21,0.0,,,40.02
Grand Coulee Dam School District (WA),0.0,2021-22,0.0,,,45.32
Grand Coulee Dam School District (WA),0.0,2022-23,0.0,,,45.0
Grand Coulee Dam School District (WA),0.0,2023-24,,,,45.59
Grand Coulee Dam School District (WA),0.0,2024-25,,,,47.25
Grandview School District (WA),4.0,2015-16,0.5,927.0,43.0,172.98
Grandview School District (WA),4.0,2016-17,0.5,933.0,46.0,184.07
Grandview School District (WA),4.0,2017-18,0.57,934.0,47.0,188.02
Grandview School District (WA),4.0,2018-19,0.57,935.0,48.0,190.04
Grandview School District (WA),4.0,2019-20,0.57,939.0,49.0,194.55
Grandview School District (WA),4.0,2020-21,0.57,909.0,48.0,192.28
Grandview School District (WA),5.0,2021-22,0.71,732.0,39.0,193.4
Grandview School District (WA),5.0,2022-23,0.71,724.0,40.0,202.0
Grandview School District (WA),5.0,2023-24,0.71,727.0,40.0,202.11
Grandview School District (WA),4.72,2024-25,0.67,759.0,40.0,187.28
Granger School District (WA),1.0,2015-16,0.33,1521.0,80.0,80.43
Granger School District (WA),1.0,2016-17,0.33,1517.0,82.0,81.96
Granger School District (WA),1.0,2017-18,0.33,1484.0,82.0,82.31
Granger School District (WA),1.0,2018-19,0.33,1558.0,83.0,83.36
Granger School District (WA),1.0,2019-20,0.33,1580.0,84.0,84.1
Granger School District (WA),1.0,2020-21,0.33,1449.0,88.0,88.48
Granger School District (WA),1.0,2021-22,0.33,1488.0,84.0,83.62
Granger School District (WA),1.0,2022-23,0.33,1501.0,86.0,86.0
Granger School District (WA),1.0,2023-24,0.33,1405.0,89.0,88.94
Granger School District (WA),1.0,2024-25,0.33,1438.0,81.0,81.4
Granite Falls School District (WA),1.0,2015-16,0.17,2061.0,109.0,108.7
Granite Falls School District (WA),1.0,2016-17,0.17,2058.0,110.0,109.53
Granite Falls School District (WA),1.0,2017-18,0.17,2033.0,116.0,115.97
Granite Falls School District (WA),1.0,2018-19,0.17,2102.0,107.0,107.19
Granite Falls School District (WA),0.0,2019-20,0.0,,,112.44
Granite Falls School District (WA),0.0,2020-21,0.0,,,114.87
Granite Falls School District (WA),0.0,2021-22,0.0,,,125.83
Granite Falls School District (WA),0.0,2022-23,0.0,,,137.0
Granite Falls School District (WA),0.0,2023-24,,,,121.34
Granite Falls School District (WA),0.0,2024-25,,,,128.94
Grapeview School District (WA),0.0,2015-16,0.0,,,12.01
Grapeview School District (WA),0.0,2016-17,0.0,,,13.88
Grapeview School District (WA),0.0,2017-18,0.0,,,12.01
Grapeview School District (WA),0.0,2018-19,0.0,,,13.04
Grapeview School District (WA),0.0,2019-20,0.0,,,14.07
Grapeview School District (WA),0.0,2020-21,0.0,,,14.09
Grapeview School District (WA),0.0,2021-22,0.0,,,17.36
Grapeview School District (WA),0.0,2022-23,0.0,,,18.0
Grapeview School District (WA),0.0,2023-24,,,,14.0
Grapeview School District (WA),0.0,2024-25,,,,14.78
Great Northern School District (WA),0.0,2015-16,0.0,,,3.5
Great Northern School District (WA),0.0,2016-17,0.0,,,1.5
Great Northern School District (WA),0.0,2017-18,0.0,,,1.5
Great Northern School District (WA),0.0,2018-19,0.0,,,1.5
Great Northern School District (WA),0.0,2019-20,0.0,,,3.97
Great Northern School District (WA),0.0,2020-21,0.0,,,3.77
Great Northern School District (WA),0.0,2021-22,0.0,,,3.93
Great Northern School District (WA),0.0,2022-23,0.0,,,4.0
Great Northern School District (WA),0.0,2023-24,,,,3.91
Great Northern School District (WA),0.0,2024-25,,,,3.56
Green Mountain School District (WA),0.0,2015-16,0.0,,,9.73
Green Mountain School District (WA),0.0,2016-17,0.0,,,9.72
Green Mountain School District (WA),0.0,2017-18,0.0,,,8.67
Green Mountain School District (WA),0.0,2018-19,0.0,,,8.79
Green Mountain School District (WA),0.73,2019-20,0.73,218.0,14.0,10.41
Green Mountain School District (WA),0.0,2020-21,0.0,,,10.91
Green Mountain School District (WA),0.0,2021-22,0.0,,,10.03
Green Mountain School District (WA),0.0,2022-23,0.0,,,11.0
Green Mountain School District (WA),0.0,2023-24,,,,10.96
Green Mountain School District (WA),0.0,2024-25,,,,10.96
Griffin School District (WA),1.0,2015-16,1.0,663.0,33.0,32.65
Griffin School District (WA),1.0,2016-17,1.0,647.0,34.0,34.16
Griffin School District (WA),1.01,2017-18,1.01,651.0,34.0,34.74
Griffin School District (WA),0.57,2018-19,0.57,1132.0,62.0,35.4
Griffin School District (WA),0.5,2019-20,0.5,1288.0,72.0,35.79
Griffin School District (WA),0.5,2020-21,0.5,1232.0,69.0,34.35
Griffin School District (WA),0.96,2021-22,0.96,648.0,38.0,36.0
Griffin School District (WA),0.0,2022-23,0.0,,,34.0
Griffin School District (WA),0.0,2023-24,,,,35.68
Griffin School District (WA),0.96,2024-25,0.96,609.0,35.0,33.12
Harrington School District (WA),0.0,2015-16,0.0,,,12.43
Harrington School District (WA),0.0,2016-17,0.0,,,12.4
Harrington School District (WA),0.0,2017-18,0.0,,,12.58
Harrington School District (WA),0.0,2018-19,0.0,,,12.86
Harrington School District (WA),0.0,2019-20,0.0,,,13.9
Harrington School District (WA),0.0,2020-21,0.0,,,13.87
Harrington School District (WA),0.0,2021-22,0.0,,,13.51
Harrington School District (WA),0.0,2022-23,0.0,,,14.0
Harrington School District (WA),0.0,2023-24,,,,14.26
Harrington School District (WA),0.0,2024-25,,,,14.0
Highland School District (WA),0.0,2015-16,0.0,,,70.34
Highland School District (WA),0.0,2016-17,0.0,,,73.4
Highland School District (WA),0.0,2017-18,0.0,,,71.03
Highland School District (WA),0.0,2018-19,0.0,,,63.66
Highland School District (WA),0.0,2019-20,0.0,,,65.68
Highland School District (WA),0.0,2020-21,0.0,,,61.47
Highland School District (WA),0.0,2021-22,0.0,,,60.56
Highland School District (WA),0.0,2022-23,0.0,,,62.0
Highland School District (WA),0.0,2023-24,,,,61.8
Highland School District (WA),0.0,2024-25,,,,55.85
Highline School District (WA),23.2,2015-16,0.54,842.0,47.0,1090.07
Highline School District (WA),24.19,2016-17,0.56,814.0,43.0,1046.55
Highline School District (WA),23.61,2017-18,0.59,829.0,44.0,1043.57
Highline School District (WA),25.29,2018-19,0.63,760.0,40.0,1011.21
Highline School District (WA),16.95,2019-20,0.41,1129.0,60.0,1014.19
Highline School District (WA),17.65,2020-21,0.42,1056.0,58.0,1016.12
Highline School District (WA),17.56,2021-22,0.41,1053.0,54.0,950.95
Highline School District (WA),16.67,2022-23,0.39,1083.0,61.0,1010.0
Highline School District (WA),16.69,2023-24,0.39,1068.0,62.0,1029.05
Highline School District (WA),16.81,2024-25,0.39,1075.0,60.0,1011.41
Hockinson School District (WA),1.0,2015-16,0.33,1874.0,96.0,96.0
Hockinson School District (WA),1.0,2016-17,0.33,1877.0,96.0,95.72
Hockinson School District (WA),1.4,2017-18,0.47,1394.0,73.0,102.26
Hockinson School District (WA),1.4,2018-19,0.47,1414.0,73.0,102.38
Hockinson School District (WA),1.4,2019-20,0.47,1437.0,74.0,103.86
Hockinson School District (WA),0.6,2020-21,0.2,3068.0,176.0,105.6
Hockinson School District (WA),0.0,2021-22,0.0,,,95.23
Hockinson School District (WA),0.0,2022-23,0.0,,,105.0
Hockinson School District (WA),0.0,2023-24,,,,108.4
Hockinson School District (WA),0.0,2024-25,,,,105.01
Hood Canal School District (WA),0.0,2015-16,0.0,,,20.79
Hood Canal School District (WA),0.0,2016-17,0.0,,,24.01
Hood Canal School District (WA),0.0,2017-18,0.0,,,25.0
Hood Canal School District (WA),1.0,2018-19,0.5,303.0,24.0,24.03
Hood Canal School District (WA),1.0,2019-20,0.5,335.0,25.0,25.25
Hood Canal School District (WA),1.0,2020-21,1.0,313.0,26.0,25.98
Hood Canal School District (WA),1.0,2021-22,1.0,314.0,21.0,20.93
Hood Canal School District (WA),0.22,2022-23,0.22,1573.0,105.0,23.0
Hood Canal School District (WA),1.0,2023-24,1.0,334.0,24.0,24.0
Hood Canal School District (WA),1.0,2024-25,1.0,337.0,24.0,24.2
Hoquiam School District (WA),0.0,2015-16,0.0,,,92.39
Hoquiam School District (WA),0.0,2016-17,0.0,,,95.07
Hoquiam School District (WA),0.0,2017-18,0.0,,,94.71
Hoquiam School District (WA),0.0,2018-19,0.0,,,91.75
Hoquiam School District (WA),0.0,2019-20,0.0,,,90.92
Hoquiam School District (WA),0.0,2020-21,0.0,,,86.88
Hoquiam School District (WA),0.0,2021-22,0.0,,,95.44
Hoquiam School District (WA),0.0,2022-23,0.0,,,97.0
Hoquiam School District (WA),0.0,2023-24,,,,98.07
Hoquiam School District (WA),0.0,2024-25,,,,88.55
Inchelium School District (WA),0.0,2015-16,0.0,,,19.0
Inchelium School District (WA),0.0,2016-17,0.0,,,18.87
Inchelium School District (WA),0.0,2017-18,0.0,,,19.81
Inchelium School District (WA),0.0,2018-19,0.0,,,18.99
Inchelium School District (WA),0.0,2019-20,0.0,,,18.0
Inchelium School District (WA),0.0,2020-21,0.0,,,20.02
Inchelium School District (WA),0.0,2021-22,0.0,,,18.01
Inchelium School District (WA),0.0,2022-23,0.0,,,18.0
Inchelium School District (WA),0.0,2023-24,,,,19.66
Inchelium School District (WA),0.0,2024-25,,,,18.61
Index School District (WA),0.0,2015-16,0.0,,,3.46
Index School District (WA),0.0,2016-17,0.0,,,3.55
Index School District (WA),0.0,2017-18,0.0,,,3.51
Index School District (WA),0.0,2018-19,0.0,,,3.28
Index School District (WA),0.0,2019-20,0.0,,,3.35
Index School District (WA),0.0,2020-21,0.0,,,2.26
Index School District (WA),0.0,2021-22,0.0,,,2.5
Index School District (WA),0.0,2022-23,0.0,,,2.0
Index School District (WA),0.0,2023-24,,,,2.81
Index School District (WA),0.0,2024-25,,,,3.01
Issaquah School District (WA),24.7,2015-16,0.91,808.0,39.0,961.03
Issaquah School District (WA),24.9,2016-17,0.92,825.0,40.0,995.73
Issaquah School District (WA),25.2,2017-18,0.93,831.0,41.0,1032.56
Issaquah School District (WA),25.6,2018-19,0.95,816.0,43.0,1091.8
Issaquah School District (WA),19.84,2019-20,0.71,1077.0,56.0,1119.41
Issaquah School District (WA),19.9,2020-21,0.71,1013.0,56.0,1120.44
Issaquah School District (WA),20.77,2021-22,0.69,943.0,48.0,1005.89
Issaquah School District (WA),21.91,2022-23,0.73,891.0,47.0,1028.0
Issaquah School District (WA),22.0,2023-24,0.73,884.0,47.0,1043.48
Issaquah School District (WA),21.41,2024-25,0.71,892.0,49.0,1041.64
Kahlotus School District (WA),0.0,2015-16,0.0,,,9.98
Kahlotus School District (WA),0.0,2016-17,0.0,,,9.51
Kahlotus School District (WA),0.0,2017-18,0.0,,,9.51
Kahlotus School District (WA),0.0,2018-19,0.0,,,9.78
Kahlotus School District (WA),0.0,2019-20,0.0,,,10.33
Kahlotus School District (WA),0.0,2020-21,0.0,,,9.67
Kahlotus School District (WA),0.0,2021-22,0.0,,,8.72
Kahlotus School District (WA),0.0,2022-23,0.0,,,10.0
Kahlotus School District (WA),0.0,2023-24,,,,9.95
Kahlotus School District (WA),0.0,2024-25,,,,10.95
Kalama School District (WA),0.0,2015-16,-0.5,-925.0,-47.0,46.65
Kalama School District (WA),0.6,2016-17,0.3,1617.0,80.0,48.02
Kalama School District (WA),0.4,2017-18,0.2,2590.0,126.0,50.29
Kalama School District (WA),0.0,2018-19,0.0,,,53.42
Kalama School District (WA),0.0,2019-20,0.0,,,54.09
Kalama School District (WA),0.0,2020-21,0.0,,,53.96
Kalama School District (WA),0.0,2021-22,0.0,,,55.5
Kalama School District (WA),0.0,2022-23,0.0,,,74.0
Kalama School District (WA),0.0,2023-24,,,,64.14
Kalama School District (WA),0.0,2024-25,,,,88.14
Keller School District (WA),0.0,2015-16,0.0,,,3.0
Keller School District (WA),0.0,2016-17,0.0,,,3.01
Keller School District (WA),0.0,2017-18,0.0,,,3.01
Keller School District (WA),0.0,2018-19,0.0,,,3.01
Keller School District (WA),0.0,2019-20,0.0,,,3.02
Keller School District (WA),0.0,2020-21,0.0,,,3.01
Keller School District (WA),0.0,2021-22,0.0,,,3.0
Keller School District (WA),0.0,2022-23,0.0,,,3.0
Keller School District (WA),0.0,2023-24,,,,3.01
Keller School District (WA),0.0,2024-25,,,,3.01
Kelso School District (WA),8.1,2015-16,0.62,620.0,32.0,259.73
Kelso School District (WA),8.21,2016-17,0.63,607.0,33.0,267.58
Kelso School District (WA),7.91,2017-18,0.61,652.0,35.0,275.28
Kelso School District (WA),7.73,2018-19,0.55,660.0,38.0,292.49
Kelso School District (WA),5.64,2019-20,0.4,906.0,49.0,276.12
Kelso School District (WA),4.83,2020-21,0.35,976.0,55.0,267.8
Kelso School District (WA),3.33,2021-22,0.26,1439.0,78.0,259.18
Kelso School District (WA),3.33,2022-23,0.26,1483.0,85.0,284.0
Kelso School District (WA),3.33,2023-24,0.26,1486.0,90.0,299.54
Kelso School District (WA),0.0,2024-25,,,,275.38
Kennewick School District (WA),23.4,2015-16,0.84,760.0,38.0,893.77
Kennewick School District (WA),25.4,2016-17,0.85,715.0,38.0,963.47
Kennewick School District (WA),25.55,2017-18,0.85,726.0,38.0,979.45
Kennewick School District (WA),27.4,2018-19,0.86,715.0,38.0,1042.45
Kennewick School District (WA),27.4,2019-20,0.86,700.0,38.0,1037.61
Kennewick School District (WA),27.4,2020-21,0.86,671.0,38.0,1048.09
Kennewick School District (WA),24.0,2021-22,0.75,780.0,40.0,956.02
Kennewick School District (WA),25.09,2022-23,0.76,770.0,42.0,1047.0
Kennewick School District (WA),8.0,2023-24,0.24,2351.0,134.0,1071.82
Kennewick School District (WA),8.0,2024-25,0.24,2353.0,131.0,1047.97
Kent School District (WA),38.0,2015-16,0.88,730.0,38.0,1459.13
Kent School District (WA),38.23,2016-17,0.87,728.0,37.0,1433.3
Kent School District (WA),39.58,2017-18,0.9,697.0,37.0,1448.16
Kent School District (WA),40.58,2018-19,0.92,673.0,35.0,1414.04
Kent School District (WA),23.67,2019-20,0.54,1158.0,59.0,1396.13
Kent School District (WA),24.18,2020-21,0.55,1064.0,60.0,1444.29
Kent School District (WA),24.86,2021-22,0.57,1002.0,57.0,1413.96
Kent School District (WA),25.04,2022-23,0.56,1022.0,61.0,1517.0
Kent School District (WA),23.68,2023-24,0.51,1085.0,64.0,1511.19
Kent School District (WA),24.26,2024-25,0.53,1045.0,58.0,1411.3
Kettle Falls School District (WA),0.0,2015-16,0.0,,,47.5
Kettle Falls School District (WA),0.0,2016-17,0.0,,,48.7
Kettle Falls School District (WA),0.0,2017-18,0.0,,,51.57
Kettle Falls School District (WA),0.0,2018-19,0.0,,,57.28
Kettle Falls School District (WA),0.0,2019-20,0.0,,,60.28
Kettle Falls School District (WA),0.0,2020-21,0.0,,,56.58
Kettle Falls School District (WA),0.0,2021-22,0.0,,,56.33
Kettle Falls School District (WA),0.0,2022-23,0.0,,,58.0
Kettle Falls School District (WA),0.0,2023-24,,,,59.4
Kettle Falls School District (WA),0.0,2024-25,,,,61.67
Kiona-Benton City School District (WA),1.0,2015-16,0.25,1481.0,86.0,85.61
Kiona-Benton City School District (WA),1.0,2016-17,0.25,1446.0,82.0,82.39
Kiona-Benton City School District (WA),1.0,2017-18,0.25,1474.0,84.0,83.75
Kiona-Benton City School District (WA),1.0,2018-19,0.25,1377.0,81.0,80.76
Kiona-Benton City School District (WA),0.4,2019-20,0.1,3570.0,201.0,80.22
Kiona-Benton City School District (WA),0.4,2020-21,0.1,3463.0,196.0,78.28
Kiona-Benton City School District (WA),0.4,2021-22,0.1,3543.0,196.0,78.2
Kiona-Benton City School District (WA),0.4,2022-23,0.13,3430.0,215.0,86.0
Kiona-Benton City School District (WA),0.0,2023-24,,,,82.13
Kiona-Benton City School District (WA),0.0,2024-25,,,,83.42
Kittitas School District (WA),1.0,2015-16,0.25,661.0,37.0,36.5
Kittitas School District (WA),0.0,2016-17,0.0,,,38.5
Kittitas School District (WA),0.0,2017-18,0.0,,,38.9
Kittitas School District (WA),0.0,2018-19,0.0,,,41.0
Kittitas School District (WA),0.0,2019-20,0.0,,,40.99
Kittitas School District (WA),0.0,2020-21,0.0,,,39.31
Kittitas School District (WA),0.0,2021-22,0.0,,,40.38
Kittitas School District (WA),0.0,2022-23,0.0,,,36.0
Kittitas School District (WA),0.0,2023-24,,,,35.95
Kittitas School District (WA),0.0,2024-25,,,,36.46
Klickitat School District (WA),0.0,2015-16,0.0,,,8.06
Klickitat School District (WA),0.0,2016-17,0.0,,,8.29
Klickitat School District (WA),0.0,2017-18,0.0,,,8.62
Klickitat School District (WA),0.0,2018-19,0.0,,,8.33
Klickitat School District (WA),0.0,2019-20,0.0,,,8.26
Klickitat School District (WA),0.0,2020-21,0.0,,,7.64
Klickitat School District (WA),0.0,2021-22,0.0,,,8.08
Klickitat School District (WA),0.0,2022-23,0.0,,,7.0
Klickitat School District (WA),0.0,2023-24,,,,8.5
Klickitat School District (WA),0.0,2024-25,,,,5.62
La Center School District (WA),1.0,2015-16,0.25,1647.0,87.0,86.82
La Center School District (WA),1.4,2016-17,0.35,1198.0,62.0,86.44
La Center School District (WA),1.49,2017-18,0.37,1151.0,61.0,90.5
La Center School District (WA),1.49,2018-19,0.37,1144.0,59.0,87.84
La Center School District (WA),0.0,2019-20,0.0,,,96.4
La Center School District (WA),0.83,2020-21,0.21,1898.0,110.0,91.49
La Center School District (WA),0.63,2021-22,0.16,2703.0,152.0,95.46
La Center School District (WA),0.55,2022-23,0.14,3216.0,173.0,95.0
La Center School District (WA),0.67,2023-24,0.17,2725.0,150.0,100.62
La Center School District (WA),0.67,2024-25,0.17,2721.0,149.0,99.56
La Conner School District (WA),0.64,2015-16,0.21,980.0,70.0,45.04
La Conner School District (WA),0.6,2016-17,0.2,960.0,68.0,40.56
La Conner School District (WA),0.6,2017-18,0.2,1010.0,68.0,41.0
La Conner School District (WA),0.59,2018-19,0.2,1120.0,75.0,44.1
La Conner School District (WA),0.59,2019-20,0.2,1124.0,75.0,44.1
La Conner School District (WA),0.78,2020-21,0.26,815.0,50.0,38.87
La Conner School District (WA),0.91,2021-22,0.3,619.0,48.0,44.06
La Conner School District (WA),0.0,2022-23,0.0,,,40.0
La Conner School District (WA),0.0,2023-24,,,,34.19
La Conner School District (WA),0.0,2024-25,,,,35.13
Lacrosse School District (WA),0.0,2015-16,0.0,,,12.39
Lacrosse School District (WA),0.0,2016-17,0.0,,,12.5
Lacrosse School District (WA),0.0,2017-18,0.0,,,11.38
Lacrosse School District (WA),0.0,2018-19,0.0,,,11.62
Lacrosse School District (WA),0.0,2019-20,0.0,,,11.85
Lacrosse School District (WA),0.0,2020-21,0.0,,,12.42
Lacrosse School District (WA),0.0,2021-22,0.0,,,13.59
Lacrosse School District (WA),0.0,2022-23,0.0,,,12.0
Lacrosse School District (WA),0.0,2023-24,,,,14.16
Lacrosse School District (WA),0.0,2024-25,,,,13.22
Lake Chelan School District (WA),1.0,2015-16,0.17,1440.0,86.0,85.57
Lake Chelan School District (WA),1.0,2016-17,0.17,1442.0,89.0,88.52
Lake Chelan School District (WA),1.0,2017-18,0.17,1439.0,89.0,88.55
Lake Chelan School District (WA),0.0,2018-19,0.0,,,86.42
Lake Chelan School District (WA),0.0,2019-20,0.0,,,88.13
Lake Chelan School District (WA),0.0,2020-21,0.0,,,81.11
Lake Chelan School District (WA),0.0,2021-22,0.0,,,85.2
Lake Chelan School District (WA),0.0,2022-23,0.0,,,84.0
Lake Chelan School District (WA),0.0,2023-24,,,,85.6
Lake Chelan School District (WA),0.0,2024-25,,,,78.91
Lake Quinault School District (WA),0.0,2015-16,0.0,,,13.0
Lake Quinault School District (WA),0.0,2016-17,0.0,,,13.87
Lake Quinault School District (WA),0.0,2017-18,0.0,,,15.83
Lake Quinault School District (WA),0.0,2018-19,0.0,,,14.85
Lake Quinault School District (WA),0.0,2019-20,0.0,,,14.72
Lake Quinault School District (WA),0.0,2020-21,0.0,,,13.98
Lake Quinault School District (WA),0.0,2021-22,0.0,,,13.34
Lake Quinault School District (WA),0.0,2022-23,0.0,,,15.0
Lake Quinault School District (WA),0.0,2023-24,,,,15.17
Lake Quinault School District (WA),0.0,2024-25,,,,15.4
Lake Stevens School District (WA),6.2,2015-16,0.52,1384.0,65.0,400.56
Lake Stevens School District (WA),6.22,2016-17,0.44,1422.0,67.0,415.55
Lake Stevens School District (WA),6.0,2017-18,0.43,1473.0,73.0,435.8
Lake Stevens School District (WA),5.81,2018-19,0.39,1582.0,80.0,464.24
Lake Stevens School District (WA),5.44,2019-20,0.36,1766.0,87.0,472.29
Lake Stevens School District (WA),5.68,2020-21,0.38,1598.0,85.0,485.58
Lake Stevens School District (WA),5.68,2021-22,0.38,1682.0,78.0,444.95
Lake Stevens School District (WA),5.68,2022-23,0.38,1705.0,89.0,504.0
Lake Stevens School District (WA),5.68,2023-24,0.36,1723.0,89.0,502.92
Lake Stevens School District (WA),3.03,2024-25,0.19,3339.0,173.0,524.48
Lake Washington School District (WA),38.8,2015-16,0.73,719.0,38.0,1461.61
Lake Washington School District (WA),38.96,2016-17,0.74,749.0,40.0,1542.28
Lake Washington School District (WA),39.1,2017-18,0.74,760.0,41.0,1594.03
Lake Washington School District (WA),41.0,2018-19,0.75,748.0,40.0,1659.9
Lake Washington School District (WA),27.89,2019-20,0.5,1142.0,62.0,1728.32
Lake Washington School District (WA),27.78,2020-21,0.49,1115.0,63.0,1760.29
Lake Washington School District (WA),27.5,2021-22,0.47,1117.0,61.0,1669.9
Lake Washington School District (WA),27.5,2022-23,0.47,1127.0,64.0,1758.0
Lake Washington School District (WA),27.5,2023-24,0.48,1123.0,62.0,1691.39
Lake Washington School District (WA),13.0,2024-25,0.23,2384.0,133.0,1729.88
Lakewood School District (WA),3.8,2015-16,0.63,610.0,29.0,110.59
Lakewood School District (WA),4.0,2016-17,0.67,603.0,27.0,108.85
Lakewood School District (WA),4.0,2017-18,0.67,616.0,30.0,118.58
Lakewood School District (WA),4.0,2018-19,0.67,634.0,31.0,123.37
Lakewood School District (WA),1.0,2019-20,0.2,2614.0,136.0,136.26
Lakewood School District (WA),1.0,2020-21,0.2,2495.0,134.0,133.84
Lakewood School District (WA),1.0,2021-22,0.2,2644.0,134.0,134.35
Lakewood School District (WA),1.0,2022-23,0.2,2627.0,140.0,140.0
Lakewood School District (WA),1.0,2023-24,0.2,2671.0,153.0,152.93
Lakewood School District (WA),1.0,2024-25,0.2,2713.0,148.0,148.46
Lamont School District (WA),0.0,2015-16,0.0,,,3.76
Lamont School District (WA),0.0,2016-17,0.0,,,3.58
Lamont School District (WA),0.0,2017-18,0.0,,,3.51
Lamont School District (WA),0.0,2018-19,0.0,,,3.51
Lamont School District (WA),0.0,2019-20,0.0,,,3.53
Lamont School District (WA),0.0,2020-21,0.0,,,3.34
Lamont School District (WA),0.0,2021-22,0.0,,,5.0
Lamont School District (WA),0.0,2022-23,0.0,,,4.0
Lamont School District (WA),0.0,2023-24,,,,4.0
Lamont School District (WA),0.0,2024-25,,,,3.55
Liberty School District (WA),0.0,2015-16,0.0,,,27.16
Liberty School District (WA),0.0,2016-17,0.0,,,28.34
Liberty School District (WA),0.0,2017-18,0.0,,,30.2
Liberty School District (WA),0.0,2018-19,0.0,,,30.51
Liberty School District (WA),0.0,2019-20,0.0,,,32.17
Liberty School District (WA),0.0,2020-21,0.0,,,33.19
Liberty School District (WA),0.0,2021-22,0.0,,,35.19
Liberty School District (WA),0.0,2022-23,0.0,,,35.0
Liberty School District (WA),0.0,2023-24,,,,37.03
Liberty School District (WA),0.0,2024-25,,,,35.67
Lind School District (WA),0.0,2015-16,0.0,,,16.99
Lind School District (WA),0.0,2016-17,0.0,,,16.61
Lind School District (WA),0.0,2017-18,0.0,,,15.79
Lind School District (WA),0.0,2018-19,0.0,,,17.01
Lind School District (WA),0.0,2019-20,0.0,,,17.02
Lind School District (WA),0.0,2020-21,0.0,,,17.61
Lind School District (WA),0.0,2021-22,0.0,,,17.99
Lind School District (WA),0.0,2022-23,0.0,,,18.0
Lind School District (WA),0.0,2023-24,,,,18.0
Lind School District (WA),0.0,2024-25,,,,17.02
Longview School District (WA),8.3,2015-16,0.49,828.0,44.0,366.51
Longview School District (WA),8.42,2016-17,0.5,811.0,44.0,371.9
Longview School District (WA),8.04,2017-18,0.47,840.0,46.0,373.77
Longview School District (WA),3.51,2018-19,0.21,1922.0,106.0,372.09
Longview School District (WA),3.44,2019-20,0.2,1951.0,109.0,375.46
Longview School District (WA),3.5,2020-21,0.19,1808.0,106.0,372.31
Longview School District (WA),3.5,2021-22,0.19,1798.0,98.0,343.65
Longview School District (WA),3.5,2022-23,0.19,1803.0,109.0,381.0
Longview School District (WA),2.5,2023-24,0.15,2551.0,145.0,361.87
Longview School District (WA),3.5,2024-25,0.21,1823.0,103.0,358.84
Loon Lake School District (WA),0.0,2015-16,0.0,,,9.5
Loon Lake School District (WA),0.0,2016-17,0.0,,,9.77
Loon Lake School District (WA),0.0,2017-18,0.0,,,9.41
Loon Lake School District (WA),0.0,2018-19,0.0,,,11.1
Loon Lake School District (WA),0.0,2019-20,0.0,,,10.58
Loon Lake School District (WA),0.0,2020-21,0.0,,,12.04
Loon Lake School District (WA),0.0,2021-22,0.0,,,13.08
Loon Lake School District (WA),0.0,2022-23,0.0,,,12.0
Loon Lake School District (WA),0.0,2023-24,,,,12.85
Loon Lake School District (WA),0.0,2024-25,,,,13.4
Lopez School District (WA),0.0,2015-16,0.0,,,18.91
Lopez School District (WA),0.0,2016-17,0.0,,,19.17
Lopez School District (WA),0.0,2017-18,0.0,,,19.57
Lopez School District (WA),0.0,2018-19,0.0,,,19.6
Lopez School District (WA),0.0,2019-20,0.0,,,19.68
Lopez School District (WA),0.0,2020-21,0.0,,,17.4
Lopez School District (WA),0.0,2021-22,0.0,,,18.2
Lopez School District (WA),0.0,2022-23,0.0,,,14.0
Lopez School District (WA),0.0,2023-24,,,,21.59
Lopez School District (WA),0.0,2024-25,,,,19.17
Lyle School District (WA),0.0,2015-16,0.0,,,14.0
Lyle School District (WA),0.0,2016-17,0.0,,,15.0
Lyle School District (WA),0.0,2017-18,0.0,,,15.42
Lyle School District (WA),0.0,2018-19,0.0,,,18.99
Lyle School District (WA),0.0,2019-20,0.0,,,15.01
Lyle School District (WA),0.0,2020-21,0.0,,,15.67
Lyle School District (WA),0.0,2021-22,0.0,,,15.41
Lyle School District (WA),0.0,2022-23,0.0,,,16.0
Lyle School District (WA),0.0,2023-24,,,,18.0
Lyle School District (WA),0.0,2024-25,,,,16.0
Lynden School District (WA),0.0,2015-16,0.0,,,150.93
Lynden School District (WA),0.0,2016-17,0.0,,,166.31
Lynden School District (WA),0.0,2017-18,0.0,,,173.26
Lynden School District (WA),0.0,2018-19,0.0,,,176.25
Lynden School District (WA),0.0,2019-20,0.0,,,189.04
Lynden School District (WA),0.0,2020-21,0.0,,,192.07
Lynden School District (WA),0.0,2021-22,0.0,,,180.71
Lynden School District (WA),0.0,2022-23,0.0,,,189.0
Lynden School District (WA),0.0,2023-24,,,,185.78
Lynden School District (WA),0.0,2024-25,,,,185.83
Mabton School District (WA),1.0,2015-16,0.5,958.0,54.0,54.03
Mabton School District (WA),1.0,2016-17,0.33,909.0,54.0,53.98
Mabton School District (WA),1.0,2017-18,0.33,890.0,55.0,54.74
Mabton School District (WA),1.0,2018-19,0.33,843.0,54.0,53.93
Mabton School District (WA),1.0,2019-20,0.33,869.0,51.0,50.8
Mabton School District (WA),1.0,2020-21,0.33,836.0,50.0,50.05
Mabton School District (WA),1.0,2021-22,0.33,814.0,46.0,45.91
Mabton School District (WA),1.0,2022-23,0.33,771.0,51.0,51.0
Mabton School District (WA),1.0,2023-24,0.33,777.0,45.0,45.34
Mabton School District (WA),1.0,2024-25,0.33,735.0,41.0,40.87
Mansfield School District (WA),0.0,2015-16,0.0,,,12.44
Mansfield School District (WA),0.0,2016-17,0.0,,,11.94
Mansfield School District (WA),0.0,2017-18,0.0,,,11.94
Mansfield School District (WA),0.0,2018-19,0.0,,,11.93
Mansfield School District (WA),0.0,2019-20,0.0,,,12.0
Mansfield School District (WA),0.0,2020-21,0.0,,,12.0
Mansfield School District (WA),0.0,2021-22,0.0,,,9.92
Mansfield School District (WA),0.0,2022-23,0.0,,,11.0
Mansfield School District (WA),0.0,2023-24,,,,12.0
Mansfield School District (WA),0.0,2024-25,,,,11.12
Manson School District (WA),0.0,2015-16,0.0,,,44.24
Manson School District (WA),0.0,2016-17,0.0,,,44.21
Manson School District (WA),0.0,2017-18,0.0,,,45.2
Manson School District (WA),0.0,2018-19,0.0,,,41.44
Manson School District (WA),0.0,2019-20,0.0,,,41.66
Manson School District (WA),0.0,2020-21,0.0,,,43.07
Manson School District (WA),0.0,2021-22,0.0,,,39.4
Manson School District (WA),0.0,2022-23,0.0,,,43.0
Manson School District (WA),0.0,2023-24,,,,43.68
Manson School District (WA),0.0,2024-25,,,,41.66
Mary M Knight School District (WA),0.0,2015-16,0.0,,,15.41
Mary M Knight School District (WA),0.0,2016-17,0.0,,,13.99
Mary M Knight School District (WA),0.0,2017-18,0.0,,,28.91
Mary M Knight School District (WA),0.0,2018-19,0.0,,,38.52
Mary M Knight School District (WA),0.0,2019-20,0.0,,,46.64
Mary M Knight School District (WA),0.0,2020-21,0.0,,,44.96
Mary M Knight School District (WA),0.0,2021-22,0.0,,,43.09
Mary M Knight School District (WA),0.0,2022-23,0.0,,,53.0
Mary M Knight School District (WA),0.0,2023-24,,,,42.5
Mary M Knight School District (WA),0.0,2024-25,,,,43.5
Mary Walker School District (WA),0.0,2015-16,0.0,,,29.97
Mary Walker School District (WA),0.0,2016-17,0.0,,,30.98
Mary Walker School District (WA),0.0,2017-18,0.0,,,31.0
Mary Walker School District (WA),0.0,2018-19,0.0,,,29.0
Mary Walker School District (WA),0.0,2019-20,0.0,,,26.64
Mary Walker School District (WA),0.0,2020-21,0.0,,,22.49
Mary Walker School District (WA),0.0,2021-22,0.0,,,25.44
Mary Walker School District (WA),0.0,2022-23,0.0,,,29.0
Mary Walker School District (WA),0.0,2023-24,,,,30.2
Mary Walker School District (WA),0.0,2024-25,,,,31.9
Marysville School District (WA),13.5,2015-16,0.48,833.0,42.0,567.56
Marysville School District (WA),13.5,2016-17,0.5,832.0,41.0,557.29
Marysville School District (WA),13.61,2017-18,0.57,819.0,36.0,491.23
Marysville School District (WA),12.5,2018-19,0.54,896.0,48.0,595.53
Marysville School District (WA),12.3,2019-20,0.53,893.0,48.0,595.76
Marysville School District (WA),10.8,2020-21,0.47,956.0,53.0,574.49
Marysville School District (WA),9.6,2021-22,0.42,1066.0,58.0,556.03
Marysville School District (WA),10.6,2022-23,0.44,962.0,52.0,554.0
Marysville School District (WA),12.2,2023-24,0.51,820.0,44.0,541.64
Marysville School District (WA),7.32,2024-25,0.31,1333.0,71.0,520.19
Mccleary School District (WA),0.0,2015-16,0.0,,,19.61
Mccleary School District (WA),0.0,2016-17,0.0,,,20.42
Mccleary School District (WA),0.0,2017-18,0.0,,,21.52
Mccleary School District (WA),0.0,2018-19,0.0,,,19.15
Mccleary School District (WA),0.0,2019-20,0.0,,,21.05
Mccleary School District (WA),0.0,2020-21,0.0,,,19.14
Mccleary School District (WA),0.0,2021-22,0.0,,,20.27
Mccleary School District (WA),0.0,2022-23,0.0,,,22.0
Mccleary School District (WA),0.0,2023-24,,,,19.88
Mccleary School District (WA),0.0,2024-25,,,,22.0
Mead School District (WA),6.43,2015-16,0.38,1535.0,77.0,497.86
Mead School District (WA),6.11,2016-17,0.36,1654.0,81.0,492.21
Mead School District (WA),9.0,2017-18,0.53,1153.0,58.0,517.92
Mead School District (WA),4.2,2018-19,0.25,2551.0,132.0,554.08
Mead School District (WA),0.0,2019-20,0.0,,,556.0
Mead School District (WA),0.4,2020-21,0.03,25583.0,1389.0,555.42
Mead School District (WA),1.0,2021-22,0.06,10141.0,536.0,536.33
Mead School District (WA),0.5,2022-23,0.03,20640.0,1136.0,568.0
Mead School District (WA),0.5,2023-24,0.03,20820.0,1164.0,581.77
Mead School District (WA),0.0,2024-25,,,,574.06
Medical Lake School District (WA),2.0,2015-16,0.4,955.0,51.0,102.36
Medical Lake School District (WA),2.0,2016-17,0.4,944.0,55.0,110.29
Medical Lake School District (WA),2.0,2017-18,0.4,945.0,56.0,111.31
Medical Lake School District (WA),2.78,2018-19,0.56,710.0,41.0,114.7
Medical Lake School District (WA),2.8,2019-20,0.56,714.0,41.0,113.98
Medical Lake School District (WA),2.5,2020-21,0.5,730.0,46.0,114.32
Medical Lake School District (WA),1.5,2021-22,0.3,1247.0,79.0,118.44
Medical Lake School District (WA),2.5,2022-23,0.63,759.0,46.0,114.0
Medical Lake School District (WA),2.5,2023-24,0.63,744.0,47.0,117.04
Medical Lake School District (WA),2.5,2024-25,0.63,737.0,45.0,113.14
Mercer Island School District (WA),4.2,2015-16,0.84,1060.0,53.0,224.42
Mercer Island School District (WA),5.16,2016-17,0.86,871.0,45.0,229.7
Mercer Island School District (WA),5.3,2017-18,0.88,855.0,45.0,237.0
Mercer Island School District (WA),4.12,2018-19,0.69,1098.0,59.0,244.96
Mercer Island School District (WA),4.99,2019-20,0.83,901.0,49.0,244.06
Mercer Island School District (WA),5.0,2020-21,0.83,838.0,47.0,237.2
Mercer Island School District (WA),5.15,2021-22,0.86,789.0,43.0,219.55
Mercer Island School District (WA),4.4,2022-23,0.73,922.0,49.0,215.0
Mercer Island School District (WA),3.61,2023-24,0.6,1101.0,60.0,217.29
Mercer Island School District (WA),1.22,2024-25,0.2,3273.0,182.0,221.98
Meridian School District (WA),0.0,2015-16,0.0,,,89.85
Meridian School District (WA),0.0,2016-17,0.0,,,85.11
Meridian School District (WA),0.0,2017-18,0.0,,,88.89
Meridian School District (WA),0.0,2018-19,0.0,,,89.87
Meridian School District (WA),0.0,2019-20,0.0,,,96.89
Meridian School District (WA),0.0,2020-21,0.0,,,92.32
Meridian School District (WA),0.0,2021-22,0.0,,,98.91
Meridian School District (WA),0.0,2022-23,0.0,,,103.0
Meridian School District (WA),0.0,2023-24,,,,105.42
Meridian School District (WA),0.0,2024-25,,,,103.18
Methow Valley School District (WA),0.0,2015-16,0.0,,,37.2
Methow Valley School District (WA),0.0,2016-17,0.0,,,39.01
Methow Valley School District (WA),0.0,2017-18,0.0,,,39.35
Methow Valley School District (WA),0.0,2018-19,0.0,,,40.72
Methow Valley School District (WA),0.0,2019-20,0.0,,,42.55
Methow Valley School District (WA),0.0,2020-21,0.0,,,44.07
Methow Valley School District (WA),0.0,2021-22,0.0,,,47.41
Methow Valley School District (WA),0.98,2022-23,0.25,771.0,55.0,54.0
Methow Valley School District (WA),1.0,2023-24,0.25,772.0,49.0,48.63
Methow Valley School District (WA),1.0,2024-25,0.25,785.0,46.0,46.21
Mill A School District (WA),0.0,2015-16,0.0,,,2.01
Mill A School District (WA),0.0,2016-17,0.0,,,2.51
Mill A School District (WA),0.0,2017-18,0.0,,,11.03
Mill A School District (WA),0.0,2018-19,0.0,,,10.5
Mill A School District (WA),0.0,2019-20,0.0,,,9.5
Mill A School District (WA),0.0,2020-21,0.0,,,9.5
Mill A School District (WA),0.0,2021-22,0.0,,,9.8
Mill A School District (WA),0.0,2022-23,0.0,,,9.0
Mill A School District (WA),0.0,2023-24,,,,9.7
Mill A School District (WA),0.0,2024-25,,,,10.4
Monroe School District (WA),7.8,2015-16,0.56,898.0,39.0,305.54
Monroe School District (WA),8.0,2016-17,0.57,887.0,38.0,302.99
Monroe School District (WA),6.01,2017-18,0.43,1159.0,52.0,309.88
Monroe School District (WA),5.0,2018-19,0.36,1372.0,65.0,325.89
Monroe School District (WA),1.94,2019-20,0.14,3518.0,166.0,322.25
Monroe School District (WA),3.55,2020-21,0.25,1752.0,87.0,309.63
Monroe School District (WA),2.5,2021-22,0.18,2416.0,118.0,296.17
Monroe School District (WA),2.44,2022-23,0.2,2350.0,125.0,304.0
Monroe School District (WA),1.5,2023-24,0.13,3781.0,207.0,309.96
Monroe School District (WA),1.0,2024-25,0.08,5874.0,308.0,307.64
Montesano School District (WA),1.0,2015-16,0.33,1384.0,70.0,70.01
Montesano School District (WA),1.0,2016-17,0.33,1400.0,74.0,73.61
Montesano School District (WA),1.0,2017-18,0.33,1398.0,77.0,76.98
Montesano School District (WA),1.0,2018-19,0.33,1439.0,80.0,79.55
Montesano School District (WA),1.0,2019-20,0.33,1467.0,80.0,79.67
Montesano School District (WA),1.0,2020-21,0.33,1403.0,80.0,79.98
Montesano School District (WA),1.0,2021-22,0.33,1389.0,79.0,78.69
Montesano School District (WA),1.0,2022-23,0.33,1430.0,83.0,83.0
Montesano School District (WA),0.98,2023-24,0.33,1471.0,84.0,82.72
Montesano School District (WA),1.0,2024-25,0.33,1433.0,77.0,76.95
Morton School District (WA),0.0,2015-16,0.0,,,18.0
Morton School District (WA),0.0,2016-17,0.0,,,18.52
Morton School District (WA),0.0,2017-18,0.0,,,19.51
Morton School District (WA),0.0,2018-19,0.0,,,22.12
Morton School District (WA),0.0,2019-20,0.0,,,22.63
Morton School District (WA),0.0,2020-21,0.0,,,23.58
Morton School District (WA),0.0,2021-22,0.0,,,23.78
Morton School District (WA),0.0,2022-23,0.0,,,28.0
Morton School District (WA),0.0,2023-24,,,,27.94
Morton School District (WA),0.0,2024-25,,,,25.7
Moses Lake School District (WA),3.0,2015-16,0.19,2799.0,143.0,429.73
Moses Lake School District (WA),3.0,2016-17,0.19,2891.0,149.0,445.96
Moses Lake School District (WA),3.0,2017-18,0.19,2914.0,151.0,453.61
Moses Lake School District (WA),2.87,2018-19,0.18,3072.0,155.0,445.48
Moses Lake School District (WA),1.0,2019-20,0.06,8882.0,435.0,435.22
Moses Lake School District (WA),1.0,2020-21,0.06,8283.0,465.0,465.38
Moses Lake School District (WA),1.0,2021-22,0.05,8578.0,449.0,449.07
Moses Lake School District (WA),0.0,2022-23,0.0,,,477.0
Moses Lake School District (WA),0.0,2023-24,,,,496.2
Moses Lake School District (WA),0.0,2024-25,,,,406.95
Mossyrock School District (WA),0.0,2015-16,0.0,,,32.57
Mossyrock School District (WA),0.0,2016-17,0.0,,,31.98
Mossyrock School District (WA),0.0,2017-18,0.0,,,31.02
Mossyrock School District (WA),0.0,2018-19,0.0,,,32.01
Mossyrock School District (WA),0.0,2019-20,0.0,,,37.13
Mossyrock School District (WA),0.0,2020-21,0.0,,,35.96
Mossyrock School District (WA),0.0,2021-22,0.0,,,35.52
Mossyrock School District (WA),0.14,2022-23,0.05,4214.0,243.0,34.0
Mossyrock School District (WA),0.0,2023-24,,,,36.78
Mossyrock School District (WA),0.0,2024-25,,,,38.56
Mount Adams School District (WA),1.0,2015-16,0.25,950.0,64.0,64.41
Mount Adams School District (WA),1.0,2016-17,0.25,934.0,61.0,61.21
Mount Adams School District (WA),1.0,2017-18,0.25,935.0,63.0,62.88
Mount Adams School District (WA),1.0,2018-19,0.33,918.0,64.0,64.02
Mount Adams School District (WA),1.0,2019-20,0.33,911.0,63.0,62.7
Mount Adams School District (WA),0.0,2020-21,0.0,,,53.27
Mount Adams School District (WA),0.0,2021-22,,,,0.0
Mount Adams School District (WA),0.0,2022-23,0.0,,,61.0
Mount Adams School District (WA),0.0,2023-24,,,,66.72
Mount Adams School District (WA),0.0,2024-25,,,,65.03
Mount Baker School District (WA),1.0,2015-16,0.14,1933.0,114.0,113.84
Mount Baker School District (WA),1.0,2016-17,0.14,1936.0,115.0,114.62
Mount Baker School District (WA),1.0,2017-18,0.14,1873.0,108.0,108.27
Mount Baker School District (WA),1.1,2018-19,0.16,1736.0,105.0,115.55
Mount Baker School District (WA),1.1,2019-20,0.16,1685.0,104.0,113.97
Mount Baker School District (WA),1.19,2020-21,0.17,1453.0,96.0,114.69
Mount Baker School District (WA),1.5,2021-22,0.21,1129.0,81.0,121.99
Mount Baker School District (WA),1.5,2022-23,0.21,1128.0,72.0,108.0
Mount Baker School District (WA),1.33,2023-24,0.19,1208.0,74.0,97.92
Mount Baker School District (WA),1.32,2024-25,0.19,1197.0,70.0,91.74
Mount Pleasant School District (WA),0.0,2015-16,0.0,,,4.24
Mount Pleasant School District (WA),0.0,2016-17,0.0,,,4.56
Mount Pleasant School District (WA),0.0,2017-18,0.0,,,4.66
Mount Pleasant School District (WA),0.0,2018-19,0.0,,,4.66
Mount Pleasant School District (WA),0.0,2019-20,0.0,,,4.88
Mount Pleasant School District (WA),0.0,2020-21,0.0,,,4.88
Mount Pleasant School District (WA),0.0,2021-22,0.0,,,5.37
Mount Pleasant School District (WA),0.0,2022-23,0.0,,,5.0
Mount Pleasant School District (WA),0.0,2023-24,,,,5.01
Mount Pleasant School District (WA),0.0,2024-25,,,,5.01
Mount Vernon School District (WA),8.0,2015-16,0.67,848.0,46.0,367.53
Mount Vernon School District (WA),8.02,2016-17,0.62,844.0,49.0,389.69
Mount Vernon School District (WA),8.0,2017-18,0.62,864.0,50.0,398.16
Mount Vernon School District (WA),8.01,2018-19,0.62,862.0,51.0,408.46
Mount Vernon School District (WA),8.52,2019-20,0.66,809.0,47.0,396.86
Mount Vernon School District (WA),8.06,2020-21,0.58,818.0,50.0,406.13
Mount Vernon School District (WA),8.0,2021-22,0.57,833.0,48.0,380.35
Mount Vernon School District (WA),8.0,2022-23,0.57,818.0,52.0,416.0
Mount Vernon School District (WA),7.8,2023-24,0.56,826.0,51.0,397.72
Mount Vernon School District (WA),8.0,2024-25,0.57,791.0,47.0,375.7
Mukilteo School District (WA),11.5,2015-16,0.55,1335.0,69.0,788.4
Mukilteo School District (WA),18.0,2016-17,0.82,864.0,44.0,795.9
Mukilteo School District (WA),18.0,2017-18,0.75,861.0,49.0,878.57
Mukilteo School District (WA),18.0,2018-19,0.75,885.0,49.0,886.53
Mukilteo School District (WA),13.95,2019-20,0.58,1152.0,67.0,935.66
Mukilteo School District (WA),14.12,2020-21,0.59,1081.0,66.0,931.15
Mukilteo School District (WA),14.81,2021-22,0.59,1013.0,60.0,896.0
Mukilteo School District (WA),14.81,2022-23,0.59,1022.0,62.0,911.0
Mukilteo School District (WA),12.02,2023-24,0.5,1270.0,73.0,883.1
Mukilteo School District (WA),12.02,2024-25,0.5,1262.0,74.0,889.28
Naches Valley School District (WA),1.0,2015-16,0.25,1342.0,74.0,74.02
Naches Valley School District (WA),1.0,2016-17,0.33,1353.0,78.0,77.8
Naches Valley School District (WA),1.0,2017-18,0.33,1314.0,80.0,80.22
Naches Valley School District (WA),1.0,2018-19,0.33,1275.0,80.0,80.44
Naches Valley School District (WA),0.0,2019-20,0.0,,,75.71
Naches Valley School District (WA),0.0,2020-21,0.0,,,74.09
Naches Valley School District (WA),0.0,2021-22,0.0,,,80.93
Naches Valley School District (WA),0.0,2022-23,0.0,,,83.0
Naches Valley School District (WA),0.0,2023-24,,,,78.69
Naches Valley School District (WA),0.0,2024-25,,,,75.88
Napavine School District (WA),0.0,2015-16,0.0,,,45.86
Napavine School District (WA),0.0,2016-17,0.0,,,46.72
Napavine School District (WA),0.0,2017-18,0.0,,,47.03
Napavine School District (WA),0.0,2018-19,0.0,,,48.87
Napavine School District (WA),0.0,2019-20,0.0,,,46.08
Napavine School District (WA),0.0,2020-21,0.0,,,50.23
Napavine School District (WA),0.0,2021-22,0.0,,,46.41
Napavine School District (WA),0.0,2022-23,0.0,,,48.0
Napavine School District (WA),0.0,2023-24,,,,44.81
Napavine School District (WA),0.0,2024-25,,,,47.15
Naselle-Grays River Valley School District (WA),0.0,2015-16,0.0,,,24.89
Naselle-Grays River Valley School District (WA),0.0,2016-17,0.0,,,22.99
Naselle-Grays River Valley School District (WA),0.0,2017-18,0.0,,,24.27
Naselle-Grays River Valley School District (WA),0.0,2018-19,0.0,,,25.65
Naselle-Grays River Valley School District (WA),0.0,2019-20,0.0,,,25.68
Naselle-Grays River Valley School District (WA),0.0,2020-21,0.0,,,25.98
Naselle-Grays River Valley School District (WA),0.0,2021-22,0.0,,,29.0
Naselle-Grays River Valley School District (WA),0.0,2022-23,0.0,,,21.0
Naselle-Grays River Valley School District (WA),0.0,2023-24,,,,21.29
Naselle-Grays River Valley School District (WA),0.0,2024-25,,,,18.96
Nespelem School District #14 (WA),0.0,2015-16,0.0,,,9.0
Nespelem School District #14 (WA),0.0,2016-17,0.0,,,10.87
Nespelem School District #14 (WA),0.0,2017-18,0.0,,,9.0
Nespelem School District #14 (WA),1.0,2018-19,1.0,160.0,9.0,9.0
Nespelem School District #14 (WA),1.0,2019-20,1.0,157.0,10.0,10.0
Nespelem School District #14 (WA),0.0,2020-21,0.0,,,8.26
Nespelem School District #14 (WA),0.0,2021-22,0.0,,,10.0
Nespelem School District #14 (WA),0.0,2022-23,0.0,,,12.0
Nespelem School District #14 (WA),0.0,2023-24,,,,11.41
Nespelem School District #14 (WA),0.0,2024-25,,,,13.16
Newport School District (WA),0.0,2015-16,0.0,,,64.7
Newport School District (WA),0.0,2016-17,0.0,,,66.12
Newport School District (WA),0.0,2017-18,0.0,,,67.0
Newport School District (WA),0.0,2018-19,0.0,,,70.83
Newport School District (WA),0.0,2019-20,0.0,,,69.51
Newport School District (WA),0.0,2020-21,0.0,,,69.81
Newport School District (WA),0.0,2021-22,0.0,,,74.37
Newport School District (WA),0.0,2022-23,0.0,,,72.0
Newport School District (WA),0.0,2023-24,,,,73.13
Newport School District (WA),0.0,2024-25,,,,76.99
Nine Mile Falls School District (WA),0.16,2015-16,0.03,9056.0,518.0,82.8
Nine Mile Falls School District (WA),0.37,2016-17,0.07,3903.0,227.0,84.1
Nine Mile Falls School District (WA),0.37,2017-18,0.07,3862.0,228.0,84.21
Nine Mile Falls School District (WA),1.0,2018-19,0.2,1406.0,85.0,85.26
Nine Mile Falls School District (WA),0.0,2019-20,0.0,,,86.76
Nine Mile Falls School District (WA),0.0,2020-21,0.0,,,83.67
Nine Mile Falls School District (WA),0.0,2021-22,0.0,,,90.28
Nine Mile Falls School District (WA),0.0,2022-23,0.0,,,88.0
Nine Mile Falls School District (WA),0.0,2023-24,,,,88.21
Nine Mile Falls School District (WA),0.0,2024-25,,,,86.54
Nooksack Valley School District (WA),0.0,2015-16,0.0,,,94.02
Nooksack Valley School District (WA),0.0,2016-17,0.0,,,98.3
Nooksack Valley School District (WA),0.0,2017-18,0.0,,,110.11
Nooksack Valley School District (WA),0.0,2018-19,0.0,,,110.6
Nooksack Valley School District (WA),0.0,2019-20,0.0,,,118.71
Nooksack Valley School District (WA),0.0,2020-21,0.0,,,119.2
Nooksack Valley School District (WA),0.0,2021-22,0.0,,,109.81
Nooksack Valley School District (WA),0.0,2022-23,0.0,,,127.0
Nooksack Valley School District (WA),0.0,2023-24,,,,121.99
Nooksack Valley School District (WA),0.0,2024-25,,,,117.22
North Beach School District (WA),0.0,2015-16,0.0,,,38.94
North Beach School District (WA),0.0,2016-17,0.0,,,39.23
North Beach School District (WA),0.0,2017-18,0.0,,,37.04
North Beach School District (WA),0.0,2018-19,0.0,,,37.21
North Beach School District (WA),0.0,2019-20,0.0,,,46.04
North Beach School District (WA),0.0,2020-21,0.0,,,47.28
North Beach School District (WA),0.0,2021-22,0.0,,,49.76
North Beach School District (WA),0.0,2022-23,0.0,,,47.0
North Beach School District (WA),0.0,2023-24,,,,45.96
North Beach School District (WA),0.0,2024-25,,,,45.7
North Franklin School District (WA),2.5,2015-16,0.31,846.0,50.0,124.13
North Franklin School District (WA),2.5,2016-17,0.31,864.0,51.0,126.76
North Franklin School District (WA),2.5,2017-18,0.28,876.0,52.0,131.14
North Franklin School District (WA),2.5,2018-19,0.28,876.0,51.0,128.07
North Franklin School District (WA),2.5,2019-20,0.28,867.0,50.0,123.9
North Franklin School District (WA),2.5,2020-21,0.28,826.0,47.0,116.71
North Franklin School District (WA),2.5,2021-22,0.28,828.0,50.0,125.0
North Franklin School District (WA),2.5,2022-23,0.28,815.0,53.0,133.0
North Franklin School District (WA),2.5,2023-24,0.28,830.0,52.0,129.81
North Franklin School District (WA),2.5,2024-25,0.28,831.0,49.0,122.52
North Kitsap School District (WA),8.83,2015-16,0.68,694.0,36.0,319.91
North Kitsap School District (WA),9.6,2016-17,0.74,621.0,34.0,325.52
North Kitsap School District (WA),8.6,2017-18,0.66,697.0,36.0,308.13
North Kitsap School District (WA),9.63,2018-19,0.69,623.0,33.0,313.06
North Kitsap School District (WA),7.6,2019-20,0.54,799.0,40.0,305.08
North Kitsap School District (WA),7.2,2020-21,0.51,759.0,40.0,290.33
North Kitsap School District (WA),9.6,2021-22,0.69,569.0,31.0,300.07
North Kitsap School District (WA),9.6,2022-23,0.69,564.0,33.0,316.0
North Kitsap School District (WA),9.6,2023-24,0.69,559.0,30.0,286.57
North Kitsap School District (WA),9.6,2024-25,0.69,555.0,30.0,285.67
North Mason School District (WA),0.0,2015-16,0.0,,,120.8
North Mason School District (WA),0.0,2016-17,0.0,,,122.12
North Mason School District (WA),0.0,2017-18,0.0,,,125.54
North Mason School District (WA),0.0,2018-19,0.0,,,128.47
North Mason School District (WA),0.0,2019-20,0.0,,,136.5
North Mason School District (WA),0.0,2020-21,0.0,,,127.69
North Mason School District (WA),0.0,2021-22,0.0,,,126.96
North Mason School District (WA),0.0,2022-23,0.0,,,143.0
North Mason School District (WA),0.0,2023-24,,,,139.74
North Mason School District (WA),0.0,2024-25,,,,132.74
North River School District (WA),0.0,2015-16,0.0,,,9.0
North River School District (WA),0.0,2016-17,0.0,,,10.39
North River School District (WA),0.0,2017-18,0.0,,,9.86
North River School District (WA),0.0,2018-19,0.0,,,10.01
North River School District (WA),0.0,2019-20,0.0,,,9.7
North River School District (WA),0.0,2020-21,0.0,,,9.59
North River School District (WA),0.0,2021-22,0.0,,,9.3
North River School District (WA),0.0,2022-23,0.0,,,8.0
North River School District (WA),0.0,2023-24,,,,8.27
North River School District (WA),0.0,2024-25,,,,6.75
North Thurston Public Schools (WA),18.93,2015-16,0.9,787.0,43.0,814.77
North Thurston Public Schools (WA),19.0,2016-17,0.86,787.0,44.0,838.68
North Thurston Public Schools (WA),14.34,2017-18,0.65,1062.0,59.0,839.14
North Thurston Public Schools (WA),13.87,2018-19,0.63,1100.0,62.0,864.48
North Thurston Public Schools (WA),14.04,2019-20,0.64,1114.0,59.0,829.79
North Thurston Public Schools (WA),14.04,2020-21,0.64,1046.0,59.0,825.98
North Thurston Public Schools (WA),14.14,2021-22,0.59,1063.0,57.0,812.87
North Thurston Public Schools (WA),14.5,2022-23,0.6,1043.0,60.0,867.0
North Thurston Public Schools (WA),19.6,2023-24,0.82,775.0,43.0,846.03
North Thurston Public Schools (WA),12.22,2024-25,0.51,1241.0,71.0,862.82
Northport School District (WA),0.0,2015-16,-0.33,-227.0,-16.0,15.92
Northport School District (WA),0.0,2016-17,0.0,,,16.47
Northport School District (WA),0.0,2017-18,0.0,,,17.96
Northport School District (WA),0.0,2018-19,0.0,,,18.83
Northport School District (WA),0.0,2019-20,0.0,,,16.7
Northport School District (WA),0.0,2020-21,0.0,,,20.07
Northport School District (WA),0.0,2021-22,0.0,,,21.37
Northport School District (WA),0.0,2022-23,0.0,,,20.0
Northport School District (WA),0.0,2023-24,,,,21.48
Northport School District (WA),0.0,2024-25,,,,22.0
Northshore School District (WA),33.99,2015-16,0.97,632.0,32.0,1082.17
Northshore School District (WA),34.73,2016-17,0.96,631.0,32.0,1106.42
Northshore School District (WA),12.8,2017-18,0.36,1768.0,93.0,1185.08
Northshore School District (WA),12.8,2018-19,0.36,1836.0,95.0,1218.25
Northshore School District (WA),12.8,2019-20,0.35,1868.0,100.0,1275.3
Northshore School District (WA),12.8,2020-21,0.33,1821.0,101.0,1298.35
Northshore School District (WA),13.0,2021-22,0.33,1767.0,94.0,1216.36
Northshore School District (WA),13.0,2022-23,0.33,1765.0,102.0,1326.0
Northshore School District (WA),12.6,2023-24,0.32,1840.0,103.0,1298.72
Northshore School District (WA),12.6,2024-25,0.32,1804.0,97.0,1217.12
Oak Harbor School District (WA),5.83,2015-16,0.53,1005.0,53.0,308.31
Oak Harbor School District (WA),5.99,2016-17,0.54,991.0,51.0,305.51
Oak Harbor School District (WA),5.96,2017-18,0.54,990.0,54.0,322.99
Oak Harbor School District (WA),5.73,2018-19,0.52,1050.0,58.0,334.41
Oak Harbor School District (WA),4.15,2019-20,0.38,1477.0,84.0,348.79
Oak Harbor School District (WA),3.0,2020-21,0.25,1922.0,109.0,327.24
Oak Harbor School District (WA),5.71,2021-22,0.48,999.0,62.0,354.52
Oak Harbor School District (WA),5.7,2022-23,0.48,1005.0,65.0,369.0
Oak Harbor School District (WA),5.7,2023-24,0.48,1020.0,61.0,344.86
Oak Harbor School District (WA),5.7,2024-25,0.48,989.0,59.0,337.19
Oakesdale School District (WA),0.0,2015-16,0.0,,,10.51
Oakesdale School District (WA),0.0,2016-17,0.0,,,10.57
Oakesdale School District (WA),0.0,2017-18,0.0,,,12.35
Oakesdale School District (WA),0.0,2018-19,0.0,,,11.26
Oakesdale School District (WA),0.0,2019-20,0.0,,,11.85
Oakesdale School District (WA),0.0,2020-21,0.0,,,11.85
Oakesdale School District (WA),0.0,2021-22,0.0,,,10.83
Oakesdale School District (WA),0.0,2022-23,0.0,,,11.0
Oakesdale School District (WA),0.0,2023-24,,,,11.5
Oakesdale School District (WA),0.0,2024-25,,,,12.51
Oakville School District (WA),0.0,2015-16,0.0,,,19.0
Oakville School District (WA),0.0,2016-17,0.0,,,18.58
Oakville School District (WA),0.0,2017-18,0.0,,,14.5
Oakville School District (WA),0.0,2018-19,0.0,,,16.34
Oakville School District (WA),0.0,2019-20,0.0,,,20.31
Oakville School District (WA),0.0,2020-21,0.0,,,20.25
Oakville School District (WA),0.33,2021-22,0.08,1015.0,72.0,23.68
Oakville School District (WA),0.33,2022-23,0.08,1033.0,82.0,27.0
Oakville School District (WA),0.67,2023-24,0.17,509.0,36.0,24.26
Oakville School District (WA),0.78,2024-25,0.2,410.0,29.0,22.37
Ocean Beach School District (WA),0.0,2015-16,0.0,,,52.19
Ocean Beach School District (WA),0.0,2016-17,0.0,,,53.62
Ocean Beach School District (WA),0.0,2017-18,0.0,,,57.6
Ocean Beach School District (WA),0.0,2018-19,0.0,,,57.59
Ocean Beach School District (WA),0.0,2019-20,0.0,,,53.22
Ocean Beach School District (WA),0.0,2020-21,0.0,,,49.78
Ocean Beach School District (WA),0.0,2021-22,0.0,,,58.55
Ocean Beach School District (WA),0.0,2022-23,0.0,,,64.0
Ocean Beach School District (WA),0.0,2023-24,,,,54.62
Ocean Beach School District (WA),0.0,2024-25,,,,51.7
Ocosta School District (WA),0.7,2015-16,0.35,864.0,56.0,39.49
Ocosta School District (WA),0.4,2016-17,0.2,1558.0,99.0,39.41
Ocosta School District (WA),0.4,2017-18,0.2,1465.0,100.0,39.97
Ocosta School District (WA),0.85,2018-19,0.43,745.0,45.0,38.53
Ocosta School District (WA),0.85,2019-20,0.43,748.0,49.0,41.69
Ocosta School District (WA),0.85,2020-21,0.43,728.0,45.0,37.83
Ocosta School District (WA),0.95,2021-22,0.32,638.0,39.0,36.97
Ocosta School District (WA),0.87,2022-23,0.29,669.0,43.0,37.0
Ocosta School District (WA),0.87,2023-24,0.29,678.0,47.0,40.96
Ocosta School District (WA),1.2,2024-25,0.4,500.0,34.0,40.23
Odessa School District (WA),0.0,2015-16,0.0,,,18.02
Odessa School District (WA),0.0,2016-17,0.0,,,17.9
Odessa School District (WA),0.0,2017-18,0.0,,,18.46
Odessa School District (WA),0.0,2018-19,0.0,,,18.67
Odessa School District (WA),0.0,2019-20,0.0,,,18.91
Odessa School District (WA),0.0,2020-21,0.0,,,18.84
Odessa School District (WA),0.0,2021-22,0.0,,,17.35
Odessa School District (WA),0.0,2022-23,0.0,,,17.0
Odessa School District (WA),0.0,2023-24,,,,16.89
Odessa School District (WA),0.0,2024-25,,,,17.66
Office Of The Governor (Sch For Blind) (WA),0.0,2015-16,0.0,,,0.0
Office Of The Governor (Sch For Blind) (WA),0.0,2016-17,0.0,,,0.0
Office Of The Governor (Sch For Blind) (WA),0.0,2017-18,0.0,,,0.0
Office Of The Governor (Sch For Blind) (WA),0.0,2018-19,0.0,,,0.0
Office Of The Governor (Sch For Blind) (WA),0.0,2019-20,0.0,,,0.0
Office Of The Governor (Sch For Blind) (WA),0.0,2020-21,0.0,,,0.0
Office Of The Governor (Sch For Blind) (WA),0.0,2021-22,0.0,,,0.0
Office Of The Governor (Sch For Blind) (WA),0.0,2022-23,0.0,,,0.0
Office Of The Governor (Sch For Blind) (WA),0.0,2023-24,,,,0.0
Office Of The Governor (Sch For Blind) (WA),0.0,2024-25,0.0,,,0.0
Okanogan School District (WA),1.0,2015-16,0.17,1113.0,56.0,56.13
Okanogan School District (WA),1.0,2016-17,0.17,1133.0,58.0,58.28
Okanogan School District (WA),1.0,2017-18,0.17,1135.0,59.0,59.36
Okanogan School District (WA),1.0,2018-19,0.17,1147.0,58.0,57.64
Okanogan School District (WA),1.0,2019-20,0.17,1158.0,59.0,59.31
Okanogan School District (WA),2.0,2020-21,0.33,554.0,29.0,58.26
Okanogan School District (WA),1.0,2021-22,0.17,1042.0,61.0,60.75
Okanogan School District (WA),1.0,2022-23,0.17,1065.0,63.0,63.0
Okanogan School District (WA),2.0,2023-24,0.33,543.0,32.0,63.69
Okanogan School District (WA),2.0,2024-25,0.33,521.0,31.0,61.59
Olympia School District (WA),15.8,2015-16,0.75,632.0,32.0,503.33
Olympia School District (WA),15.8,2016-17,0.75,645.0,33.0,515.99
Olympia School District (WA),15.8,2017-18,0.75,617.0,34.0,536.58
Olympia School District (WA),12.55,2018-19,0.6,790.0,43.0,540.94
Olympia School District (WA),12.91,2019-20,0.61,779.0,43.0,554.89
Olympia School District (WA),12.71,2020-21,0.61,747.0,43.0,542.18
Olympia School District (WA),11.86,2021-22,0.59,802.0,45.0,532.92
Olympia School District (WA),12.51,2022-23,0.63,770.0,45.0,567.0
Olympia School District (WA),12.62,2023-24,0.63,757.0,42.0,531.14
Olympia School District (WA),12.71,2024-25,0.64,738.0,42.0,527.51
Omak School District (WA),0.0,2015-16,0.0,,,231.1
Omak School District (WA),0.0,2016-17,0.0,,,221.37
Omak School District (WA),0.0,2017-18,0.0,,,223.75
Omak School District (WA),0.0,2018-19,0.0,,,241.23
Omak School District (WA),0.0,2019-20,0.0,,,249.62
Omak School District (WA),0.0,2020-21,0.0,,,291.26
Omak School District (WA),0.0,2021-22,0.0,,,287.28
Omak School District (WA),0.0,2022-23,0.0,,,296.0
Omak School District (WA),0.0,2023-24,,,,254.07
Omak School District (WA),0.0,2024-25,,,,265.93
Onalaska School District (WA),0.0,2015-16,0.0,,,44.09
Onalaska School District (WA),0.0,2016-17,0.0,,,47.0
Onalaska School District (WA),0.0,2017-18,0.0,,,50.06
Onalaska School District (WA),0.0,2018-19,0.0,,,49.13
Onalaska School District (WA),0.0,2019-20,0.0,,,49.93
Onalaska School District (WA),0.0,2020-21,0.0,,,48.28
Onalaska School District (WA),0.0,2021-22,0.0,,,49.08
Onalaska School District (WA),0.0,2022-23,0.0,,,52.0
Onalaska School District (WA),0.0,2023-24,,,,53.01
Onalaska School District (WA),0.0,2024-25,,,,51.03
Onion Creek School District (WA),0.0,2015-16,0.0,,,3.44
Onion Creek School District (WA),0.0,2016-17,0.0,,,3.45
Onion Creek School District (WA),0.0,2017-18,0.0,,,3.06
Onion Creek School District (WA),0.0,2018-19,0.0,,,3.83
Onion Creek School District (WA),0.0,2019-20,0.0,,,4.16
Onion Creek School District (WA),0.0,2020-21,0.0,,,4.01
Onion Creek School District (WA),0.0,2021-22,0.0,,,4.0
Onion Creek School District (WA),0.0,2022-23,0.0,,,4.0
Onion Creek School District (WA),0.0,2023-24,,,,3.99
Onion Creek School District (WA),0.0,2024-25,,,,4.46
Orcas Island School District (WA),0.0,2015-16,0.0,,,44.91
Orcas Island School District (WA),0.0,2016-17,0.0,,,45.18
Orcas Island School District (WA),0.0,2017-18,0.0,,,40.67
Orcas Island School District (WA),0.0,2018-19,0.0,,,44.86
Orcas Island School District (WA),0.0,2019-20,0.0,,,45.5
Orcas Island School District (WA),0.0,2020-21,0.0,,,44.34
Orcas Island School District (WA),0.0,2021-22,0.0,,,41.37
Orcas Island School District (WA),0.0,2022-23,0.0,,,40.0
Orcas Island School District (WA),0.0,2023-24,,,,36.94
Orcas Island School District (WA),0.0,2024-25,,,,44.53
Orchard Prairie School District (WA),0.0,2015-16,0.0,,,6.62
Orchard Prairie School District (WA),0.0,2016-17,0.0,,,6.65
Orchard Prairie School District (WA),0.0,2017-18,0.0,,,6.67
Orchard Prairie School District (WA),0.0,2018-19,0.0,,,7.02
Orchard Prairie School District (WA),0.0,2019-20,0.0,,,7.01
Orchard Prairie School District (WA),0.0,2020-21,0.0,,,7.03
Orchard Prairie School District (WA),0.0,2021-22,0.0,,,6.99
Orchard Prairie School District (WA),0.0,2022-23,0.0,,,7.0
Orchard Prairie School District (WA),0.0,2023-24,,,,7.0
Orchard Prairie School District (WA),0.0,2024-25,,,,6.32
Orient School District (WA),0.0,2015-16,0.0,,,4.5
Orient School District (WA),0.0,2016-17,0.0,,,4.52
Orient School District (WA),0.0,2017-18,0.0,,,4.5
Orient School District (WA),0.0,2018-19,0.0,,,3.49
Orient School District (WA),0.0,2019-20,0.0,,,3.61
Orient School District (WA),0.0,2020-21,0.0,,,0.0
Orient School District (WA),0.0,2021-22,0.0,,,4.0
Orient School District (WA),0.0,2022-23,0.0,,,4.0
Orient School District (WA),0.0,2023-24,,,,4.51
Orient School District (WA),0.0,2024-25,,,,3.49
Orondo School District (WA),0.0,2015-16,0.0,,,10.67
Orondo School District (WA),0.0,2016-17,0.0,,,11.96
Orondo School District (WA),0.0,2017-18,0.0,,,11.38
Orondo School District (WA),0.0,2018-19,0.0,,,11.29
Orondo School District (WA),0.0,2019-20,0.0,,,11.12
Orondo School District (WA),0.0,2020-21,0.0,,,10.48
Orondo School District (WA),0.0,2021-22,0.0,,,10.45
Orondo School District (WA),0.0,2022-23,0.0,,,12.0
Orondo School District (WA),0.0,2023-24,,,,10.48
Orondo School District (WA),0.0,2024-25,,,,9.17
Oroville School District (WA),0.0,2015-16,0.0,,,38.88
Oroville School District (WA),0.0,2016-17,0.0,,,38.32
Oroville School District (WA),0.0,2017-18,0.0,,,38.17
Oroville School District (WA),0.0,2018-19,0.0,,,41.92
Oroville School District (WA),0.0,2019-20,0.0,,,38.56
Oroville School District (WA),0.0,2020-21,0.0,,,38.1
Oroville School District (WA),0.0,2021-22,0.0,,,36.83
Oroville School District (WA),0.0,2022-23,0.0,,,38.0
Oroville School District (WA),0.0,2023-24,,,,39.55
Oroville School District (WA),0.0,2024-25,,,,40.14
Orting School District (WA),3.5,2015-16,0.7,714.0,34.0,118.99
Orting School District (WA),2.9,2016-17,0.58,901.0,41.0,118.89
Orting School District (WA),2.0,2017-18,0.4,1334.0,63.0,125.39
Orting School District (WA),2.0,2018-19,0.4,1374.0,68.0,136.06
Orting School District (WA),1.7,2019-20,0.34,1631.0,81.0,136.99
Orting School District (WA),1.71,2020-21,0.24,1435.0,79.0,135.41
Orting School District (WA),1.0,2021-22,0.14,2658.0,135.0,135.35
Orting School District (WA),1.0,2022-23,0.14,2748.0,144.0,144.0
Orting School District (WA),0.0,2023-24,,,,145.72
Orting School District (WA),0.0,2024-25,,,,150.82
Othello School District (WA),5.7,2015-16,0.81,751.0,36.0,206.02
Othello School District (WA),5.68,2016-17,0.81,773.0,39.0,219.4
Othello School District (WA),5.85,2017-18,0.84,759.0,40.0,234.07
Othello School District (WA),5.83,2018-19,0.73,776.0,41.0,236.42
Othello School District (WA),6.0,2019-20,0.75,801.0,42.0,250.87
Othello School District (WA),6.0,2020-21,0.67,782.0,43.0,255.02
Othello School District (WA),5.88,2021-22,0.65,801.0,40.0,233.73
Othello School District (WA),6.0,2022-23,0.67,792.0,44.0,261.0
Othello School District (WA),6.0,2023-24,0.67,785.0,43.0,259.0
Othello School District (WA),6.0,2024-25,0.67,776.0,41.0,248.7
Palisades School District (WA),0.0,2015-16,0.0,,,3.0
Palisades School District (WA),0.0,2016-17,0.0,,,2.99
Palisades School District (WA),0.0,2017-18,0.0,,,2.99
Palisades School District (WA),0.0,2018-19,0.0,,,2.99
Palisades School District (WA),0.0,2019-20,0.0,,,3.0
Palisades School District (WA),0.0,2020-21,0.0,,,3.01
Palisades School District (WA),0.0,2021-22,0.0,,,3.0
Palisades School District (WA),0.0,2022-23,0.0,,,3.0
Palisades School District (WA),0.0,2023-24,,,,3.0
Palisades School District (WA),0.0,2024-25,,,,2.86
Palouse School District (WA),0.0,2015-16,0.0,,,14.3
Palouse School District (WA),0.0,2016-17,0.0,,,13.49
Palouse School District (WA),0.0,2017-18,0.0,,,15.09
Palouse School District (WA),0.0,2018-19,0.0,,,13.81
Palouse School District (WA),0.0,2019-20,0.0,,,14.09
Palouse School District (WA),0.0,2020-21,0.0,,,14.2
Palouse School District (WA),0.0,2021-22,0.0,,,15.21
Palouse School District (WA),0.0,2022-23,0.0,,,17.0
Palouse School District (WA),0.0,2023-24,,,,17.75
Palouse School District (WA),0.0,2024-25,,,,17.29
Pasco School District (WA),19.17,2015-16,0.83,908.0,51.0,979.57
Pasco School District (WA),19.52,2016-17,0.85,916.0,50.0,974.6
Pasco School District (WA),18.83,2017-18,0.82,970.0,54.0,1025.61
Pasco School District (WA),19.82,2018-19,0.83,935.0,53.0,1055.76
Pasco School District (WA),5.0,2019-20,0.19,3842.0,215.0,1073.36
Pasco School District (WA),22.8,2020-21,0.81,816.0,45.0,1024.26
Pasco School District (WA),6.0,2021-22,0.21,3090.0,168.0,1005.66
Pasco School District (WA),22.71,2022-23,0.78,815.0,46.0,1056.0
Pasco School District (WA),9.25,2023-24,0.32,2037.0,118.0,1086.89
Pasco School District (WA),8.97,2024-25,0.29,2108.0,121.0,1084.77
Pateros School District (WA),0.0,2015-16,0.0,,,20.72
Pateros School District (WA),0.0,2016-17,0.0,,,21.66
Pateros School District (WA),0.0,2017-18,0.0,,,21.03
Pateros School District (WA),0.0,2018-19,0.0,,,22.08
Pateros School District (WA),0.0,2019-20,0.0,,,21.96
Pateros School District (WA),0.0,2020-21,0.0,,,22.62
Pateros School District (WA),0.0,2021-22,0.0,,,22.47
Pateros School District (WA),0.0,2022-23,0.0,,,21.0
Pateros School District (WA),0.0,2023-24,,,,18.65
Pateros School District (WA),0.0,2024-25,,,,17.35
Paterson School District (WA),0.0,2015-16,0.0,,,9.19
Paterson School District (WA),0.0,2016-17,0.0,,,7.43
Paterson School District (WA),0.0,2017-18,0.0,,,9.39
Paterson School District (WA),0.0,2018-19,0.0,,,9.05
Paterson School District (WA),0.0,2019-20,0.0,,,7.79
Paterson School District (WA),0.0,2020-21,0.0,,,9.9
Paterson School District (WA),0.0,2021-22,0.0,,,12.79
Paterson School District (WA),0.0,2022-23,0.0,,,12.0
Paterson School District (WA),0.0,2023-24,,,,12.0
Paterson School District (WA),0.0,2024-25,,,,12.0
Pe Ell School District (WA),0.0,2015-16,0.0,,,20.0
Pe Ell School District (WA),0.0,2016-17,0.0,,,20.0
Pe Ell School District (WA),0.0,2017-18,0.0,,,20.0
Pe Ell School District (WA),0.0,2018-19,0.0,,,20.0
Pe Ell School District (WA),0.0,2019-20,0.0,,,21.2
Pe Ell School District (WA),0.0,2020-21,0.0,,,21.03
Pe Ell School District (WA),0.0,2021-22,0.0,,,19.0
Pe Ell School District (WA),0.0,2022-23,0.0,,,20.0
Pe Ell School District (WA),0.0,2023-24,,,,20.16
Pe Ell School District (WA),0.0,2024-25,,,,16.41
Peninsula School District (WA),2.0,2015-16,0.13,4462.0,224.0,447.09
Peninsula School District (WA),2.0,2016-17,0.13,4518.0,231.0,462.62
Peninsula School District (WA),2.0,2017-18,0.13,4586.0,244.0,487.07
Peninsula School District (WA),2.0,2018-19,0.13,4701.0,254.0,507.39
Peninsula School District (WA),2.0,2019-20,0.13,4773.0,260.0,520.16
Peninsula School District (WA),2.0,2020-21,0.12,4302.0,246.0,491.71
Peninsula School District (WA),2.0,2021-22,0.11,4385.0,248.0,496.19
Peninsula School District (WA),2.0,2022-23,0.11,4485.0,246.0,491.0
Peninsula School District (WA),2.0,2023-24,0.12,4535.0,246.0,491.28
Peninsula School District (WA),2.0,2024-25,0.12,4508.0,240.0,479.0
Pioneer School District (WA),1.0,2015-16,0.5,689.0,42.0,42.45
Pioneer School District (WA),0.0,2016-17,0.0,,,46.45
Pioneer School District (WA),0.0,2017-18,0.0,,,50.06
Pioneer School District (WA),0.0,2018-19,0.0,,,52.06
Pioneer School District (WA),0.0,2019-20,0.0,,,53.57
Pioneer School District (WA),0.0,2020-21,0.0,,,53.0
Pioneer School District (WA),0.0,2021-22,0.0,,,46.06
Pioneer School District (WA),0.0,2022-23,0.0,,,56.0
Pioneer School District (WA),0.0,2023-24,,,,60.01
Pioneer School District (WA),0.0,2024-25,,,,50.99
Pomeroy School District (WA),0.0,2015-16,0.0,,,22.13
Pomeroy School District (WA),0.0,2016-17,0.0,,,21.34
Pomeroy School District (WA),0.0,2017-18,0.0,,,21.53
Pomeroy School District (WA),0.0,2018-19,0.0,,,21.08
Pomeroy School District (WA),0.0,2019-20,0.0,,,22.08
Pomeroy School District (WA),0.0,2020-21,0.0,,,21.38
Pomeroy School District (WA),0.0,2021-22,0.0,,,23.88
Pomeroy School District (WA),0.0,2022-23,0.0,,,24.0
Pomeroy School District (WA),0.0,2023-24,,,,24.48
Pomeroy School District (WA),0.0,2024-25,,,,23.03
Port Angeles School District (WA),0.6,2015-16,0.05,6400.0,375.0,224.96
Port Angeles School District (WA),0.6,2016-17,0.05,6390.0,375.0,224.87
Port Angeles School District (WA),0.5,2017-18,0.05,7626.0,449.0,224.56
Port Angeles School District (WA),0.5,2018-19,0.05,7704.0,445.0,222.66
Port Angeles School District (WA),0.0,2019-20,0.0,,,217.07
Port Angeles School District (WA),0.0,2020-21,0.0,,,204.49
Port Angeles School District (WA),0.0,2021-22,0.0,,,218.38
Port Angeles School District (WA),0.0,2022-23,0.0,,,231.0
Port Angeles School District (WA),0.0,2023-24,,,,210.67
Port Angeles School District (WA),0.0,2024-25,,,,204.0
Port Townsend School District (WA),1.36,2015-16,0.34,866.0,53.0,71.87
Port Townsend School District (WA),0.79,2016-17,0.2,1496.0,89.0,70.61
Port Townsend School District (WA),0.79,2017-18,0.2,1480.0,89.0,70.21
Port Townsend School District (WA),1.6,2018-19,0.4,773.0,46.0,73.63
Port Townsend School District (WA),1.6,2019-20,0.4,773.0,47.0,75.3
Port Townsend School District (WA),1.8,2020-21,0.45,632.0,38.0,68.43
Port Townsend School District (WA),1.8,2021-22,0.45,649.0,39.0,70.39
Port Townsend School District (WA),1.8,2022-23,0.45,670.0,43.0,77.0
Port Townsend School District (WA),2.0,2023-24,0.5,585.0,39.0,78.98
Port Townsend School District (WA),2.0,2024-25,0.5,639.0,35.0,70.6
Prescott School District (WA),0.0,2015-16,0.0,,,25.67
Prescott School District (WA),0.0,2016-17,0.0,,,19.81
Prescott School District (WA),0.0,2017-18,0.0,,,18.32
Prescott School District (WA),0.0,2018-19,0.0,,,16.2
Prescott School District (WA),0.0,2019-20,0.0,,,18.52
Prescott School District (WA),0.0,2020-21,0.0,,,18.42
Prescott School District (WA),0.0,2021-22,0.0,,,21.29
Prescott School District (WA),0.0,2022-23,0.0,,,24.0
Prescott School District (WA),0.0,2023-24,,,,24.01
Prescott School District (WA),0.0,2024-25,,,,19.01
Prosser School District (WA),1.0,2015-16,0.17,2824.0,156.0,155.76
Prosser School District (WA),1.0,2016-17,0.17,2793.0,149.0,148.96
Prosser School District (WA),1.0,2017-18,0.2,2728.0,152.0,151.81
Prosser School District (WA),1.0,2018-19,0.17,2712.0,154.0,153.83
Prosser School District (WA),1.0,2019-20,0.17,2661.0,152.0,151.92
Prosser School District (WA),1.0,2020-21,0.17,2540.0,137.0,137.25
Prosser School District (WA),1.0,2021-22,0.17,2493.0,118.0,118.2
Prosser School District (WA),1.0,2022-23,0.17,2414.0,136.0,136.0
Prosser School District (WA),1.0,2023-24,0.17,2460.0,150.0,150.16
Prosser School District (WA),1.0,2024-25,0.17,2534.0,151.0,150.64
Pullman School District (WA),1.0,2015-16,0.2,2847.0,133.0,132.73
Pullman School District (WA),1.0,2016-17,0.2,2879.0,138.0,137.55
Pullman School District (WA),1.0,2017-18,0.2,2927.0,146.0,145.69
Pullman School District (WA),1.0,2018-19,0.2,2898.0,157.0,156.56
Pullman School District (WA),0.17,2019-20,0.03,16453.0,971.0,165.07
Pullman School District (WA),1.02,2020-21,0.17,2564.0,157.0,160.38
Pullman School District (WA),1.0,2021-22,0.17,2654.0,156.0,156.26
Pullman School District (WA),1.0,2022-23,0.17,2740.0,176.0,176.0
Pullman School District (WA),1.0,2023-24,0.17,2689.0,175.0,174.51
Pullman School District (WA),1.0,2024-25,0.17,2731.0,165.0,164.77
Puyallup School District (WA),23.3,2015-16,0.6,948.0,48.0,1112.08
Puyallup School District (WA),23.66,2016-17,0.61,949.0,47.0,1104.14
Puyallup School District (WA),23.99,2017-18,0.62,952.0,48.0,1145.41
Puyallup School District (WA),23.89,2018-19,0.66,972.0,50.0,1184.8
Puyallup School District (WA),22.04,2019-20,0.6,1069.0,53.0,1176.52
Puyallup School District (WA),18.46,2020-21,0.5,1213.0,65.0,1200.57
Puyallup School District (WA),23.5,2021-22,0.64,959.0,50.0,1163.73
Puyallup School District (WA),22.6,2022-23,0.61,1022.0,54.0,1225.0
Puyallup School District (WA),23.01,2023-24,0.62,995.0,54.0,1252.6
Puyallup School District (WA),13.95,2024-25,0.38,1651.0,88.0,1225.75
Queets-Clearwater School District (WA),0.0,2015-16,0.0,,,3.0
Queets-Clearwater School District (WA),0.0,2016-17,0.0,,,3.03
Queets-Clearwater School District (WA),0.0,2017-18,0.0,,,3.01
Queets-Clearwater School District (WA),0.0,2018-19,0.0,,,3.0
Queets-Clearwater School District (WA),0.0,2019-20,0.0,,,3.01
Queets-Clearwater School District (WA),0.0,2020-21,0.0,,,1.89
Queets-Clearwater School District (WA),0.0,2021-22,0.0,,,2.0
Queets-Clearwater School District (WA),0.0,2022-23,0.0,,,4.0
Queets-Clearwater School District (WA),0.0,2023-24,,,,3.62
Queets-Clearwater School District (WA),0.0,2024-25,,,,3.67
Quilcene School District (WA),0.0,2015-16,0.0,,,24.34
Quilcene School District (WA),0.0,2016-17,0.0,,,25.69
Quilcene School District (WA),0.0,2017-18,0.0,,,26.66
Quilcene School District (WA),0.0,2018-19,0.0,,,28.38
Quilcene School District (WA),0.0,2019-20,0.0,,,28.27
Quilcene School District (WA),0.0,2020-21,0.0,,,27.72
Quilcene School District (WA),0.0,2021-22,0.0,,,27.0
Quilcene School District (WA),0.0,2022-23,0.0,,,29.0
Quilcene School District (WA),0.0,2023-24,,,,26.26
Quilcene School District (WA),0.0,2024-25,,,,27.43
Quillayute Valley School District (WA),1.0,2015-16,0.17,3092.0,139.0,139.4
Quillayute Valley School District (WA),1.0,2016-17,0.17,3083.0,125.0,124.97
Quillayute Valley School District (WA),1.0,2017-18,0.17,2956.0,123.0,123.27
Quillayute Valley School District (WA),1.0,2018-19,0.14,3283.0,158.0,158.14
Quillayute Valley School District (WA),1.0,2019-20,0.14,3378.0,175.0,174.79
Quillayute Valley School District (WA),1.0,2020-21,0.17,3367.0,178.0,177.96
Quillayute Valley School District (WA),1.0,2021-22,0.17,2696.0,200.0,199.53
Quillayute Valley School District (WA),1.0,2022-23,0.17,2473.0,181.0,181.0
Quillayute Valley School District (WA),1.0,2023-24,0.17,3439.0,162.0,162.39
Quillayute Valley School District (WA),0.0,2024-25,,,,164.76
Quincy School District (WA),0.92,2015-16,0.13,3177.0,181.0,166.36
Quincy School District (WA),0.92,2016-17,0.13,3253.0,186.0,171.52
Quincy School District (WA),0.88,2017-18,0.13,3411.0,200.0,176.38
Quincy School District (WA),1.88,2018-19,0.27,1610.0,92.0,173.11
Quincy School District (WA),2.0,2019-20,0.25,1517.0,90.0,180.17
Quincy School District (WA),2.0,2020-21,0.22,1525.0,90.0,180.25
Quincy School District (WA),2.0,2021-22,0.22,1563.0,91.0,181.21
Quincy School District (WA),2.0,2022-23,0.22,1542.0,101.0,201.0
Quincy School District (WA),2.0,2023-24,0.22,1601.0,101.0,201.28
Quincy School District (WA),2.0,2024-25,0.22,1581.0,96.0,192.82
Rainier School District (WA),1.0,2015-16,0.33,804.0,46.0,45.89
Rainier School District (WA),1.0,2016-17,0.33,812.0,46.0,46.43
Rainier School District (WA),1.0,2017-18,0.33,878.0,48.0,48.0
Rainier School District (WA),1.0,2018-19,0.33,899.0,49.0,48.99
Rainier School District (WA),1.0,2019-20,0.33,922.0,51.0,50.62
Rainier School District (WA),1.0,2020-21,0.33,888.0,52.0,52.0
Rainier School District (WA),1.0,2021-22,0.33,918.0,51.0,51.0
Rainier School District (WA),1.0,2022-23,0.33,931.0,57.0,57.0
Rainier School District (WA),1.0,2023-24,0.33,979.0,57.0,57.0
Rainier School District (WA),1.0,2024-25,0.33,1017.0,57.0,56.86
Raymond School District (WA),0.0,2015-16,0.0,,,39.99
Raymond School District (WA),0.0,2016-17,0.0,,,39.99
Raymond School District (WA),0.0,2017-18,0.0,,,38.16
Raymond School District (WA),0.0,2018-19,0.0,,,37.01
Raymond School District (WA),0.0,2019-20,0.0,,,36.0
Raymond School District (WA),0.0,2020-21,0.0,,,36.29
Raymond School District (WA),0.0,2021-22,0.0,,,32.59
Raymond School District (WA),0.0,2022-23,0.0,,,35.0
Raymond School District (WA),0.0,2023-24,,,,37.36
Raymond School District (WA),0.0,2024-25,,,,30.63
Reardan-Edwall School District (WA),1.0,2015-16,0.33,544.0,32.0,32.48
Reardan-Edwall School District (WA),0.0,2016-17,0.0,,,30.73
Reardan-Edwall School District (WA),0.0,2017-18,0.0,,,28.08
Reardan-Edwall School District (WA),0.0,2018-19,0.0,,,32.01
Reardan-Edwall School District (WA),0.0,2019-20,0.0,,,34.58
Reardan-Edwall School District (WA),0.0,2020-21,0.0,,,37.34
Reardan-Edwall School District (WA),0.0,2021-22,0.0,,,42.1
Reardan-Edwall School District (WA),0.0,2022-23,0.0,,,42.0
Reardan-Edwall School District (WA),0.0,2023-24,,,,43.34
Reardan-Edwall School District (WA),0.0,2024-25,,,,46.28
Renton School District (WA),20.5,2015-16,0.71,778.0,40.0,817.48
Renton School District (WA),20.5,2016-17,0.71,773.0,40.0,819.07
Renton School District (WA),21.0,2017-18,0.75,766.0,39.0,821.59
Renton School District (WA),22.0,2018-19,0.76,747.0,39.0,850.16
Renton School District (WA),23.0,2019-20,0.79,704.0,38.0,867.47
Renton School District (WA),23.0,2020-21,0.77,678.0,37.0,842.24
Renton School District (WA),22.99,2021-22,0.77,666.0,35.0,798.7
Renton School District (WA),22.25,2022-23,0.74,684.0,37.0,825.0
Renton School District (WA),22.42,2023-24,0.72,673.0,37.0,834.64
Renton School District (WA),23.5,2024-25,0.76,633.0,34.0,803.58
Republic School District (WA),0.0,2015-16,0.0,,,23.97
Republic School District (WA),0.0,2016-17,0.0,,,24.37
Republic School District (WA),0.0,2017-18,0.0,,,27.03
Republic School District (WA),0.0,2018-19,0.0,,,27.09
Republic School District (WA),0.0,2019-20,0.0,,,20.99
Republic School District (WA),0.0,2020-21,0.0,,,19.75
Republic School District (WA),0.0,2021-22,0.0,,,21.5
Republic School District (WA),0.0,2022-23,0.0,,,24.0
Republic School District (WA),0.0,2023-24,,,,23.74
Republic School District (WA),0.0,2024-25,,,,23.5
Richland School District (WA),15.4,2015-16,0.81,858.0,39.0,604.11
Richland School District (WA),15.52,2016-17,0.82,873.0,42.0,652.6
Richland School District (WA),16.42,2017-18,0.82,840.0,41.0,666.15
Richland School District (WA),6.0,2018-19,0.29,2328.0,118.0,706.27
Richland School District (WA),7.01,2019-20,0.33,2029.0,102.0,713.02
Richland School District (WA),7.0,2020-21,0.33,1942.0,99.0,695.51
Richland School District (WA),7.0,2021-22,0.32,1976.0,96.0,668.86
Richland School District (WA),6.0,2022-23,0.26,2325.0,122.0,731.0
Richland School District (WA),7.99,2023-24,0.35,1790.0,93.0,746.68
Richland School District (WA),8.0,2024-25,0.35,1801.0,91.0,728.78
Ridgefield School District (WA),2.0,2015-16,0.5,1250.0,54.0,107.35
Ridgefield School District (WA),2.0,2016-17,0.5,1403.0,62.0,123.41
Ridgefield School District (WA),3.0,2017-18,0.75,1019.0,52.0,156.58
Ridgefield School District (WA),3.0,2018-19,0.6,1072.0,56.0,168.41
Ridgefield School District (WA),3.0,2019-20,0.5,1166.0,60.0,181.11
Ridgefield School District (WA),3.0,2020-21,0.5,1128.0,61.0,184.47
Ridgefield School District (WA),3.0,2021-22,0.43,1282.0,63.0,187.76
Ridgefield School District (WA),3.0,2022-23,0.43,1329.0,74.0,221.0
Ridgefield School District (WA),3.0,2023-24,0.43,1373.0,76.0,227.51
Ridgefield School District (WA),3.0,2024-25,0.43,1432.0,75.0,225.53
Ritzville School District (WA),0.0,2015-16,0.0,,,23.54
Ritzville School District (WA),0.0,2016-17,0.0,,,23.36
Ritzville School District (WA),0.0,2017-18,0.0,,,24.04
Ritzville School District (WA),0.0,2018-19,0.0,,,24.05
Ritzville School District (WA),0.0,2019-20,0.0,,,23.51
Ritzville School District (WA),0.0,2020-21,0.0,,,23.5
Ritzville School District (WA),0.0,2021-22,0.0,,,23.51
Ritzville School District (WA),0.0,2022-23,0.0,,,25.0
Ritzville School District (WA),0.0,2023-24,,,,25.38
Ritzville School District (WA),0.0,2024-25,,,,24.52
Riverside School District (WA),0.9,2015-16,0.18,1634.0,93.0,83.58
Riverside School District (WA),0.9,2016-17,0.18,1648.0,97.0,87.08
Riverside School District (WA),0.9,2017-18,0.18,1582.0,96.0,86.57
Riverside School District (WA),0.7,2018-19,0.14,2074.0,121.0,84.71
Riverside School District (WA),0.7,2019-20,0.14,2220.0,120.0,84.07
Riverside School District (WA),0.0,2020-21,0.0,,,85.63
Riverside School District (WA),0.0,2021-22,0.0,,,82.75
Riverside School District (WA),0.0,2022-23,0.0,,,90.0
Riverside School District (WA),0.0,2023-24,,,,89.3
Riverside School District (WA),0.0,2024-25,,,,89.3
Riverview School District (WA),5.0,2015-16,0.56,655.0,34.0,168.83
Riverview School District (WA),5.27,2016-17,0.59,639.0,32.0,168.08
Riverview School District (WA),5.44,2017-18,0.6,628.0,31.0,169.88
Riverview School District (WA),5.66,2018-19,0.63,615.0,31.0,177.2
Riverview School District (WA),4.99,2019-20,0.55,682.0,37.0,183.63
Riverview School District (WA),5.2,2020-21,0.58,597.0,35.0,182.58
Riverview School District (WA),5.0,2021-22,0.56,612.0,36.0,177.96
Riverview School District (WA),4.99,2022-23,0.55,623.0,34.0,172.0
Riverview School District (WA),4.99,2023-24,0.62,612.0,34.0,167.56
Riverview School District (WA),5.0,2024-25,0.63,599.0,34.0,170.27
Rochester School District (WA),0.0,2015-16,0.0,,,122.69
Rochester School District (WA),0.0,2016-17,0.0,,,127.83
Rochester School District (WA),0.0,2017-18,0.0,,,132.01
Rochester School District (WA),0.0,2018-19,0.0,,,132.47
Rochester School District (WA),0.0,2019-20,0.0,,,127.81
Rochester School District (WA),0.0,2020-21,0.0,,,119.21
Rochester School District (WA),0.0,2021-22,0.0,,,132.63
Rochester School District (WA),0.0,2022-23,0.0,,,130.0
Rochester School District (WA),0.0,2023-24,,,,124.23
Rochester School District (WA),0.0,2024-25,,,,115.41
Roosevelt School District (WA),0.0,2015-16,0.0,,,1.97
Roosevelt School District (WA),0.0,2016-17,0.0,,,2.0
Roosevelt School District (WA),0.0,2017-18,0.0,,,1.88
Roosevelt School District (WA),0.0,2018-19,0.0,,,2.0
Roosevelt School District (WA),0.0,2019-20,0.0,,,1.9
Roosevelt School District (WA),0.0,2020-21,0.0,,,2.01
Roosevelt School District (WA),0.0,2021-22,0.0,,,3.0
Roosevelt School District (WA),0.0,2022-23,0.0,,,3.0
Roosevelt School District (WA),0.0,2023-24,,,,3.0
Roosevelt School District (WA),0.0,2024-25,,,,3.0
Rosalia School District (WA),0.0,2015-16,0.0,,,17.57
Rosalia School District (WA),0.0,2016-17,0.0,,,17.31
Rosalia School District (WA),0.0,2017-18,0.0,,,17.58
Rosalia School District (WA),0.0,2018-19,0.0,,,17.62
Rosalia School District (WA),0.0,2019-20,0.0,,,17.59
Rosalia School District (WA),0.0,2020-21,0.0,,,15.98
Rosalia School District (WA),0.0,2021-22,0.0,,,17.5
Rosalia School District (WA),0.0,2022-23,0.0,,,17.0
Rosalia School District (WA),0.0,2023-24,,,,17.01
Rosalia School District (WA),0.0,2024-25,,,,16.36
Royal School District (WA),2.75,2015-16,0.69,633.0,32.0,87.66
Royal School District (WA),1.99,2016-17,0.5,884.0,47.0,93.96
Royal School District (WA),1.99,2017-18,0.5,887.0,47.0,93.44
Royal School District (WA),1.99,2018-19,0.5,877.0,48.0,94.63
Royal School District (WA),1.99,2019-20,0.5,887.0,51.0,100.64
Royal School District (WA),1.99,2020-21,0.5,889.0,50.0,98.94
Royal School District (WA),2.0,2021-22,0.5,896.0,52.0,103.0
Royal School District (WA),2.0,2022-23,0.5,882.0,53.0,106.0
Royal School District (WA),2.0,2023-24,0.5,881.0,51.0,101.0
Royal School District (WA),2.0,2024-25,0.5,885.0,49.0,98.0
San Juan Island School District (WA),0.8,2015-16,0.2,1005.0,55.0,43.98
San Juan Island School District (WA),1.0,2016-17,0.25,807.0,48.0,47.72
San Juan Island School District (WA),1.0,2017-18,0.25,786.0,46.0,46.37
San Juan Island School District (WA),1.0,2018-19,0.25,788.0,49.0,48.64
San Juan Island School District (WA),1.0,2019-20,0.2,816.0,44.0,44.42
San Juan Island School District (WA),1.0,2020-21,0.2,771.0,47.0,47.48
San Juan Island School District (WA),1.0,2021-22,0.2,769.0,49.0,49.18
San Juan Island School District (WA),1.0,2022-23,0.2,782.0,51.0,51.0
San Juan Island School District (WA),1.0,2023-24,0.2,802.0,49.0,49.15
San Juan Island School District (WA),1.0,2024-25,0.17,797.0,52.0,52.11
Satsop School District (WA),0.0,2015-16,0.0,,,3.49
Satsop School District (WA),0.0,2016-17,0.0,,,3.52
Satsop School District (WA),0.0,2017-18,0.0,,,3.53
Satsop School District (WA),0.0,2018-19,0.0,,,3.43
Satsop School District (WA),0.0,2019-20,0.0,,,3.41
Satsop School District (WA),0.0,2020-21,0.0,,,3.44
Satsop School District (WA),0.0,2021-22,0.0,,,3.43
Satsop School District (WA),0.0,2022-23,0.0,,,4.0
Satsop School District (WA),0.0,2023-24,,,,3.61
Satsop School District (WA),0.0,2024-25,,,,3.75
Seattle Public Schools (WA),61.5,2015-16,0.57,867.0,49.0,3043.21
Seattle Public Schools (WA),61.86,2016-17,0.58,876.0,50.0,3105.1
Seattle Public Schools (WA),64.98,2017-18,0.59,840.0,48.0,3149.23
Seattle Public Schools (WA),67.36,2018-19,0.62,821.0,49.0,3319.6
Seattle Public Schools (WA),67.7,2019-20,0.62,827.0,48.0,3238.68
Seattle Public Schools (WA),69.01,2020-21,0.63,782.0,49.0,3377.56
Seattle Public Schools (WA),66.49,2021-22,0.61,774.0,47.0,3110.54
Seattle Public Schools (WA),68.21,2022-23,0.63,751.0,46.0,3166.0
Seattle Public Schools (WA),66.9,2023-24,0.61,759.0,46.0,3082.84
Seattle Public Schools (WA),66.99,2024-25,0.62,758.0,46.0,3073.77
Sedro-Woolley School District (WA),1.7,2015-16,0.15,2559.0,140.0,237.7
Sedro-Woolley School District (WA),3.64,2016-17,0.3,1221.0,70.0,254.38
Sedro-Woolley School District (WA),3.65,2017-18,0.3,1227.0,71.0,260.71
Sedro-Woolley School District (WA),3.65,2018-19,0.3,1287.0,74.0,269.32
Sedro-Woolley School District (WA),3.74,2019-20,0.31,1253.0,73.0,273.82
Sedro-Woolley School District (WA),1.2,2020-21,0.1,3630.0,210.0,252.45
Sedro-Woolley School District (WA),0.9,2021-22,0.07,4930.0,263.0,236.5
Sedro-Woolley School District (WA),0.9,2022-23,0.07,5103.0,279.0,251.0
Sedro-Woolley School District (WA),1.1,2023-24,0.09,4127.0,228.0,250.71
Sedro-Woolley School District (WA),1.1,2024-25,0.09,4182.0,221.0,243.02
Selah School District (WA),2.0,2015-16,0.25,1809.0,98.0,196.42
Selah School District (WA),2.0,2016-17,0.25,1853.0,106.0,212.56
Selah School District (WA),1.0,2017-18,0.13,3742.0,214.0,214.2
Selah School District (WA),1.0,2018-19,0.13,3848.0,221.0,220.64
Selah School District (WA),1.0,2019-20,0.1,3910.0,214.0,213.68
Selah School District (WA),0.0,2020-21,0.0,,,218.38
Selah School District (WA),0.0,2021-22,0.0,,,224.68
Selah School District (WA),0.0,2022-23,0.0,,,221.0
Selah School District (WA),0.0,2023-24,,,,229.92
Selah School District (WA),0.0,2024-25,,,,221.95
Selkirk School District (WA),0.0,2015-16,0.0,,,16.78
Selkirk School District (WA),0.0,2016-17,0.0,,,18.65
Selkirk School District (WA),0.0,2017-18,0.0,,,20.08
Selkirk School District (WA),0.0,2018-19,0.0,,,18.04
Selkirk School District (WA),0.0,2019-20,0.0,,,19.39
Selkirk School District (WA),0.0,2020-21,0.0,,,19.7
Selkirk School District (WA),0.0,2021-22,0.0,,,19.85
Selkirk School District (WA),0.0,2022-23,0.0,,,20.0
Selkirk School District (WA),0.0,2023-24,,,,21.01
Selkirk School District (WA),0.0,2024-25,,,,20.19
Sequim School District (WA),4.0,2015-16,0.8,711.0,39.0,155.02
Sequim School District (WA),4.0,2016-17,0.8,720.0,39.0,156.24
Sequim School District (WA),4.0,2017-18,0.8,703.0,41.0,163.06
Sequim School District (WA),4.0,2018-19,0.8,692.0,40.0,161.08
Sequim School District (WA),4.0,2019-20,0.8,688.0,40.0,160.94
Sequim School District (WA),3.94,2020-21,0.66,642.0,39.0,152.6
Sequim School District (WA),3.94,2021-22,0.66,657.0,38.0,149.29
Sequim School District (WA),4.92,2022-23,0.82,529.0,31.0,152.0
Sequim School District (WA),3.54,2023-24,0.59,738.0,41.0,145.01
Sequim School District (WA),2.56,2024-25,0.43,1008.0,56.0,144.47
Shaw Island School District (WA),0.0,2015-16,0.0,,,2.0
Shaw Island School District (WA),0.0,2016-17,0.0,,,0.99
Shaw Island School District (WA),0.0,2017-18,0.0,,,0.99
Shaw Island School District (WA),0.0,2018-19,0.0,,,1.73
Shaw Island School District (WA),0.0,2019-20,0.0,,,1.0
Shaw Island School District (WA),0.0,2020-21,0.0,,,1.8
Shaw Island School District (WA),0.0,2021-22,0.0,,,2.0
Shaw Island School District (WA),0.0,2022-23,0.0,,,2.0
Shaw Island School District (WA),0.0,2023-24,,,,2.0
Shaw Island School District (WA),0.0,2024-25,,,,0.66
Shelton School District (WA),4.0,2015-16,0.5,1079.0,62.0,249.97
Shelton School District (WA),4.0,2016-17,0.5,1107.0,64.0,256.19
Shelton School District (WA),4.0,2017-18,0.5,1096.0,67.0,266.24
Shelton School District (WA),4.0,2018-19,0.44,1140.0,67.0,267.18
Shelton School District (WA),1.6,2019-20,0.18,2955.0,175.0,279.86
Shelton School District (WA),1.6,2020-21,0.16,2729.0,173.0,277.16
Shelton School District (WA),1.6,2021-22,0.16,2755.0,163.0,260.77
Shelton School District (WA),1.6,2022-23,0.16,2838.0,171.0,273.0
Shelton School District (WA),1.6,2023-24,0.16,2829.0,172.0,275.61
Shelton School District (WA),1.6,2024-25,0.16,2823.0,171.0,273.6
Shoreline School District (WA),12.69,2015-16,0.67,744.0,36.0,457.14
Shoreline School District (WA),13.5,2016-17,0.71,715.0,35.0,465.94
Shoreline School District (WA),14.0,2017-18,0.74,704.0,34.0,474.52
Shoreline School District (WA),14.2,2018-19,0.75,697.0,34.0,481.23
Shoreline School District (WA),14.5,2019-20,0.76,705.0,35.0,507.46
Shoreline School District (WA),11.14,2020-21,0.62,855.0,43.0,482.48
Shoreline School District (WA),10.67,2021-22,0.59,889.0,43.0,462.43
Shoreline School District (WA),9.97,2022-23,0.55,959.0,47.0,472.0
Shoreline School District (WA),9.57,2023-24,0.53,1004.0,50.0,478.91
Shoreline School District (WA),9.48,2024-25,0.53,1025.0,51.0,482.67
Skamania School District (WA),0.0,2015-16,0.0,,,5.6
Skamania School District (WA),0.0,2016-17,0.0,,,4.63
Skamania School District (WA),0.0,2017-18,0.0,,,5.66
Skamania School District (WA),0.0,2018-19,0.0,,,5.63
Skamania School District (WA),0.0,2019-20,0.0,,,4.63
Skamania School District (WA),0.0,2020-21,0.0,,,5.6
Skamania School District (WA),0.0,2021-22,0.0,,,6.46
Skamania School District (WA),0.0,2022-23,0.0,,,6.0
Skamania School District (WA),0.0,2023-24,,,,6.69
Skamania School District (WA),0.0,2024-25,,,,7.04
Skykomish School District (WA),0.0,2015-16,0.0,,,9.82
Skykomish School District (WA),0.0,2016-17,0.0,,,8.6
Skykomish School District (WA),0.0,2017-18,0.0,,,8.5
Skykomish School District (WA),0.0,2018-19,0.0,,,9.5
Skykomish School District (WA),0.0,2019-20,0.0,,,9.0
Skykomish School District (WA),0.0,2020-21,0.0,,,9.0
Skykomish School District (WA),0.0,2021-22,0.0,,,10.0
Skykomish School District (WA),0.0,2022-23,0.0,,,9.0
Skykomish School District (WA),0.0,2023-24,,,,9.0
Skykomish School District (WA),0.0,2024-25,,,,9.0
Snohomish School District (WA),13.8,2015-16,0.73,736.0,33.0,460.93
Snohomish School District (WA),13.82,2016-17,0.73,738.0,35.0,476.98
Snohomish School District (WA),13.82,2017-18,0.73,731.0,36.0,492.88
Snohomish School District (WA),13.82,2018-19,0.73,730.0,36.0,496.31
Snohomish School District (WA),13.6,2019-20,0.76,741.0,36.0,489.63
Snohomish School District (WA),8.14,2020-21,0.45,1157.0,60.0,487.69
Snohomish School District (WA),6.49,2021-22,0.36,1438.0,72.0,466.98
Snohomish School District (WA),6.65,2022-23,0.37,1416.0,74.0,493.0
Snohomish School District (WA),6.65,2023-24,0.37,1449.0,74.0,493.52
Snohomish School District (WA),6.24,2024-25,0.35,1560.0,80.0,501.4
Snoqualmie Valley School District (WA),5.5,2015-16,0.46,1254.0,59.0,326.61
Snoqualmie Valley School District (WA),6.42,2016-17,0.49,1106.0,53.0,337.77
Snoqualmie Valley School District (WA),6.56,2017-18,0.5,1091.0,53.0,349.93
Snoqualmie Valley School District (WA),6.0,2018-19,0.46,1202.0,63.0,377.89
Snoqualmie Valley School District (WA),6.0,2019-20,0.43,1226.0,64.0,384.38
Snoqualmie Valley School District (WA),6.0,2020-21,0.43,1167.0,65.0,389.52
Snoqualmie Valley School District (WA),5.0,2021-22,0.36,1436.0,73.0,366.99
Snoqualmie Valley School District (WA),6.0,2022-23,0.43,1181.0,68.0,410.0
Snoqualmie Valley School District (WA),7.0,2023-24,0.54,1023.0,56.0,391.87
Snoqualmie Valley School District (WA),6.0,2024-25,0.46,1191.0,65.0,389.93
Soap Lake School District (WA),0.0,2015-16,0.0,,,30.54
Soap Lake School District (WA),0.0,2016-17,0.0,,,33.02
Soap Lake School District (WA),0.0,2017-18,0.0,,,31.88
Soap Lake School District (WA),0.0,2018-19,0.0,,,30.79
Soap Lake School District (WA),0.0,2019-20,0.0,,,35.69
Soap Lake School District (WA),0.0,2020-21,0.0,,,35.84
Soap Lake School District (WA),0.0,2021-22,0.0,,,36.0
Soap Lake School District (WA),0.0,2022-23,0.0,,,35.0
Soap Lake School District (WA),0.0,2023-24,,,,35.59
Soap Lake School District (WA),0.0,2024-25,,,,31.0
South Bend School District (WA),0.71,2015-16,0.18,856.0,52.0,37.05
South Bend School District (WA),0.8,2016-17,0.2,761.0,45.0,35.7
South Bend School District (WA),0.66,2017-18,0.17,917.0,56.0,36.85
South Bend School District (WA),0.66,2018-19,0.17,986.0,56.0,37.03
South Bend School District (WA),0.67,2019-20,0.17,954.0,52.0,35.16
South Bend School District (WA),0.5,2020-21,0.13,1306.0,66.0,32.95
South Bend School District (WA),0.67,2021-22,0.17,843.0,53.0,35.81
South Bend School District (WA),0.67,2022-23,0.17,860.0,57.0,38.0
South Bend School District (WA),0.66,2023-24,0.17,942.0,53.0,34.69
South Bend School District (WA),0.75,2024-25,0.11,1469.0,47.0,35.61
South Kitsap School District (WA),7.86,2015-16,0.46,1240.0,66.0,519.67
South Kitsap School District (WA),8.29,2016-17,0.49,1197.0,61.0,504.68
South Kitsap School District (WA),8.54,2017-18,0.5,1166.0,62.0,529.68
South Kitsap School District (WA),8.04,2018-19,0.47,1220.0,68.0,546.88
South Kitsap School District (WA),8.3,2019-20,0.46,1203.0,68.0,562.57
South Kitsap School District (WA),8.43,2020-21,0.47,1202.0,67.0,561.53
South Kitsap School District (WA),8.13,2021-22,0.45,1202.0,68.0,551.99
South Kitsap School District (WA),8.12,2022-23,0.48,1133.0,67.0,543.0
South Kitsap School District (WA),8.12,2023-24,0.48,1145.0,68.0,554.08
South Kitsap School District (WA),8.19,2024-25,0.48,1139.0,69.0,563.64
South Whidbey School District (WA),0.0,2015-16,0.0,,,79.02
South Whidbey School District (WA),0.0,2016-17,0.0,,,71.55
South Whidbey School District (WA),1.0,2017-18,0.2,1402.0,75.0,75.09
South Whidbey School District (WA),1.0,2018-19,0.2,1363.0,77.0,77.22
South Whidbey School District (WA),1.0,2019-20,0.2,1358.0,69.0,68.97
South Whidbey School District (WA),0.5,2020-21,0.1,2508.0,136.0,67.87
South Whidbey School District (WA),0.5,2021-22,0.1,2406.0,139.0,69.36
South Whidbey School District (WA),0.0,2022-23,0.0,,,67.0
South Whidbey School District (WA),0.0,2023-24,,,,64.11
South Whidbey School District (WA),0.0,2024-25,,,,63.55
Southside School District (WA),0.0,2015-16,0.0,,,11.0
Southside School District (WA),0.0,2016-17,0.0,,,11.02
Southside School District (WA),0.0,2017-18,0.0,,,12.14
Southside School District (WA),0.0,2018-19,0.0,,,12.34
Southside School District (WA),0.0,2019-20,0.0,,,13.79
Southside School District (WA),0.0,2020-21,0.0,,,12.8
Southside School District (WA),0.0,2021-22,0.0,,,14.64
Southside School District (WA),0.0,2022-23,0.0,,,14.0
Southside School District (WA),0.0,2023-24,,,,14.66
Southside School District (WA),0.0,2024-25,,,,14.45
Spokane School District (WA),36.3,2015-16,0.57,838.0,51.0,1861.41
Spokane School District (WA),36.2,2016-17,0.57,850.0,51.0,1843.8
Spokane School District (WA),11.07,2017-18,0.17,2708.0,172.0,1903.62
Spokane School District (WA),11.0,2018-19,0.17,2748.0,174.0,1913.35
Spokane School District (WA),0.0,2019-20,0.0,,,1807.81
Spokane School District (WA),0.0,2020-21,0.0,,,1743.47
Spokane School District (WA),10.6,2021-22,0.16,2671.0,178.0,1884.34
Spokane School District (WA),1.0,2022-23,0.01,28714.0,2067.0,2067.0
Spokane School District (WA),0.0,2023-24,,,,1999.91
Spokane School District (WA),0.0,2024-25,,,,1950.37
Sprague School District (WA),0.0,2015-16,0.0,,,9.18
Sprague School District (WA),0.0,2016-17,0.0,,,9.28
Sprague School District (WA),0.0,2017-18,0.0,,,9.34
Sprague School District (WA),0.0,2018-19,0.0,,,9.5
Sprague School District (WA),0.0,2019-20,0.0,,,10.34
Sprague School District (WA),0.0,2020-21,0.0,,,11.35
Sprague School District (WA),0.0,2021-22,0.0,,,12.83
Sprague School District (WA),0.0,2022-23,0.0,,,11.0
Sprague School District (WA),0.0,2023-24,,,,11.15
Sprague School District (WA),0.0,2024-25,,,,11.0
St. John School District (WA),0.0,2015-16,0.0,,,13.11
St. John School District (WA),0.0,2016-17,0.0,,,15.06
St. John School District (WA),0.0,2017-18,0.0,,,15.09
St. John School District (WA),0.0,2018-19,0.0,,,15.0
St. John School District (WA),0.0,2019-20,0.0,,,15.29
St. John School District (WA),0.0,2020-21,0.0,,,14.2
St. John School District (WA),0.0,2021-22,0.0,,,14.04
St. John School District (WA),0.0,2022-23,0.0,,,15.0
St. John School District (WA),0.0,2023-24,,,,14.81
St. John School District (WA),0.0,2024-25,,,,13.0
Stanwood-Camano School District (WA),4.8,2015-16,0.44,941.0,45.0,217.26
Stanwood-Camano School District (WA),5.3,2016-17,0.48,869.0,42.0,222.74
Stanwood-Camano School District (WA),6.3,2017-18,0.57,725.0,36.0,227.78
Stanwood-Camano School District (WA),5.3,2018-19,0.48,886.0,44.0,233.38
Stanwood-Camano School District (WA),1.0,2019-20,0.09,4883.0,253.0,253.41
Stanwood-Camano School District (WA),1.0,2020-21,0.09,4624.0,246.0,245.6
Stanwood-Camano School District (WA),2.0,2021-22,0.18,2321.0,122.0,244.57
Stanwood-Camano School District (WA),2.0,2022-23,0.18,2406.0,130.0,259.0
Stanwood-Camano School District (WA),1.0,2023-24,0.09,4861.0,252.0,252.12
Stanwood-Camano School District (WA),1.0,2024-25,0.09,4880.0,253.0,252.59
Star School District No. 054 (WA),0.0,2015-16,0.0,,,2.0
Star School District No. 054 (WA),0.0,2016-17,0.0,,,2.0
Star School District No. 054 (WA),0.0,2017-18,0.0,,,2.0
Star School District No. 054 (WA),0.0,2018-19,0.0,,,2.0
Star School District No. 054 (WA),0.0,2019-20,0.0,,,2.0
Star School District No. 054 (WA),0.0,2020-21,0.0,,,2.0
Star School District No. 054 (WA),0.0,2021-22,0.0,,,2.0
Star School District No. 054 (WA),0.0,2022-23,,,,0.0
Star School District No. 054 (WA),0.0,2023-24,,,,0.0
Star School District No. 054 (WA),0.0,2024-25,,,,0.0
Starbuck School District (WA),0.0,2015-16,0.0,,,2.45
Starbuck School District (WA),0.0,2016-17,0.0,,,3.0
Starbuck School District (WA),0.0,2017-18,0.0,,,2.0
Starbuck School District (WA),0.0,2018-19,0.0,,,3.0
Starbuck School District (WA),0.0,2019-20,0.0,,,3.0
Starbuck School District (WA),0.0,2020-21,0.0,,,4.0
Starbuck School District (WA),0.0,2021-22,0.0,,,4.0
Starbuck School District (WA),0.0,2022-23,0.0,,,4.0
Starbuck School District (WA),0.0,2023-24,,,,3.0
Starbuck School District (WA),0.0,2024-25,,,,4.0
Stehekin School District (WA),0.0,2015-16,0.0,,,1.0
Stehekin School District (WA),0.0,2016-17,0.0,,,1.01
Stehekin School District (WA),0.0,2017-18,0.0,,,1.01
Stehekin School District (WA),0.0,2018-19,0.0,,,1.0
Stehekin School District (WA),0.0,2019-20,0.0,,,1.0
Stehekin School District (WA),0.0,2020-21,0.0,,,1.0
Stehekin School District (WA),0.0,2021-22,0.0,,,1.01
Stehekin School District (WA),0.0,2022-23,0.0,,,1.0
Stehekin School District (WA),0.0,2023-24,,,,2.01
Stehekin School District (WA),0.0,2024-25,,,,1.0
Steilacoom Hist. School District (WA),2.0,2015-16,0.22,1582.0,79.0,157.41
Steilacoom Hist. School District (WA),2.0,2016-17,0.22,1624.0,81.0,162.89
Steilacoom Hist. School District (WA),2.0,2017-18,0.22,1655.0,83.0,166.03
Steilacoom Hist. School District (WA),1.0,2018-19,0.1,3288.0,167.0,167.16
Steilacoom Hist. School District (WA),0.0,2019-20,0.0,,,174.25
Steilacoom Hist. School District (WA),0.0,2020-21,0.0,,,178.57
Steilacoom Hist. School District (WA),0.0,2021-22,0.0,,,170.22
Steilacoom Hist. School District (WA),0.0,2022-23,0.0,,,183.0
Steilacoom Hist. School District (WA),0.0,2023-24,,,,162.41
Steilacoom Hist. School District (WA),0.0,2024-25,,,,157.32
Steptoe School District (WA),0.0,2015-16,0.0,,,3.68
Steptoe School District (WA),0.0,2016-17,0.0,,,3.69
Steptoe School District (WA),0.0,2017-18,0.0,,,3.69
Steptoe School District (WA),0.0,2018-19,0.0,,,3.68
Steptoe School District (WA),0.0,2019-20,0.0,,,3.74
Steptoe School District (WA),0.0,2020-21,0.0,,,4.7
Steptoe School District (WA),0.0,2021-22,0.0,,,4.67
Steptoe School District (WA),0.0,2022-23,0.0,,,4.0
Steptoe School District (WA),0.0,2023-24,,,,3.65
Steptoe School District (WA),0.0,2024-25,,,,3.2
Stevenson-Carson School District (WA),0.0,2015-16,0.0,,,51.1
Stevenson-Carson School District (WA),0.0,2016-17,0.0,,,50.16
Stevenson-Carson School District (WA),0.0,2017-18,0.0,,,45.93
Stevenson-Carson School District (WA),0.0,2018-19,0.0,,,48.35
Stevenson-Carson School District (WA),0.0,2019-20,0.0,,,45.6
Stevenson-Carson School District (WA),0.0,2020-21,0.0,,,45.34
Stevenson-Carson School District (WA),0.0,2021-22,0.0,,,45.2
Stevenson-Carson School District (WA),0.0,2022-23,0.0,,,47.0
Stevenson-Carson School District (WA),0.0,2023-24,,,,47.95
Stevenson-Carson School District (WA),0.0,2024-25,,,,40.46
Sultan School District (WA),3.0,2015-16,0.43,658.0,35.0,103.57
Sultan School District (WA),3.0,2016-17,0.38,664.0,35.0,104.4
Sultan School District (WA),3.0,2017-18,0.38,670.0,37.0,110.62
Sultan School District (WA),3.0,2018-19,0.43,638.0,38.0,112.6
Sultan School District (WA),1.0,2019-20,0.14,1988.0,113.0,113.48
Sultan School District (WA),1.0,2020-21,0.11,1892.0,114.0,114.27
Sultan School District (WA),0.0,2021-22,0.0,,,115.95
Sultan School District (WA),0.0,2022-23,0.0,,,119.0
Sultan School District (WA),0.0,2023-24,,,,121.07
Sultan School District (WA),0.0,2024-25,,,,114.05
Summit Valley School District (WA),0.0,2015-16,0.0,,,5.49
Summit Valley School District (WA),0.0,2016-17,0.0,,,4.23
Summit Valley School District (WA),0.0,2017-18,0.0,,,4.37
Summit Valley School District (WA),0.0,2018-19,0.0,,,5.24
Summit Valley School District (WA),0.0,2019-20,0.0,,,5.15
Summit Valley School District (WA),0.0,2020-21,0.0,,,5.37
Summit Valley School District (WA),0.0,2021-22,0.0,,,4.79
Summit Valley School District (WA),0.0,2022-23,0.0,,,5.0
Summit Valley School District (WA),0.0,2023-24,,,,6.21
Summit Valley School District (WA),0.0,2024-25,,,,6.36
Sumner School District (WA),6.0,2015-16,0.43,1541.0,76.0,456.02
Sumner School District (WA),4.02,2016-17,0.29,2392.0,120.0,483.41
Sumner School District (WA),4.02,2017-18,0.29,2410.0,125.0,503.56
Sumner School District (WA),5.01,2018-19,0.33,2011.0,95.0,475.14
Sumner School District (WA),2.75,2019-20,0.18,3746.0,185.0,508.77
Sumner School District (WA),2.76,2020-21,0.18,3548.0,186.0,514.29
Sumner School District (WA),2.75,2021-22,0.18,3715.0,184.0,506.97
Sumner School District (WA),2.74,2022-23,0.18,3801.0,202.0,554.0
Sumner School District (WA),5.0,2023-24,0.33,2135.0,112.0,561.32
Sumner School District (WA),5.0,2024-25,0.33,2149.0,113.0,563.78
Sunnyside School District (WA),6.0,2015-16,0.67,1134.0,59.0,351.86
Sunnyside School District (WA),7.0,2016-17,0.78,976.0,50.0,348.93
Sunnyside School District (WA),8.0,2017-18,0.89,858.0,46.0,364.65
Sunnyside School District (WA),7.5,2018-19,0.83,912.0,49.0,365.88
Sunnyside School District (WA),7.5,2019-20,0.83,907.0,49.0,368.31
Sunnyside School District (WA),7.5,2020-21,0.83,895.0,49.0,364.56
Sunnyside School District (WA),7.0,2021-22,0.78,929.0,47.0,326.94
Sunnyside School District (WA),7.0,2022-23,0.78,910.0,51.0,360.0
Sunnyside School District (WA),6.67,2023-24,0.74,931.0,52.0,349.38
Sunnyside School District (WA),6.0,2024-25,0.67,1025.0,56.0,333.32
Suquamish Tribal Education Department (WA),0.0,2015-16,0.0,,,11.0
Suquamish Tribal Education Department (WA),0.0,2016-17,0.0,,,10.0
Suquamish Tribal Education Department (WA),0.0,2017-18,0.0,,,8.99
Suquamish Tribal Education Department (WA),0.0,2018-19,0.0,,,9.0
Suquamish Tribal Education Department (WA),0.0,2019-20,0.0,,,10.0
Suquamish Tribal Education Department (WA),0.0,2020-21,0.0,,,10.0
Suquamish Tribal Education Department (WA),0.0,2021-22,0.0,,,13.0
Suquamish Tribal Education Department (WA),0.0,2022-23,0.0,,,14.0
Suquamish Tribal Education Department (WA),0.0,2023-24,,,,11.0
Suquamish Tribal Education Department (WA),0.0,2024-25,,,,13.0
Tacoma School District (WA),45.73,2015-16,0.73,641.0,36.0,1630.05
Tacoma School District (WA),46.85,2016-17,0.71,621.0,35.0,1624.68
Tacoma School District (WA),46.45,2017-18,0.7,626.0,34.0,1601.93
Tacoma School District (WA),43.43,2018-19,0.66,697.0,37.0,1626.88
Tacoma School District (WA),37.82,2019-20,0.57,802.0,44.0,1648.35
Tacoma School District (WA),33.82,2020-21,0.5,848.0,48.0,1625.35
Tacoma School District (WA),39.25,2021-22,0.57,731.0,40.0,1561.15
Tacoma School District (WA),87.66,2022-23,1.27,323.0,19.0,1634.0
Tacoma School District (WA),37.3,2023-24,0.54,758.0,43.0,1603.29
Tacoma School District (WA),23.57,2024-25,0.35,1224.0,65.0,1538.18
Taholah School District (WA),0.0,2015-16,0.0,,,18.61
Taholah School District (WA),0.0,2016-17,0.0,,,15.85
Taholah School District (WA),1.0,2017-18,0.5,173.0,16.0,16.0
Taholah School District (WA),0.0,2018-19,0.0,,,15.19
Taholah School District (WA),0.0,2019-20,0.0,,,18.15
Taholah School District (WA),0.0,2020-21,0.0,,,17.95
Taholah School District (WA),0.2,2021-22,0.1,790.0,98.0,19.67
Taholah School District (WA),0.0,2022-23,0.0,,,17.0
Taholah School District (WA),0.0,2023-24,,,,18.8
Taholah School District (WA),0.0,2024-25,,,,19.43
Tahoma School District (WA),2.0,2015-16,0.25,4096.0,180.0,360.04
Tahoma School District (WA),2.0,2016-17,0.25,4179.0,181.0,362.25
Tahoma School District (WA),3.0,2017-18,0.33,2866.0,133.0,399.3
Tahoma School District (WA),3.0,2018-19,0.33,2969.0,139.0,418.12
Tahoma School District (WA),3.0,2019-20,0.3,3097.0,149.0,447.35
Tahoma School District (WA),3.0,2020-21,0.3,2922.0,152.0,456.37
Tahoma School District (WA),3.0,2021-22,0.3,2962.0,143.0,430.37
Tahoma School District (WA),3.0,2022-23,0.3,3037.0,158.0,475.0
Tahoma School District (WA),2.4,2023-24,0.24,3847.0,201.0,481.53
Tahoma School District (WA),2.4,2024-25,0.24,3848.0,194.0,466.76
Tekoa School District (WA),0.0,2015-16,0.0,,,17.13
Tekoa School District (WA),0.0,2016-17,0.0,,,16.19
Tekoa School District (WA),0.0,2017-18,0.0,,,17.18
Tekoa School District (WA),0.0,2018-19,0.0,,,17.17
Tekoa School District (WA),0.0,2019-20,0.0,,,17.26
Tekoa School District (WA),0.0,2020-21,0.0,,,17.24
Tekoa School District (WA),0.0,2021-22,0.0,,,15.3
Tekoa School District (WA),0.0,2022-23,0.0,,,12.0
Tekoa School District (WA),0.0,2023-24,,,,17.66
Tekoa School District (WA),0.0,2024-25,,,,17.37
Tenino School District (WA),0.5,2015-16,0.13,2416.0,136.0,68.21
Tenino School District (WA),0.5,2016-17,0.13,2492.0,135.0,67.61
Tenino School District (WA),0.5,2017-18,0.13,2526.0,140.0,70.05
Tenino School District (WA),0.2,2018-19,0.05,6570.0,346.0,69.23
Tenino School District (WA),0.0,2019-20,0.0,,,72.01
Tenino School District (WA),0.0,2020-21,0.0,,,70.86
Tenino School District (WA),0.0,2021-22,0.0,,,73.1
Tenino School District (WA),0.0,2022-23,0.0,,,79.0
Tenino School District (WA),0.0,2023-24,,,,78.68
Tenino School District (WA),0.0,2024-25,,,,72.37
Thorp School District (WA),0.0,2015-16,0.0,,,13.63
Thorp School District (WA),0.0,2016-17,0.0,,,14.04
Thorp School District (WA),0.0,2017-18,0.0,,,18.36
Thorp School District (WA),0.0,2018-19,0.0,,,17.8
Thorp School District (WA),0.0,2019-20,0.0,,,18.14
Thorp School District (WA),0.0,2020-21,0.0,,,20.51
Thorp School District (WA),0.0,2021-22,0.0,,,20.4
Thorp School District (WA),0.0,2022-23,0.0,,,20.0
Thorp School District (WA),0.0,2023-24,,,,20.8
Thorp School District (WA),0.0,2024-25,,,,20.37
Toledo School District (WA),0.15,2015-16,0.04,5053.0,266.0,39.85
Toledo School District (WA),0.25,2016-17,0.06,3128.0,167.0,41.82
Toledo School District (WA),0.25,2017-18,0.06,3228.0,175.0,43.76
Toledo School District (WA),0.25,2018-19,0.06,3196.0,179.0,44.79
Toledo School District (WA),0.25,2019-20,0.06,3460.0,193.0,48.29
Toledo School District (WA),0.25,2020-21,0.06,3156.0,185.0,46.27
Toledo School District (WA),0.25,2021-22,0.06,3256.0,184.0,45.98
Toledo School District (WA),0.25,2022-23,0.06,3372.0,192.0,48.0
Toledo School District (WA),0.25,2023-24,0.06,3428.0,199.0,49.74
Toledo School District (WA),0.25,2024-25,0.06,3624.0,206.0,51.55
Tonasket School District (WA),1.0,2015-16,0.33,1146.0,67.0,67.06
Tonasket School District (WA),1.0,2016-17,0.33,1177.0,67.0,66.84
Tonasket School District (WA),1.0,2017-18,0.33,1162.0,68.0,67.56
Tonasket School District (WA),1.0,2018-19,0.33,1201.0,67.0,67.4
Tonasket School District (WA),0.94,2019-20,0.19,1234.0,72.0,67.8
Tonasket School District (WA),0.94,2020-21,0.19,1204.0,72.0,67.7
Tonasket School District (WA),0.94,2021-22,0.19,1248.0,79.0,74.28
Tonasket School District (WA),0.94,2022-23,0.19,1240.0,77.0,72.0
Tonasket School District (WA),0.91,2023-24,0.18,1269.0,78.0,71.01
Tonasket School District (WA),0.9,2024-25,0.18,1227.0,75.0,67.17
Toppenish School District (WA),4.5,2015-16,0.5,979.0,46.0,207.29
Toppenish School District (WA),4.5,2016-17,0.5,950.0,44.0,197.73
Toppenish School District (WA),5.0,2017-18,0.56,831.0,40.0,199.81
Toppenish School District (WA),3.16,2018-19,0.35,1378.0,62.0,196.44
Toppenish School District (WA),4.0,2019-20,0.44,1117.0,50.0,201.74
Toppenish School District (WA),4.0,2020-21,0.44,1113.0,49.0,197.3
Toppenish School District (WA),4.0,2021-22,0.44,1069.0,49.0,197.78
Toppenish School District (WA),4.0,2022-23,0.44,1062.0,51.0,204.0
Toppenish School District (WA),4.0,2023-24,0.44,961.0,50.0,198.72
Toppenish School District (WA),1.0,2024-25,0.11,3646.0,187.0,187.03
Touchet School District (WA),0.0,2015-16,0.0,,,18.85
Touchet School District (WA),0.0,2016-17,0.0,,,18.4
Touchet School District (WA),0.0,2017-18,0.0,,,18.51
Touchet School District (WA),0.0,2018-19,0.0,,,19.5
Touchet School District (WA),0.0,2019-20,0.0,,,19.4
Touchet School District (WA),0.0,2020-21,0.0,,,19.4
Touchet School District (WA),0.0,2021-22,0.0,,,17.0
Touchet School District (WA),0.0,2022-23,0.0,,,20.0
Touchet School District (WA),0.0,2023-24,,,,20.0
Touchet School District (WA),0.0,2024-25,,,,18.05
Toutle Lake School District (WA),0.0,2015-16,0.0,,,33.47
Toutle Lake School District (WA),0.0,2016-17,0.0,,,34.8
Toutle Lake School District (WA),0.0,2017-18,0.0,,,34.79
Toutle Lake School District (WA),0.0,2018-19,0.0,,,35.8
Toutle Lake School District (WA),0.0,2019-20,0.0,,,36.8
Toutle Lake School District (WA),0.0,2020-21,0.0,,,34.8
Toutle Lake School District (WA),0.0,2021-22,0.0,,,37.63
Toutle Lake School District (WA),0.0,2022-23,0.0,,,39.0
Toutle Lake School District (WA),0.0,2023-24,,,,37.0
Toutle Lake School District (WA),0.0,2024-25,,,,34.8
Trout Lake School District (WA),0.0,2015-16,0.0,,,15.16
Trout Lake School District (WA),0.0,2016-17,0.0,,,15.57
Trout Lake School District (WA),0.0,2017-18,0.0,,,16.33
Trout Lake School District (WA),0.0,2018-19,0.0,,,16.31
Trout Lake School District (WA),0.0,2019-20,0.0,,,16.6
Trout Lake School District (WA),0.0,2020-21,0.0,,,16.34
Trout Lake School District (WA),0.0,2021-22,0.0,,,14.69
Trout Lake School District (WA),0.0,2022-23,0.0,,,16.0
Trout Lake School District (WA),0.0,2023-24,,,,15.0
Trout Lake School District (WA),0.0,2024-25,,,,14.78
Tukwila School District (WA),3.6,2015-16,0.51,844.0,47.0,170.7
Tukwila School District (WA),4.6,2016-17,0.66,649.0,36.0,166.76
Tukwila School District (WA),4.6,2017-18,0.66,643.0,35.0,162.58
Tukwila School District (WA),4.6,2018-19,0.58,662.0,34.0,157.82
Tukwila School District (WA),4.6,2019-20,0.58,657.0,35.0,159.26
Tukwila School District (WA),5.6,2020-21,0.7,484.0,29.0,161.73
Tukwila School District (WA),4.6,2021-22,0.58,548.0,33.0,149.93
Tukwila School District (WA),4.36,2022-23,0.55,623.0,37.0,162.0
Tukwila School District (WA),4.36,2023-24,0.55,649.0,36.0,157.31
Tukwila School District (WA),0.96,2024-25,0.12,3006.0,148.0,142.01
Tumwater School District (WA),8.5,2015-16,0.61,759.0,40.0,342.36
Tumwater School District (WA),9.52,2016-17,0.68,708.0,35.0,336.21
Tumwater School District (WA),3.8,2017-18,0.27,1793.0,93.0,351.6
Tumwater School District (WA),3.8,2018-19,0.27,1731.0,96.0,363.63
Tumwater School District (WA),3.8,2019-20,0.27,1709.0,96.0,366.19
Tumwater School District (WA),2.8,2020-21,0.19,2235.0,124.0,347.39
Tumwater School District (WA),2.8,2021-22,0.19,2295.0,121.0,339.14
Tumwater School District (WA),1.48,2022-23,0.1,4366.0,234.0,347.0
Tumwater School District (WA),1.32,2023-24,0.09,4759.0,258.0,340.22
Tumwater School District (WA),1.4,2024-25,0.1,4536.0,254.0,355.98
Union Gap School District (WA),0.0,2015-16,0.0,,,34.43
Union Gap School District (WA),0.0,2016-17,0.0,,,34.93
Union Gap School District (WA),0.0,2017-18,0.0,,,35.41
Union Gap School District (WA),0.0,2018-19,0.0,,,35.32
Union Gap School District (WA),0.0,2019-20,0.0,,,35.26
Union Gap School District (WA),0.0,2020-21,0.0,,,35.43
Union Gap School District (WA),0.0,2021-22,0.0,,,31.48
Union Gap School District (WA),0.0,2022-23,0.0,,,37.0
Union Gap School District (WA),0.0,2023-24,,,,38.0
Union Gap School District (WA),0.0,2024-25,,,,36.56
University Place School District (WA),6.0,2015-16,0.6,941.0,50.0,299.05
University Place School District (WA),6.0,2016-17,0.6,952.0,49.0,291.98
University Place School District (WA),6.01,2017-18,0.67,946.0,49.0,295.39
University Place School District (WA),6.01,2018-19,0.67,968.0,50.0,302.6
University Place School District (WA),6.0,2019-20,0.75,960.0,51.0,308.74
University Place School District (WA),1.0,2020-21,0.13,5661.0,311.0,310.91
University Place School District (WA),2.0,2021-22,0.25,2807.0,157.0,314.37
University Place School District (WA),2.0,2022-23,0.25,2810.0,156.0,312.0
University Place School District (WA),2.0,2023-24,0.25,2803.0,147.0,293.5
University Place School District (WA),2.0,2024-25,0.25,2818.0,148.0,295.93
Valley School District (WA),0.0,2015-16,0.0,,,34.16
Valley School District (WA),0.0,2016-17,0.0,,,36.25
Valley School District (WA),0.0,2017-18,0.0,,,36.28
Valley School District (WA),0.0,2018-19,0.0,,,42.07
Valley School District (WA),0.0,2019-20,0.0,,,43.15
Valley School District (WA),0.0,2020-21,0.0,,,51.45
Valley School District (WA),0.0,2021-22,0.0,,,48.97
Valley School District (WA),0.0,2022-23,0.0,,,51.0
Valley School District (WA),0.0,2023-24,,,,51.0
Valley School District (WA),0.0,2024-25,,,,52.99
Vancouver School District (WA),32.8,2015-16,0.78,717.0,38.0,1243.89
Vancouver School District (WA),32.8,2016-17,0.78,727.0,39.0,1274.39
Vancouver School District (WA),33.02,2017-18,0.79,717.0,40.0,1307.07
Vancouver School District (WA),32.02,2018-19,0.78,731.0,41.0,1311.37
Vancouver School District (WA),33.02,2019-20,0.81,707.0,39.0,1285.89
Vancouver School District (WA),26.08,2020-21,0.64,840.0,49.0,1270.7
Vancouver School District (WA),27.37,2021-22,0.67,790.0,45.0,1220.69
Vancouver School District (WA),28.02,2022-23,0.65,785.0,46.0,1283.0
Vancouver School District (WA),28.24,2023-24,0.63,777.0,45.0,1261.57
Vancouver School District (WA),20.92,2024-25,0.46,1041.0,54.0,1134.88
Vashon Island School District (WA),2.0,2015-16,0.4,794.0,40.0,79.0
Vashon Island School District (WA),3.0,2016-17,0.6,543.0,29.0,86.27
Vashon Island School District (WA),3.0,2017-18,0.6,533.0,28.0,84.91
Vashon Island School District (WA),3.0,2018-19,0.6,528.0,28.0,85.17
Vashon Island School District (WA),2.0,2019-20,0.4,765.0,41.0,81.37
Vashon Island School District (WA),2.0,2020-21,0.4,758.0,40.0,80.1
Vashon Island School District (WA),2.0,2021-22,0.4,760.0,39.0,78.5
Vashon Island School District (WA),1.9,2022-23,0.38,810.0,41.0,77.0
Vashon Island School District (WA),1.8,2023-24,0.36,818.0,42.0,75.75
Vashon Island School District (WA),0.8,2024-25,0.16,1835.0,92.0,73.89
Wa State Center For Childhood Deafness And Hearing Loss (WA),0.0,2015-16,0.0,,,0.0
Wa State Center For Childhood Deafness And Hearing Loss (WA),0.0,2016-17,0.0,,,0.0
Wa State Center For Childhood Deafness And Hearing Loss (WA),0.0,2017-18,0.0,,,0.0
Wa State Center For Childhood Deafness And Hearing Loss (WA),0.0,2018-19,0.0,,,0.0
Wa State Center For Childhood Deafness And Hearing Loss (WA),0.0,2019-20,0.0,,,0.0
Wa State Center For Childhood Deafness And Hearing Loss (WA),0.0,2020-21,0.0,,,0.0
Wa State Center For Childhood Deafness And Hearing Loss (WA),0.0,2021-22,0.0,,,0.0
Wa State Center For Childhood Deafness And Hearing Loss (WA),0.0,2022-23,0.0,,,0.0
Wa State Center For Childhood Deafness And Hearing Loss (WA),0.0,2023-24,,,,0.0
Wa State Center For Childhood Deafness And Hearing Loss (WA),0.0,2024-25,0.0,,,0.0
Wahkiakum School District (WA),0.0,2015-16,0.0,,,24.41
Wahkiakum School District (WA),0.0,2016-17,0.0,,,25.45
Wahkiakum School District (WA),0.0,2017-18,0.0,,,26.44
Wahkiakum School District (WA),0.0,2018-19,0.0,,,26.44
Wahkiakum School District (WA),0.0,2019-20,0.0,,,25.84
Wahkiakum School District (WA),0.0,2020-21,0.0,,,26.8
Wahkiakum School District (WA),0.0,2021-22,0.0,,,27.2
Wahkiakum School District (WA),0.0,2022-23,0.0,,,26.0
Wahkiakum School District (WA),0.0,2023-24,,,,24.22
Wahkiakum School District (WA),0.0,2024-25,,,,22.69
Wahluke School District (WA),0.0,2015-16,0.0,,,126.06
Wahluke School District (WA),0.0,2016-17,0.0,,,129.51
Wahluke School District (WA),0.0,2017-18,0.0,,,138.08
Wahluke School District (WA),0.0,2018-19,0.0,,,141.6
Wahluke School District (WA),0.0,2019-20,0.0,,,148.88
Wahluke School District (WA),0.0,2020-21,0.0,,,147.28
Wahluke School District (WA),0.0,2021-22,0.0,,,128.03
Wahluke School District (WA),0.0,2022-23,0.0,,,151.0
Wahluke School District (WA),0.0,2023-24,,,,143.51
Wahluke School District (WA),0.0,2024-25,,,,128.49
Waitsburg School District (WA),0.0,2015-16,0.0,,,20.0
Waitsburg School District (WA),0.0,2016-17,0.0,,,20.0
Waitsburg School District (WA),0.0,2017-18,0.0,,,20.01
Waitsburg School District (WA),0.0,2018-19,0.0,,,18.99
Waitsburg School District (WA),0.0,2019-20,0.0,,,17.97
Waitsburg School District (WA),0.0,2020-21,0.0,,,17.07
Waitsburg School District (WA),0.0,2021-22,0.0,,,15.85
Waitsburg School District (WA),0.0,2022-23,0.0,,,19.0
Waitsburg School District (WA),0.0,2023-24,,,,0.0
Waitsburg School District (WA),0.0,2024-25,,,,19.0
Walla Walla Public Schools (WA),4.5,2015-16,0.35,1319.0,76.0,340.9
Walla Walla Public Schools (WA),5.0,2016-17,0.36,1176.0,68.0,339.36
Walla Walla Public Schools (WA),2.0,2017-18,0.14,2898.0,166.0,331.9
Walla Walla Public Schools (WA),2.0,2018-19,0.14,2961.0,165.0,330.23
Walla Walla Public Schools (WA),2.0,2019-20,0.14,2933.0,165.0,330.2
Walla Walla Public Schools (WA),2.3,2020-21,0.14,2364.0,144.0,330.69
Walla Walla Public Schools (WA),2.2,2021-22,0.14,2531.0,152.0,335.0
Walla Walla Public Schools (WA),2.2,2022-23,0.14,2545.0,151.0,332.0
Walla Walla Public Schools (WA),2.2,2023-24,0.13,2515.0,148.0,325.94
Walla Walla Public Schools (WA),2.2,2024-25,0.13,2459.0,143.0,313.87
Wapato School District (WA),2.3,2015-16,0.38,1466.0,79.0,182.32
Wapato School District (WA),2.3,2016-17,0.38,1459.0,81.0,185.52
Wapato School District (WA),2.14,2017-18,0.36,1607.0,91.0,195.57
Wapato School District (WA),1.0,2018-19,0.14,3529.0,207.0,206.5
Wapato School District (WA),1.0,2019-20,0.13,3443.0,200.0,200.3
Wapato School District (WA),1.0,2020-21,0.13,3279.0,196.0,196.44
Wapato School District (WA),0.8,2021-22,0.1,4039.0,237.0,189.44
Wapato School District (WA),1.46,2022-23,0.13,2188.0,140.0,204.0
Wapato School District (WA),1.66,2023-24,0.15,1925.0,123.0,204.82
Wapato School District (WA),1.66,2024-25,0.15,1927.0,114.0,188.95
Warden School District (WA),1.0,2015-16,0.33,982.0,57.0,57.13
Warden School District (WA),1.0,2016-17,0.33,998.0,55.0,54.87
Warden School District (WA),1.0,2017-18,0.33,990.0,56.0,55.84
Warden School District (WA),1.0,2018-19,0.33,972.0,56.0,55.99
Warden School District (WA),1.0,2019-20,0.33,961.0,56.0,55.77
Warden School District (WA),1.0,2020-21,0.33,910.0,53.0,53.0
Warden School District (WA),1.0,2021-22,0.33,921.0,52.0,51.5
Warden School District (WA),1.0,2022-23,0.33,902.0,51.0,51.0
Warden School District (WA),1.0,2023-24,0.33,936.0,51.0,50.79
Warden School District (WA),1.0,2024-25,0.33,933.0,54.0,54.49
Washougal School District (WA),1.0,2015-16,0.13,3204.0,164.0,163.81
Washougal School District (WA),1.0,2016-17,0.13,3251.0,162.0,161.9
Washougal School District (WA),2.0,2017-18,0.25,1607.0,86.0,172.42
Washougal School District (WA),3.5,2018-19,0.44,911.0,50.0,176.47
Washougal School District (WA),3.54,2019-20,0.44,911.0,47.0,165.65
Washougal School District (WA),4.0,2020-21,0.44,750.0,41.0,162.16
Washougal School District (WA),4.0,2021-22,0.44,745.0,37.0,149.26
Washougal School District (WA),2.91,2022-23,0.32,985.0,56.0,162.0
Washougal School District (WA),1.0,2023-24,0.11,2825.0,150.0,150.15
Washougal School District (WA),0.0,2024-25,,,,138.4
Washtucna School District (WA),0.0,2015-16,0.0,,,12.5
Washtucna School District (WA),0.0,2016-17,0.0,,,11.45
Washtucna School District (WA),0.0,2017-18,0.0,,,11.44
Washtucna School District (WA),0.0,2018-19,0.0,,,10.04
Washtucna School District (WA),0.0,2019-20,0.0,,,10.49
Washtucna School District (WA),0.0,2020-21,0.0,,,11.04
Washtucna School District (WA),0.0,2021-22,0.0,,,10.0
Washtucna School District (WA),0.0,2022-23,0.0,,,11.0
Washtucna School District (WA),0.0,2023-24,,,,11.1
Washtucna School District (WA),0.0,2024-25,,,,11.1
Waterville School District (WA),0.0,2015-16,0.0,,,20.0
Waterville School District (WA),0.0,2016-17,0.0,,,21.01
Waterville School District (WA),0.0,2017-18,0.0,,,22.02
Waterville School District (WA),0.0,2018-19,0.0,,,20.0
Waterville School District (WA),0.0,2019-20,0.0,,,20.98
Waterville School District (WA),0.0,2020-21,0.0,,,20.72
Waterville School District (WA),0.0,2021-22,0.0,,,20.99
Waterville School District (WA),0.0,2022-23,0.0,,,20.0
Waterville School District (WA),0.0,2023-24,,,,19.19
Waterville School District (WA),0.0,2024-25,,,,15.0
Wellpinit School District (WA),0.0,2015-16,0.0,,,30.62
Wellpinit School District (WA),0.0,2016-17,0.0,,,32.23
Wellpinit School District (WA),0.0,2017-18,0.0,,,29.02
Wellpinit School District (WA),0.0,2018-19,0.0,,,31.39
Wellpinit School District (WA),0.0,2019-20,0.0,,,29.9
Wellpinit School District (WA),0.0,2020-21,0.0,,,32.32
Wellpinit School District (WA),0.0,2021-22,0.0,,,31.56
Wellpinit School District (WA),0.0,2022-23,0.0,,,34.0
Wellpinit School District (WA),0.0,2023-24,,,,29.29
Wellpinit School District (WA),0.0,2024-25,,,,35.55
Wenatchee School District (WA),10.03,2015-16,0.56,796.0,44.0,436.71
Wenatchee School District (WA),9.31,2016-17,0.52,833.0,48.0,443.71
Wenatchee School District (WA),10.01,2017-18,0.56,774.0,45.0,448.61
Wenatchee School District (WA),4.82,2018-19,0.27,1621.0,95.0,455.95
Wenatchee School District (WA),4.07,2019-20,0.23,1918.0,109.0,443.58
Wenatchee School District (WA),4.0,2020-21,0.21,1831.0,114.0,455.88
Wenatchee School District (WA),4.61,2021-22,0.24,1605.0,94.0,433.31
Wenatchee School District (WA),4.33,2022-23,0.23,1697.0,108.0,467.0
Wenatchee School District (WA),2.58,2023-24,0.14,2748.0,172.0,443.18
Wenatchee School District (WA),2.13,2024-25,0.12,3321.0,188.0,400.89
West Valley School District (Spokane) (WA),0.0,2015-16,,,,0.0
West Valley School District (Spokane) (WA),0.0,2016-17,,,,0.0
West Valley School District (Spokane) (WA),0.0,2017-18,,,,0.0
West Valley School District (Spokane) (WA),0.0,2018-19,,,,0.0
West Valley School District (Spokane) (WA),0.0,2019-20,,,,0.0
West Valley School District (Spokane) (WA),0.66,2020-21,0.06,5211.0,308.0,203.28
West Valley School District (Spokane) (WA),0.66,2021-22,0.05,5218.0,288.0,189.99
West Valley School District (Spokane) (WA),0.66,2022-23,0.05,5277.0,288.0,190.0
West Valley School District (Spokane) (WA),0.0,2023-24,,,,0.0
West Valley School District (Spokane) (WA),0.66,2024-25,0.05,5265.0,297.0,196.22
West Valley School District (Yakima) (WA),3.4,2015-16,0.28,1485.0,75.0,255.79
West Valley School District (Yakima) (WA),3.4,2016-17,0.28,1547.0,77.0,262.74
West Valley School District (Yakima) (WA),3.0,2017-18,0.2,1812.0,90.0,270.58
West Valley School District (Yakima) (WA),3.0,2018-19,0.19,1837.0,93.0,279.89
West Valley School District (Yakima) (WA),2.0,2019-20,0.13,2808.0,139.0,277.93
West Valley School District (Yakima) (WA),1.0,2020-21,0.06,5313.0,264.0,264.23
West Valley School District (Yakima) (WA),0.0,2021-22,0.0,,,281.33
West Valley School District (Yakima) (WA),0.0,2022-23,0.0,,,279.0
West Valley School District (Yakima) (WA),0.0,2023-24,,,,289.33
West Valley School District (Yakima) (WA),0.0,2024-25,,,,285.29
White Pass School District (WA),0.0,2015-16,0.0,,,24.72
White Pass School District (WA),0.0,2016-17,0.0,,,24.25
White Pass School District (WA),0.0,2017-18,0.0,,,24.24
White Pass School District (WA),0.0,2018-19,0.0,,,22.37
White Pass School District (WA),0.0,2019-20,0.0,,,22.39
White Pass School District (WA),0.0,2020-21,0.0,,,22.92
White Pass School District (WA),0.0,2021-22,0.0,,,19.39
White Pass School District (WA),0.0,2022-23,0.0,,,21.0
White Pass School District (WA),0.0,2023-24,,,,23.05
White Pass School District (WA),0.0,2024-25,,,,23.2
White River School District (WA),2.0,2015-16,0.22,1815.0,91.0,181.6
White River School District (WA),2.01,2016-17,0.22,1858.0,90.0,181.88
White River School District (WA),2.01,2017-18,0.22,1932.0,93.0,187.4
White River School District (WA),2.3,2018-19,0.26,1778.0,88.0,203.53
White River School District (WA),2.4,2019-20,0.24,1735.0,87.0,208.0
White River School District (WA),0.4,2020-21,0.04,10005.0,518.0,207.32
White River School District (WA),0.57,2021-22,0.06,7598.0,367.0,209.22
White River School District (WA),0.6,2022-23,0.06,7347.0,370.0,222.0
White River School District (WA),0.6,2023-24,0.06,7500.0,383.0,229.93
White River School District (WA),0.6,2024-25,0.06,7458.0,388.0,232.59
White Salmon Valley School District (WA),0.0,2015-16,0.0,,,67.89
White Salmon Valley School District (WA),0.0,2016-17,0.0,,,67.48
White Salmon Valley School District (WA),0.0,2017-18,0.0,,,68.29
White Salmon Valley School District (WA),0.0,2018-19,0.0,,,67.86
White Salmon Valley School District (WA),0.0,2019-20,0.0,,,69.37
White Salmon Valley School District (WA),0.0,2020-21,0.0,,,67.3
White Salmon Valley School District (WA),0.0,2021-22,0.0,,,68.35
White Salmon Valley School District (WA),0.0,2022-23,0.0,,,66.0
White Salmon Valley School District (WA),0.0,2023-24,,,,55.09
White Salmon Valley School District (WA),0.0,2024-25,,,,60.84
Wilbur School District (WA),0.0,2015-16,0.0,,,21.29
Wilbur School District (WA),0.0,2016-17,0.0,,,20.61
Wilbur School District (WA),0.0,2017-18,0.0,,,20.64
Wilbur School District (WA),0.0,2018-19,0.0,,,20.61
Wilbur School District (WA),0.0,2019-20,0.0,,,17.96
Wilbur School District (WA),0.0,2020-21,0.0,,,18.98
Wilbur School District (WA),0.0,2021-22,0.0,,,20.3
Wilbur School District (WA),0.0,2022-23,0.0,,,19.0
Wilbur School District (WA),0.0,2023-24,,,,20.88
Wilbur School District (WA),0.0,2024-25,,,,20.48
Willapa Valley School District (WA),0.0,2015-16,0.0,,,23.99
Willapa Valley School District (WA),0.0,2016-17,0.0,,,22.99
Willapa Valley School District (WA),0.0,2017-18,0.0,,,23.0
Willapa Valley School District (WA),0.0,2018-19,0.0,,,22.0
Willapa Valley School District (WA),0.0,2019-20,0.0,,,23.14
Willapa Valley School District (WA),0.0,2020-21,0.0,,,21.27
Willapa Valley School District (WA),0.0,2021-22,0.0,,,24.59
Willapa Valley School District (WA),0.0,2022-23,0.0,,,25.0
Willapa Valley School District (WA),0.59,2023-24,0.3,625.0,41.0,24.3
Willapa Valley School District (WA),0.2,2024-25,0.1,1720.0,116.0,23.16
Wilson Creek School District (WA),0.0,2015-16,0.0,,,13.0
Wilson Creek School District (WA),0.0,2016-17,0.0,,,13.01
Wilson Creek School District (WA),0.0,2017-18,0.0,,,13.08
Wilson Creek School District (WA),0.0,2018-19,0.0,,,14.9
Wilson Creek School District (WA),0.0,2019-20,0.0,,,14.19
Wilson Creek School District (WA),0.0,2020-21,0.0,,,14.01
Wilson Creek School District (WA),0.0,2021-22,0.0,,,13.92
Wilson Creek School District (WA),0.0,2022-23,0.0,,,14.0
Wilson Creek School District (WA),0.0,2023-24,,,,14.27
Wilson Creek School District (WA),0.0,2024-25,,,,14.07
Winlock School District (WA),0.0,2015-16,0.0,,,37.16
Winlock School District (WA),0.0,2016-17,0.0,,,40.0
Winlock School District (WA),0.0,2017-18,0.0,,,40.49
Winlock School District (WA),0.0,2018-19,0.0,,,43.33
Winlock School District (WA),0.0,2019-20,0.0,,,38.94
Winlock School District (WA),0.0,2020-21,0.0,,,40.67
Winlock School District (WA),0.0,2021-22,0.0,,,47.52
Winlock School District (WA),0.0,2022-23,0.0,,,51.0
Winlock School District (WA),0.0,2023-24,,,,40.95
Winlock School District (WA),0.0,2024-25,,,,41.75
Wishkah Valley School District (WA),0.0,2015-16,0.0,,,14.14
Wishkah Valley School District (WA),0.0,2016-17,0.0,,,14.91
Wishkah Valley School District (WA),0.0,2017-18,0.0,,,14.99
Wishkah Valley School District (WA),0.0,2018-19,0.0,,,15.73
Wishkah Valley School District (WA),0.0,2019-20,0.0,,,14.66
Wishkah Valley School District (WA),0.0,2020-21,0.0,,,15.14
Wishkah Valley School District (WA),0.0,2021-22,0.0,,,14.97
Wishkah Valley School District (WA),0.0,2022-23,0.0,,,14.0
Wishkah Valley School District (WA),0.0,2023-24,,,,16.97
Wishkah Valley School District (WA),0.0,2024-25,,,,17.17
Wishram School District (WA),0.0,2015-16,0.0,,,9.0
Wishram School District (WA),0.0,2016-17,0.0,,,8.69
Wishram School District (WA),0.0,2017-18,0.0,,,9.03
Wishram School District (WA),0.0,2018-19,0.0,,,9.04
Wishram School District (WA),0.0,2019-20,0.0,,,9.04
Wishram School District (WA),0.0,2020-21,0.0,,,8.52
Wishram School District (WA),0.0,2021-22,0.0,,,9.0
Wishram School District (WA),0.0,2022-23,0.0,,,9.0
Wishram School District (WA),0.0,2023-24,,,,9.0
Wishram School District (WA),0.0,2024-25,,,,9.0
Woodland School District (WA),1.0,2015-16,0.14,2342.0,117.0,117.16
Woodland School District (WA),1.0,2016-17,0.14,2420.0,122.0,122.41
Woodland School District (WA),1.12,2017-18,0.16,2221.0,113.0,126.76
Woodland School District (WA),1.14,2018-19,0.16,2211.0,116.0,131.92
Woodland School District (WA),0.98,2019-20,0.14,2585.0,134.0,131.67
Woodland School District (WA),0.84,2020-21,0.12,2875.0,157.0,132.07
Woodland School District (WA),1.22,2021-22,0.17,1937.0,102.0,124.17
Woodland School District (WA),0.9,2022-23,0.13,2702.0,157.0,141.0
Woodland School District (WA),1.1,2023-24,0.16,2185.0,120.0,131.57
Woodland School District (WA),1.0,2024-25,0.14,2429.0,129.0,129.28
Yakima School District (WA),19.5,2015-16,0.67,832.0,44.0,855.35
Yakima School District (WA),10.86,2016-17,0.37,1503.0,80.0,866.61
Yakima School District (WA),10.86,2017-18,0.37,1505.0,79.0,863.15
Yakima School District (WA),10.86,2018-19,0.37,1508.0,80.0,867.23
Yakima School District (WA),10.86,2019-20,0.37,1510.0,79.0,857.44
Yakima School District (WA),9.5,2020-21,0.33,1669.0,92.0,873.56
Yakima School District (WA),10.83,2021-22,0.37,1477.0,82.0,882.89
Yakima School District (WA),10.65,2022-23,0.37,1460.0,86.0,921.0
Yakima School District (WA),11.2,2023-24,0.39,1388.0,85.0,952.28
Yakima School District (WA),14.3,2024-25,0.49,1083.0,61.0,875.28
Yelm School District (WA),2.4,2015-16,0.24,2376.0,124.0,297.96
Yelm School District (WA),2.85,2016-17,0.29,2055.0,108.0,306.44
Yelm School District (WA),2.82,2017-18,0.28,2060.0,109.0,306.38
Yelm School District (WA),2.42,2018-19,0.24,2415.0,130.0,315.21
Yelm School District (WA),2.6,2019-20,0.26,2265.0,120.0,310.87
Yelm School District (WA),2.6,2020-21,0.26,2083.0,118.0,306.68
Yelm School District (WA),2.6,2021-22,0.26,2089.0,127.0,329.33
Yelm School District (WA),2.6,2022-23,0.26,2180.0,124.0,323.0
Yelm School District (WA),3.6,2023-24,0.36,1594.0,89.0,319.53
Yelm School District (WA),0.0,2024-25,,,,283.44
Zillah School District (WA),0.0,2015-16,0.0,,,72.99
Zillah School District (WA),0.0,2016-17,0.0,,,75.0
Zillah School District (WA),0.0,2017-18,0.0,,,73.99
Zillah School District (WA),0.0,2018-19,0.0,,,75.07
Zillah School District (WA),0.0,2019-20,0.0,,,75.02
Zillah School District (WA),0.0,2020-21,0.0,,,72.02
Zillah School District (WA),0.0,2021-22,0.0,,,69.73
Zillah School District (WA),0.0,2022-23,0.0,,,75.0
Zillah School District (WA),0.0,2023-24,,,,73.27
Zillah School District (WA),0.0,2024-25,,,,74.31
